ISO-10303-21;
HEADER;
FILE_DESCRIPTION(('Open CASCADE Model'),'2;1');
FILE_NAME('Open CASCADE Shape Model','2026-09-21T02:46:39',('Author'),(
    'Open CASCADE'),'Open CASCADE STEP processor 7.9','Open CASCADE 7.9'
  ,'Unknown');
FILE_SCHEMA(('AUTOMOTIVE_DESIGN { 1 0 10303 214 1 1 1 1 }'));
ENDSEC;
DATA;
#1 = APPLICATION_PROTOCOL_DEFINITION('international standard',
  'automotive_design',2000,#2);
#2 = APPLICATION_CONTEXT(
  'core data for automotive mechanical design processes');
#3 = SHAPE_DEFINITION_REPRESENTATION(#4,#10);
#4 = PRODUCT_DEFINITION_SHAPE('','',#5);
#5 = PRODUCT_DEFINITION('design','',#6,#9);
#6 = PRODUCT_DEFINITION_FORMATION('','',#7);
#7 = PRODUCT('Open CASCADE STEP translator 7.9 1',
  'Open CASCADE STEP translator 7.9 1','',(#8));
#8 = PRODUCT_CONTEXT('',#2,'mechanical');
#9 = PRODUCT_DEFINITION_CONTEXT('part definition',#2,'design');
#10 = ADVANCED_BREP_SHAPE_REPRESENTATION('',(#11,#15),#3485);
#11 = AXIS2_PLACEMENT_3D('',#12,#13,#14);
#12 = CARTESIAN_POINT('',(0.,0.,0.));
#13 = DIRECTION('',(0.,0.,1.));
#14 = DIRECTION('',(1.,0.,-0.));
#15 = BREP_WITH_VOIDS('',#16,(#3387));
#16 = CLOSED_SHELL('',(#17,#845,#1008,#1110,#1157,#1232,#1386,#1411,
    #1480,#1530,#1577,#1609,#1678,#1728,#1775,#1807,#1876,#1926,#1973,
    #2005,#2074,#2124,#2171,#2203,#2272,#2322,#2369,#2401,#2428,#2455,
    #2482,#2509,#2536,#2681,#2716,#2751,#2806,#2860,#2899,#2958,#3013,
    #3048,#3083,#3142,#3201,#3236,#3271,#3326,#3380));
#17 = ADVANCED_FACE('',(#18,#285,#397,#509,#621,#733),#31,.T.);
#18 = FACE_BOUND('',#19,.F.);
#19 = EDGE_LOOP('',(#20,#54,#77,#106,#132,#161,#184,#211,#212,#236,#262,
    #284));
#20 = ORIENTED_EDGE('',*,*,#21,.F.);
#21 = EDGE_CURVE('',#22,#22,#24,.T.);
#22 = VERTEX_POINT('',#23);
#23 = CARTESIAN_POINT('',(72.,0.,35.));
#24 = SURFACE_CURVE('',#25,(#30,#42),.PCURVE_S1.);
#25 = CIRCLE('',#26,72.);
#26 = AXIS2_PLACEMENT_3D('',#27,#28,#29);
#27 = CARTESIAN_POINT('',(0.,0.,35.));
#28 = DIRECTION('',(0.,0.,1.));
#29 = DIRECTION('',(1.,0.,0.));
#30 = PCURVE('',#31,#36);
#31 = CYLINDRICAL_SURFACE('',#32,72.);
#32 = AXIS2_PLACEMENT_3D('',#33,#34,#35);
#33 = CARTESIAN_POINT('',(0.,0.,35.));
#34 = DIRECTION('',(-0.,-0.,-1.));
#35 = DIRECTION('',(1.,0.,0.));
#36 = DEFINITIONAL_REPRESENTATION('',(#37),#41);
#37 = LINE('',#38,#39);
#38 = CARTESIAN_POINT('',(-0.,0.));
#39 = VECTOR('',#40,1.);
#40 = DIRECTION('',(-1.,0.));
#41 = ( GEOMETRIC_REPRESENTATION_CONTEXT(2) 
PARAMETRIC_REPRESENTATION_CONTEXT() REPRESENTATION_CONTEXT('2D SPACE',''
  ) );
#42 = PCURVE('',#43,#48);
#43 = PLANE('',#44);
#44 = AXIS2_PLACEMENT_3D('',#45,#46,#47);
#45 = CARTESIAN_POINT('',(-2.43100468007E-15,1.922857042187E-15,35.));
#46 = DIRECTION('',(0.,0.,1.));
#47 = DIRECTION('',(1.,0.,-0.));
#48 = DEFINITIONAL_REPRESENTATION('',(#49),#53);
#49 = CIRCLE('',#50,72.);
#50 = AXIS2_PLACEMENT_2D('',#51,#52);
#51 = CARTESIAN_POINT('',(2.43100468007E-15,-1.922857042187E-15));
#52 = DIRECTION('',(1.,0.));
#53 = ( GEOMETRIC_REPRESENTATION_CONTEXT(2) 
PARAMETRIC_REPRESENTATION_CONTEXT() REPRESENTATION_CONTEXT('2D SPACE',''
  ) );
#54 = ORIENTED_EDGE('',*,*,#55,.T.);
#55 = EDGE_CURVE('',#22,#56,#58,.T.);
#56 = VERTEX_POINT('',#57);
#57 = CARTESIAN_POINT('',(72.,0.,48.));
#58 = SEAM_CURVE('',#59,(#63,#70),.PCURVE_S1.);
#59 = LINE('',#60,#61);
#60 = CARTESIAN_POINT('',(72.,0.,35.));
#61 = VECTOR('',#62,1.);
#62 = DIRECTION('',(0.,0.,1.));
#63 = PCURVE('',#31,#64);
#64 = DEFINITIONAL_REPRESENTATION('',(#65),#69);
#65 = LINE('',#66,#67);
#66 = CARTESIAN_POINT('',(-6.28318530718,0.));
#67 = VECTOR('',#68,1.);
#68 = DIRECTION('',(-0.,-1.));
#69 = ( GEOMETRIC_REPRESENTATION_CONTEXT(2) 
PARAMETRIC_REPRESENTATION_CONTEXT() REPRESENTATION_CONTEXT('2D SPACE',''
  ) );
#70 = PCURVE('',#31,#71);
#71 = DEFINITIONAL_REPRESENTATION('',(#72),#76);
#72 = LINE('',#73,#74);
#73 = CARTESIAN_POINT('',(-0.,0.));
#74 = VECTOR('',#75,1.);
#75 = DIRECTION('',(-0.,-1.));
#76 = ( GEOMETRIC_REPRESENTATION_CONTEXT(2) 
PARAMETRIC_REPRESENTATION_CONTEXT() REPRESENTATION_CONTEXT('2D SPACE',''
  ) );
#77 = ORIENTED_EDGE('',*,*,#78,.F.);
#78 = EDGE_CURVE('',#79,#56,#81,.T.);
#79 = VERTEX_POINT('',#80);
#80 = CARTESIAN_POINT('',(71.359897299402,9.579407988949,48.));
#81 = SURFACE_CURVE('',#82,(#87,#94),.PCURVE_S1.);
#82 = CIRCLE('',#83,72.);
#83 = AXIS2_PLACEMENT_3D('',#84,#85,#86);
#84 = CARTESIAN_POINT('',(0.,0.,48.));
#85 = DIRECTION('',(0.,0.,-1.));
#86 = DIRECTION('',(1.,0.,0.));
#87 = PCURVE('',#31,#88);
#88 = DEFINITIONAL_REPRESENTATION('',(#89),#93);
#89 = LINE('',#90,#91);
#90 = CARTESIAN_POINT('',(-6.28318530718,-13.));
#91 = VECTOR('',#92,1.);
#92 = DIRECTION('',(1.,-0.));
#93 = ( GEOMETRIC_REPRESENTATION_CONTEXT(2) 
PARAMETRIC_REPRESENTATION_CONTEXT() REPRESENTATION_CONTEXT('2D SPACE',''
  ) );
#94 = PCURVE('',#95,#100);
#95 = PLANE('',#96);
#96 = AXIS2_PLACEMENT_3D('',#97,#98,#99);
#97 = CARTESIAN_POINT('',(112.15064808157,-3.595593815391E-16,48.));
#98 = DIRECTION('',(-0.,-0.,-1.));
#99 = DIRECTION('',(-1.,0.,0.));
#100 = DEFINITIONAL_REPRESENTATION('',(#101),#105);
#101 = CIRCLE('',#102,72.);
#102 = AXIS2_PLACEMENT_2D('',#103,#104);
#103 = CARTESIAN_POINT('',(112.15064808157,3.595593815391E-16));
#104 = DIRECTION('',(-1.,0.));
#105 = ( GEOMETRIC_REPRESENTATION_CONTEXT(2) 
PARAMETRIC_REPRESENTATION_CONTEXT() REPRESENTATION_CONTEXT('2D SPACE',''
  ) );
#106 = ORIENTED_EDGE('',*,*,#107,.F.);
#107 = EDGE_CURVE('',#108,#79,#110,.T.);
#108 = VERTEX_POINT('',#109);
#109 = CARTESIAN_POINT('',(71.359897299402,9.579407988949,68.));
#110 = SURFACE_CURVE('',#111,(#115,#121),.PCURVE_S1.);
#111 = LINE('',#112,#113);
#112 = CARTESIAN_POINT('',(71.359897299402,9.579407988949,35.));
#113 = VECTOR('',#114,1.);
#114 = DIRECTION('',(-0.,-0.,-1.));
#115 = PCURVE('',#31,#116);
#116 = DEFINITIONAL_REPRESENTATION('',(#117),#120);
#117 = B_SPLINE_CURVE_WITH_KNOTS('',1,(#118,#119),.UNSPECIFIED.,.F.,.F.,
  (2,2),(-35.,-11.),.PIECEWISE_BEZIER_KNOTS.);
#118 = CARTESIAN_POINT('',(-0.133443018224,-35.));
#119 = CARTESIAN_POINT('',(-0.133443018224,-11.));
#120 = ( GEOMETRIC_REPRESENTATION_CONTEXT(2) 
PARAMETRIC_REPRESENTATION_CONTEXT() REPRESENTATION_CONTEXT('2D SPACE',''
  ) );
#121 = PCURVE('',#122,#127);
#122 = PLANE('',#123);
#123 = AXIS2_PLACEMENT_3D('',#124,#125,#126);
#124 = CARTESIAN_POINT('',(42.,8.5,48.));
#125 = DIRECTION('',(-3.673988465193E-02,0.999324862533,0.));
#126 = DIRECTION('',(0.999324862533,3.673988465193E-02,0.));
#127 = DEFINITIONAL_REPRESENTATION('',(#128),#131);
#128 = B_SPLINE_CURVE_WITH_KNOTS('',1,(#129,#130),.UNSPECIFIED.,.F.,.F.,
  (2,2),(-35.,-11.),.PIECEWISE_BEZIER_KNOTS.);
#129 = CARTESIAN_POINT('',(29.379732657702,-22.));
#130 = CARTESIAN_POINT('',(29.379732657702,2.));
#131 = ( GEOMETRIC_REPRESENTATION_CONTEXT(2) 
PARAMETRIC_REPRESENTATION_CONTEXT() REPRESENTATION_CONTEXT('2D SPACE',''
  ) );
#132 = ORIENTED_EDGE('',*,*,#133,.T.);
#133 = EDGE_CURVE('',#108,#134,#136,.T.);
#134 = VERTEX_POINT('',#135);
#135 = CARTESIAN_POINT('',(72.,0.,68.));
#136 = SURFACE_CURVE('',#137,(#142,#149),.PCURVE_S1.);
#137 = CIRCLE('',#138,72.);
#138 = AXIS2_PLACEMENT_3D('',#139,#140,#141);
#139 = CARTESIAN_POINT('',(0.,0.,68.));
#140 = DIRECTION('',(0.,0.,-1.));
#141 = DIRECTION('',(1.,0.,0.));
#142 = PCURVE('',#31,#143);
#143 = DEFINITIONAL_REPRESENTATION('',(#144),#148);
#144 = LINE('',#145,#146);
#145 = CARTESIAN_POINT('',(-6.28318530718,-33.));
#146 = VECTOR('',#147,1.);
#147 = DIRECTION('',(1.,-0.));
#148 = ( GEOMETRIC_REPRESENTATION_CONTEXT(2) 
PARAMETRIC_REPRESENTATION_CONTEXT() REPRESENTATION_CONTEXT('2D SPACE',''
  ) );
#149 = PCURVE('',#150,#155);
#150 = PLANE('',#151);
#151 = AXIS2_PLACEMENT_3D('',#152,#153,#154);
#152 = CARTESIAN_POINT('',(112.15064808157,-3.595593815391E-16,68.));
#153 = DIRECTION('',(-0.,-0.,-1.));
#154 = DIRECTION('',(-1.,0.,0.));
#155 = DEFINITIONAL_REPRESENTATION('',(#156),#160);
#156 = CIRCLE('',#157,72.);
#157 = AXIS2_PLACEMENT_2D('',#158,#159);
#158 = CARTESIAN_POINT('',(112.15064808157,3.595593815391E-16));
#159 = DIRECTION('',(-1.,0.));
#160 = ( GEOMETRIC_REPRESENTATION_CONTEXT(2) 
PARAMETRIC_REPRESENTATION_CONTEXT() REPRESENTATION_CONTEXT('2D SPACE',''
  ) );
#161 = ORIENTED_EDGE('',*,*,#162,.T.);
#162 = EDGE_CURVE('',#134,#163,#165,.T.);
#163 = VERTEX_POINT('',#164);
#164 = CARTESIAN_POINT('',(72.,0.,77.));
#165 = SEAM_CURVE('',#166,(#170,#177),.PCURVE_S1.);
#166 = LINE('',#167,#168);
#167 = CARTESIAN_POINT('',(72.,0.,35.));
#168 = VECTOR('',#169,1.);
#169 = DIRECTION('',(0.,0.,1.));
#170 = PCURVE('',#31,#171);
#171 = DEFINITIONAL_REPRESENTATION('',(#172),#176);
#172 = LINE('',#173,#174);
#173 = CARTESIAN_POINT('',(-6.28318530718,0.));
#174 = VECTOR('',#175,1.);
#175 = DIRECTION('',(-0.,-1.));
#176 = ( GEOMETRIC_REPRESENTATION_CONTEXT(2) 
PARAMETRIC_REPRESENTATION_CONTEXT() REPRESENTATION_CONTEXT('2D SPACE',''
  ) );
#177 = PCURVE('',#31,#178);
#178 = DEFINITIONAL_REPRESENTATION('',(#179),#183);
#179 = LINE('',#180,#181);
#180 = CARTESIAN_POINT('',(-0.,0.));
#181 = VECTOR('',#182,1.);
#182 = DIRECTION('',(-0.,-1.));
#183 = ( GEOMETRIC_REPRESENTATION_CONTEXT(2) 
PARAMETRIC_REPRESENTATION_CONTEXT() REPRESENTATION_CONTEXT('2D SPACE',''
  ) );
#184 = ORIENTED_EDGE('',*,*,#185,.T.);
#185 = EDGE_CURVE('',#163,#163,#186,.T.);
#186 = SURFACE_CURVE('',#187,(#192,#199),.PCURVE_S1.);
#187 = CIRCLE('',#188,72.);
#188 = AXIS2_PLACEMENT_3D('',#189,#190,#191);
#189 = CARTESIAN_POINT('',(0.,0.,77.));
#190 = DIRECTION('',(0.,0.,1.));
#191 = DIRECTION('',(1.,0.,0.));
#192 = PCURVE('',#31,#193);
#193 = DEFINITIONAL_REPRESENTATION('',(#194),#198);
#194 = LINE('',#195,#196);
#195 = CARTESIAN_POINT('',(-0.,-42.));
#196 = VECTOR('',#197,1.);
#197 = DIRECTION('',(-1.,0.));
#198 = ( GEOMETRIC_REPRESENTATION_CONTEXT(2) 
PARAMETRIC_REPRESENTATION_CONTEXT() REPRESENTATION_CONTEXT('2D SPACE',''
  ) );
#199 = PCURVE('',#200,#205);
#200 = PLANE('',#201);
#201 = AXIS2_PLACEMENT_3D('',#202,#203,#204);
#202 = CARTESIAN_POINT('',(-2.43100468007E-15,1.922857042187E-15,77.));
#203 = DIRECTION('',(0.,0.,1.));
#204 = DIRECTION('',(1.,0.,-0.));
#205 = DEFINITIONAL_REPRESENTATION('',(#206),#210);
#206 = CIRCLE('',#207,72.);
#207 = AXIS2_PLACEMENT_2D('',#208,#209);
#208 = CARTESIAN_POINT('',(2.43100468007E-15,-1.922857042187E-15));
#209 = DIRECTION('',(1.,0.));
#210 = ( GEOMETRIC_REPRESENTATION_CONTEXT(2) 
PARAMETRIC_REPRESENTATION_CONTEXT() REPRESENTATION_CONTEXT('2D SPACE',''
  ) );
#211 = ORIENTED_EDGE('',*,*,#162,.F.);
#212 = ORIENTED_EDGE('',*,*,#213,.T.);
#213 = EDGE_CURVE('',#134,#214,#216,.T.);
#214 = VERTEX_POINT('',#215);
#215 = CARTESIAN_POINT('',(71.359897299402,-9.579407988949,68.));
#216 = SURFACE_CURVE('',#217,(#222,#229),.PCURVE_S1.);
#217 = CIRCLE('',#218,72.);
#218 = AXIS2_PLACEMENT_3D('',#219,#220,#221);
#219 = CARTESIAN_POINT('',(0.,0.,68.));
#220 = DIRECTION('',(0.,0.,-1.));
#221 = DIRECTION('',(1.,0.,0.));
#222 = PCURVE('',#31,#223);
#223 = DEFINITIONAL_REPRESENTATION('',(#224),#228);
#224 = LINE('',#225,#226);
#225 = CARTESIAN_POINT('',(-6.28318530718,-33.));
#226 = VECTOR('',#227,1.);
#227 = DIRECTION('',(1.,-0.));
#228 = ( GEOMETRIC_REPRESENTATION_CONTEXT(2) 
PARAMETRIC_REPRESENTATION_CONTEXT() REPRESENTATION_CONTEXT('2D SPACE',''
  ) );
#229 = PCURVE('',#150,#230);
#230 = DEFINITIONAL_REPRESENTATION('',(#231),#235);
#231 = CIRCLE('',#232,72.);
#232 = AXIS2_PLACEMENT_2D('',#233,#234);
#233 = CARTESIAN_POINT('',(112.15064808157,3.595593815391E-16));
#234 = DIRECTION('',(-1.,0.));
#235 = ( GEOMETRIC_REPRESENTATION_CONTEXT(2) 
PARAMETRIC_REPRESENTATION_CONTEXT() REPRESENTATION_CONTEXT('2D SPACE',''
  ) );
#236 = ORIENTED_EDGE('',*,*,#237,.T.);
#237 = EDGE_CURVE('',#214,#238,#240,.T.);
#238 = VERTEX_POINT('',#239);
#239 = CARTESIAN_POINT('',(71.359897299402,-9.579407988949,48.));
#240 = SURFACE_CURVE('',#241,(#245,#251),.PCURVE_S1.);
#241 = LINE('',#242,#243);
#242 = CARTESIAN_POINT('',(71.359897299402,-9.579407988949,35.));
#243 = VECTOR('',#244,1.);
#244 = DIRECTION('',(-0.,-0.,-1.));
#245 = PCURVE('',#31,#246);
#246 = DEFINITIONAL_REPRESENTATION('',(#247),#250);
#247 = B_SPLINE_CURVE_WITH_KNOTS('',1,(#248,#249),.UNSPECIFIED.,.F.,.F.,
  (2,2),(-35.,-11.),.PIECEWISE_BEZIER_KNOTS.);
#248 = CARTESIAN_POINT('',(-6.149742288956,-35.));
#249 = CARTESIAN_POINT('',(-6.149742288956,-11.));
#250 = ( GEOMETRIC_REPRESENTATION_CONTEXT(2) 
PARAMETRIC_REPRESENTATION_CONTEXT() REPRESENTATION_CONTEXT('2D SPACE',''
  ) );
#251 = PCURVE('',#252,#257);
#252 = PLANE('',#253);
#253 = AXIS2_PLACEMENT_3D('',#254,#255,#256);
#254 = CARTESIAN_POINT('',(178.,-13.5,48.));
#255 = DIRECTION('',(-3.673988465193E-02,-0.999324862533,0.));
#256 = DIRECTION('',(-0.999324862533,3.673988465193E-02,0.));
#257 = DEFINITIONAL_REPRESENTATION('',(#258),#261);
#258 = B_SPLINE_CURVE_WITH_KNOTS('',1,(#259,#260),.UNSPECIFIED.,.F.,.F.,
  (2,2),(-35.,-11.),.PIECEWISE_BEZIER_KNOTS.);
#259 = CARTESIAN_POINT('',(106.71214806998,-22.));
#260 = CARTESIAN_POINT('',(106.71214806998,2.));
#261 = ( GEOMETRIC_REPRESENTATION_CONTEXT(2) 
PARAMETRIC_REPRESENTATION_CONTEXT() REPRESENTATION_CONTEXT('2D SPACE',''
  ) );
#262 = ORIENTED_EDGE('',*,*,#263,.F.);
#263 = EDGE_CURVE('',#56,#238,#264,.T.);
#264 = SURFACE_CURVE('',#265,(#270,#277),.PCURVE_S1.);
#265 = CIRCLE('',#266,72.);
#266 = AXIS2_PLACEMENT_3D('',#267,#268,#269);
#267 = CARTESIAN_POINT('',(0.,0.,48.));
#268 = DIRECTION('',(0.,0.,-1.));
#269 = DIRECTION('',(1.,0.,0.));
#270 = PCURVE('',#31,#271);
#271 = DEFINITIONAL_REPRESENTATION('',(#272),#276);
#272 = LINE('',#273,#274);
#273 = CARTESIAN_POINT('',(-6.28318530718,-13.));
#274 = VECTOR('',#275,1.);
#275 = DIRECTION('',(1.,-0.));
#276 = ( GEOMETRIC_REPRESENTATION_CONTEXT(2) 
PARAMETRIC_REPRESENTATION_CONTEXT() REPRESENTATION_CONTEXT('2D SPACE',''
  ) );
#277 = PCURVE('',#95,#278);
#278 = DEFINITIONAL_REPRESENTATION('',(#279),#283);
#279 = CIRCLE('',#280,72.);
#280 = AXIS2_PLACEMENT_2D('',#281,#282);
#281 = CARTESIAN_POINT('',(112.15064808157,3.595593815391E-16));
#282 = DIRECTION('',(-1.,0.));
#283 = ( GEOMETRIC_REPRESENTATION_CONTEXT(2) 
PARAMETRIC_REPRESENTATION_CONTEXT() REPRESENTATION_CONTEXT('2D SPACE',''
  ) );
#284 = ORIENTED_EDGE('',*,*,#55,.F.);
#285 = FACE_BOUND('',#286,.F.);
#286 = EDGE_LOOP('',(#287,#315,#344,#370));
#287 = ORIENTED_EDGE('',*,*,#288,.F.);
#288 = EDGE_CURVE('',#289,#291,#293,.T.);
#289 = VERTEX_POINT('',#290);
#290 = CARTESIAN_POINT('',(27.383937978056,66.589187867205,68.));
#291 = VERTEX_POINT('',#292);
#292 = CARTESIAN_POINT('',(27.383937978056,66.589187867205,48.));
#293 = SURFACE_CURVE('',#294,(#298,#304),.PCURVE_S1.);
#294 = LINE('',#295,#296);
#295 = CARTESIAN_POINT('',(27.383937978056,66.589187867205,35.));
#296 = VECTOR('',#297,1.);
#297 = DIRECTION('',(-0.,-0.,-1.));
#298 = PCURVE('',#31,#299);
#299 = DEFINITIONAL_REPRESENTATION('',(#300),#303);
#300 = B_SPLINE_CURVE_WITH_KNOTS('',1,(#301,#302),.UNSPECIFIED.,.F.,.F.,
  (2,2),(-35.,-11.),.PIECEWISE_BEZIER_KNOTS.);
#301 = CARTESIAN_POINT('',(-1.180640569421,-35.));
#302 = CARTESIAN_POINT('',(-1.180640569421,-11.));
#303 = ( GEOMETRIC_REPRESENTATION_CONTEXT(2) 
PARAMETRIC_REPRESENTATION_CONTEXT() REPRESENTATION_CONTEXT('2D SPACE',''
  ) );
#304 = PCURVE('',#305,#310);
#305 = PLANE('',#306);
#306 = AXIS2_PLACEMENT_3D('',#307,#308,#309);
#307 = CARTESIAN_POINT('',(13.638784067832,40.623066958946,48.));
#308 = DIRECTION('',(-0.883810659913,0.467844757826,0.));
#309 = DIRECTION('',(0.467844757826,0.883810659913,0.));
#310 = DEFINITIONAL_REPRESENTATION('',(#311),#314);
#311 = B_SPLINE_CURVE_WITH_KNOTS('',1,(#312,#313),.UNSPECIFIED.,.F.,.F.,
  (2,2),(-35.,-11.),.PIECEWISE_BEZIER_KNOTS.);
#312 = CARTESIAN_POINT('',(29.379732657702,-22.));
#313 = CARTESIAN_POINT('',(29.379732657702,2.));
#314 = ( GEOMETRIC_REPRESENTATION_CONTEXT(2) 
PARAMETRIC_REPRESENTATION_CONTEXT() REPRESENTATION_CONTEXT('2D SPACE',''
  ) );
#315 = ORIENTED_EDGE('',*,*,#316,.T.);
#316 = EDGE_CURVE('',#289,#317,#319,.T.);
#317 = VERTEX_POINT('',#318);
#318 = CARTESIAN_POINT('',(43.975959321346,57.009779878257,68.));
#319 = SURFACE_CURVE('',#320,(#325,#332),.PCURVE_S1.);
#320 = CIRCLE('',#321,72.);
#321 = AXIS2_PLACEMENT_3D('',#322,#323,#324);
#322 = CARTESIAN_POINT('',(0.,0.,68.));
#323 = DIRECTION('',(0.,0.,-1.));
#324 = DIRECTION('',(1.,0.,0.));
#325 = PCURVE('',#31,#326);
#326 = DEFINITIONAL_REPRESENTATION('',(#327),#331);
#327 = LINE('',#328,#329);
#328 = CARTESIAN_POINT('',(-6.28318530718,-33.));
#329 = VECTOR('',#330,1.);
#330 = DIRECTION('',(1.,-0.));
#331 = ( GEOMETRIC_REPRESENTATION_CONTEXT(2) 
PARAMETRIC_REPRESENTATION_CONTEXT() REPRESENTATION_CONTEXT('2D SPACE',''
  ) );
#332 = PCURVE('',#333,#338);
#333 = PLANE('',#334);
#334 = AXIS2_PLACEMENT_3D('',#335,#336,#337);
#335 = CARTESIAN_POINT('',(56.075324040789,97.125310289535,68.));
#336 = DIRECTION('',(-0.,-0.,-1.));
#337 = DIRECTION('',(-1.,0.,0.));
#338 = DEFINITIONAL_REPRESENTATION('',(#339),#343);
#339 = CIRCLE('',#340,72.);
#340 = AXIS2_PLACEMENT_2D('',#341,#342);
#341 = CARTESIAN_POINT('',(56.075324040789,-97.12531028953));
#342 = DIRECTION('',(-1.,0.));
#343 = ( GEOMETRIC_REPRESENTATION_CONTEXT(2) 
PARAMETRIC_REPRESENTATION_CONTEXT() REPRESENTATION_CONTEXT('2D SPACE',''
  ) );
#344 = ORIENTED_EDGE('',*,*,#345,.T.);
#345 = EDGE_CURVE('',#317,#346,#348,.T.);
#346 = VERTEX_POINT('',#347);
#347 = CARTESIAN_POINT('',(43.975959321346,57.009779878257,48.));
#348 = SURFACE_CURVE('',#349,(#353,#359),.PCURVE_S1.);
#349 = LINE('',#350,#351);
#350 = CARTESIAN_POINT('',(43.975959321346,57.009779878257,35.));
#351 = VECTOR('',#352,1.);
#352 = DIRECTION('',(-0.,-0.,-1.));
#353 = PCURVE('',#31,#354);
#354 = DEFINITIONAL_REPRESENTATION('',(#355),#358);
#355 = B_SPLINE_CURVE_WITH_KNOTS('',1,(#356,#357),.UNSPECIFIED.,.F.,.F.,
  (2,2),(-35.,-11.),.PIECEWISE_BEZIER_KNOTS.);
#356 = CARTESIAN_POINT('',(-0.913754532973,-35.));
#357 = CARTESIAN_POINT('',(-0.913754532973,-11.));
#358 = ( GEOMETRIC_REPRESENTATION_CONTEXT(2) 
PARAMETRIC_REPRESENTATION_CONTEXT() REPRESENTATION_CONTEXT('2D SPACE',''
  ) );
#359 = PCURVE('',#360,#365);
#360 = PLANE('',#361);
#361 = AXIS2_PLACEMENT_3D('',#362,#363,#364);
#362 = CARTESIAN_POINT('',(100.69134295109,147.40252187363,48.));
#363 = DIRECTION('',(0.847070775261,-0.531480104707,0.));
#364 = DIRECTION('',(-0.531480104707,-0.847070775261,0.));
#365 = DEFINITIONAL_REPRESENTATION('',(#366),#369);
#366 = B_SPLINE_CURVE_WITH_KNOTS('',1,(#367,#368),.UNSPECIFIED.,.F.,.F.,
  (2,2),(-35.,-11.),.PIECEWISE_BEZIER_KNOTS.);
#367 = CARTESIAN_POINT('',(106.71214806998,-22.));
#368 = CARTESIAN_POINT('',(106.71214806998,2.));
#369 = ( GEOMETRIC_REPRESENTATION_CONTEXT(2) 
PARAMETRIC_REPRESENTATION_CONTEXT() REPRESENTATION_CONTEXT('2D SPACE',''
  ) );
#370 = ORIENTED_EDGE('',*,*,#371,.F.);
#371 = EDGE_CURVE('',#291,#346,#372,.T.);
#372 = SURFACE_CURVE('',#373,(#378,#385),.PCURVE_S1.);
#373 = CIRCLE('',#374,72.);
#374 = AXIS2_PLACEMENT_3D('',#375,#376,#377);
#375 = CARTESIAN_POINT('',(0.,0.,48.));
#376 = DIRECTION('',(0.,0.,-1.));
#377 = DIRECTION('',(1.,0.,0.));
#378 = PCURVE('',#31,#379);
#379 = DEFINITIONAL_REPRESENTATION('',(#380),#384);
#380 = LINE('',#381,#382);
#381 = CARTESIAN_POINT('',(-6.28318530718,-13.));
#382 = VECTOR('',#383,1.);
#383 = DIRECTION('',(1.,-0.));
#384 = ( GEOMETRIC_REPRESENTATION_CONTEXT(2) 
PARAMETRIC_REPRESENTATION_CONTEXT() REPRESENTATION_CONTEXT('2D SPACE',''
  ) );
#385 = PCURVE('',#386,#391);
#386 = PLANE('',#387);
#387 = AXIS2_PLACEMENT_3D('',#388,#389,#390);
#388 = CARTESIAN_POINT('',(56.075324040789,97.125310289535,48.));
#389 = DIRECTION('',(-0.,-0.,-1.));
#390 = DIRECTION('',(-1.,0.,0.));
#391 = DEFINITIONAL_REPRESENTATION('',(#392),#396);
#392 = CIRCLE('',#393,72.);
#393 = AXIS2_PLACEMENT_2D('',#394,#395);
#394 = CARTESIAN_POINT('',(56.075324040789,-97.12531028953));
#395 = DIRECTION('',(-1.,0.));
#396 = ( GEOMETRIC_REPRESENTATION_CONTEXT(2) 
PARAMETRIC_REPRESENTATION_CONTEXT() REPRESENTATION_CONTEXT('2D SPACE',''
  ) );
#397 = FACE_BOUND('',#398,.F.);
#398 = EDGE_LOOP('',(#399,#427,#456,#482));
#399 = ORIENTED_EDGE('',*,*,#400,.F.);
#400 = EDGE_CURVE('',#401,#403,#405,.T.);
#401 = VERTEX_POINT('',#402);
#402 = CARTESIAN_POINT('',(-43.97595932134,57.009779878257,68.));
#403 = VERTEX_POINT('',#404);
#404 = CARTESIAN_POINT('',(-43.97595932134,57.009779878257,48.));
#405 = SURFACE_CURVE('',#406,(#410,#416),.PCURVE_S1.);
#406 = LINE('',#407,#408);
#407 = CARTESIAN_POINT('',(-43.97595932134,57.009779878257,35.));
#408 = VECTOR('',#409,1.);
#409 = DIRECTION('',(-0.,-0.,-1.));
#410 = PCURVE('',#31,#411);
#411 = DEFINITIONAL_REPRESENTATION('',(#412),#415);
#412 = B_SPLINE_CURVE_WITH_KNOTS('',1,(#413,#414),.UNSPECIFIED.,.F.,.F.,
  (2,2),(-35.,-11.),.PIECEWISE_BEZIER_KNOTS.);
#413 = CARTESIAN_POINT('',(-2.227838120617,-35.));
#414 = CARTESIAN_POINT('',(-2.227838120617,-11.));
#415 = ( GEOMETRIC_REPRESENTATION_CONTEXT(2) 
PARAMETRIC_REPRESENTATION_CONTEXT() REPRESENTATION_CONTEXT('2D SPACE',''
  ) );
#416 = PCURVE('',#417,#422);
#417 = PLANE('',#418);
#418 = AXIS2_PLACEMENT_3D('',#419,#420,#421);
#419 = CARTESIAN_POINT('',(-28.36121593216,32.123066958946,48.));
#420 = DIRECTION('',(-0.847070775261,-0.531480104707,0.));
#421 = DIRECTION('',(-0.531480104707,0.847070775261,0.));
#422 = DEFINITIONAL_REPRESENTATION('',(#423),#426);
#423 = B_SPLINE_CURVE_WITH_KNOTS('',1,(#424,#425),.UNSPECIFIED.,.F.,.F.,
  (2,2),(-35.,-11.),.PIECEWISE_BEZIER_KNOTS.);
#424 = CARTESIAN_POINT('',(29.379732657702,-22.));
#425 = CARTESIAN_POINT('',(29.379732657702,2.));
#426 = ( GEOMETRIC_REPRESENTATION_CONTEXT(2) 
PARAMETRIC_REPRESENTATION_CONTEXT() REPRESENTATION_CONTEXT('2D SPACE',''
  ) );
#427 = ORIENTED_EDGE('',*,*,#428,.T.);
#428 = EDGE_CURVE('',#401,#429,#431,.T.);
#429 = VERTEX_POINT('',#430);
#430 = CARTESIAN_POINT('',(-27.38393797805,66.589187867205,68.));
#431 = SURFACE_CURVE('',#432,(#437,#444),.PCURVE_S1.);
#432 = CIRCLE('',#433,72.);
#433 = AXIS2_PLACEMENT_3D('',#434,#435,#436);
#434 = CARTESIAN_POINT('',(0.,0.,68.));
#435 = DIRECTION('',(0.,0.,-1.));
#436 = DIRECTION('',(1.,0.,0.));
#437 = PCURVE('',#31,#438);
#438 = DEFINITIONAL_REPRESENTATION('',(#439),#443);
#439 = LINE('',#440,#441);
#440 = CARTESIAN_POINT('',(-6.28318530718,-33.));
#441 = VECTOR('',#442,1.);
#442 = DIRECTION('',(1.,-0.));
#443 = ( GEOMETRIC_REPRESENTATION_CONTEXT(2) 
PARAMETRIC_REPRESENTATION_CONTEXT() REPRESENTATION_CONTEXT('2D SPACE',''
  ) );
#444 = PCURVE('',#445,#450);
#445 = PLANE('',#446);
#446 = AXIS2_PLACEMENT_3D('',#447,#448,#449);
#447 = CARTESIAN_POINT('',(-56.07532404078,97.125310289535,68.));
#448 = DIRECTION('',(-0.,-0.,-1.));
#449 = DIRECTION('',(-1.,0.,0.));
#450 = DEFINITIONAL_REPRESENTATION('',(#451),#455);
#451 = CIRCLE('',#452,72.);
#452 = AXIS2_PLACEMENT_2D('',#453,#454);
#453 = CARTESIAN_POINT('',(-56.07532404078,-97.12531028953));
#454 = DIRECTION('',(-1.,0.));
#455 = ( GEOMETRIC_REPRESENTATION_CONTEXT(2) 
PARAMETRIC_REPRESENTATION_CONTEXT() REPRESENTATION_CONTEXT('2D SPACE',''
  ) );
#456 = ORIENTED_EDGE('',*,*,#457,.T.);
#457 = EDGE_CURVE('',#429,#458,#460,.T.);
#458 = VERTEX_POINT('',#459);
#459 = CARTESIAN_POINT('',(-27.38393797805,66.589187867205,48.));
#460 = SURFACE_CURVE('',#461,(#465,#471),.PCURVE_S1.);
#461 = LINE('',#462,#463);
#462 = CARTESIAN_POINT('',(-27.38393797805,66.589187867205,35.));
#463 = VECTOR('',#464,1.);
#464 = DIRECTION('',(-0.,-0.,-1.));
#465 = PCURVE('',#31,#466);
#466 = DEFINITIONAL_REPRESENTATION('',(#467),#470);
#467 = B_SPLINE_CURVE_WITH_KNOTS('',1,(#468,#469),.UNSPECIFIED.,.F.,.F.,
  (2,2),(-35.,-11.),.PIECEWISE_BEZIER_KNOTS.);
#468 = CARTESIAN_POINT('',(-1.960952084169,-35.));
#469 = CARTESIAN_POINT('',(-1.960952084169,-11.));
#470 = ( GEOMETRIC_REPRESENTATION_CONTEXT(2) 
PARAMETRIC_REPRESENTATION_CONTEXT() REPRESENTATION_CONTEXT('2D SPACE',''
  ) );
#471 = PCURVE('',#472,#477);
#472 = PLANE('',#473);
#473 = AXIS2_PLACEMENT_3D('',#474,#475,#476);
#474 = CARTESIAN_POINT('',(-77.30865704891,160.90252187363,48.));
#475 = DIRECTION('',(0.883810659913,0.467844757826,-0.));
#476 = DIRECTION('',(0.467844757826,-0.883810659913,0.));
#477 = DEFINITIONAL_REPRESENTATION('',(#478),#481);
#478 = B_SPLINE_CURVE_WITH_KNOTS('',1,(#479,#480),.UNSPECIFIED.,.F.,.F.,
  (2,2),(-35.,-11.),.PIECEWISE_BEZIER_KNOTS.);
#479 = CARTESIAN_POINT('',(106.71214806998,-22.));
#480 = CARTESIAN_POINT('',(106.71214806998,2.));
#481 = ( GEOMETRIC_REPRESENTATION_CONTEXT(2) 
PARAMETRIC_REPRESENTATION_CONTEXT() REPRESENTATION_CONTEXT('2D SPACE',''
  ) );
#482 = ORIENTED_EDGE('',*,*,#483,.F.);
#483 = EDGE_CURVE('',#403,#458,#484,.T.);
#484 = SURFACE_CURVE('',#485,(#490,#497),.PCURVE_S1.);
#485 = CIRCLE('',#486,72.);
#486 = AXIS2_PLACEMENT_3D('',#487,#488,#489);
#487 = CARTESIAN_POINT('',(0.,0.,48.));
#488 = DIRECTION('',(0.,0.,-1.));
#489 = DIRECTION('',(1.,0.,0.));
#490 = PCURVE('',#31,#491);
#491 = DEFINITIONAL_REPRESENTATION('',(#492),#496);
#492 = LINE('',#493,#494);
#493 = CARTESIAN_POINT('',(-6.28318530718,-13.));
#494 = VECTOR('',#495,1.);
#495 = DIRECTION('',(1.,-0.));
#496 = ( GEOMETRIC_REPRESENTATION_CONTEXT(2) 
PARAMETRIC_REPRESENTATION_CONTEXT() REPRESENTATION_CONTEXT('2D SPACE',''
  ) );
#497 = PCURVE('',#498,#503);
#498 = PLANE('',#499);
#499 = AXIS2_PLACEMENT_3D('',#500,#501,#502);
#500 = CARTESIAN_POINT('',(-56.07532404078,97.125310289535,48.));
#501 = DIRECTION('',(-0.,-0.,-1.));
#502 = DIRECTION('',(-1.,0.,0.));
#503 = DEFINITIONAL_REPRESENTATION('',(#504),#508);
#504 = CIRCLE('',#505,72.);
#505 = AXIS2_PLACEMENT_2D('',#506,#507);
#506 = CARTESIAN_POINT('',(-56.07532404078,-97.12531028953));
#507 = DIRECTION('',(-1.,0.));
#508 = ( GEOMETRIC_REPRESENTATION_CONTEXT(2) 
PARAMETRIC_REPRESENTATION_CONTEXT() REPRESENTATION_CONTEXT('2D SPACE',''
  ) );
#509 = FACE_BOUND('',#510,.F.);
#510 = EDGE_LOOP('',(#511,#539,#568,#594));
#511 = ORIENTED_EDGE('',*,*,#512,.F.);
#512 = EDGE_CURVE('',#513,#515,#517,.T.);
#513 = VERTEX_POINT('',#514);
#514 = CARTESIAN_POINT('',(-71.3598972994,-9.579407988949,68.));
#515 = VERTEX_POINT('',#516);
#516 = CARTESIAN_POINT('',(-71.3598972994,-9.579407988949,48.));
#517 = SURFACE_CURVE('',#518,(#522,#528),.PCURVE_S1.);
#518 = LINE('',#519,#520);
#519 = CARTESIAN_POINT('',(-71.3598972994,-9.579407988949,35.));
#520 = VECTOR('',#521,1.);
#521 = DIRECTION('',(-0.,-0.,-1.));
#522 = PCURVE('',#31,#523);
#523 = DEFINITIONAL_REPRESENTATION('',(#524),#527);
#524 = B_SPLINE_CURVE_WITH_KNOTS('',1,(#525,#526),.UNSPECIFIED.,.F.,.F.,
  (2,2),(-35.,-11.),.PIECEWISE_BEZIER_KNOTS.);
#525 = CARTESIAN_POINT('',(-3.275035671814,-35.));
#526 = CARTESIAN_POINT('',(-3.275035671814,-11.));
#527 = ( GEOMETRIC_REPRESENTATION_CONTEXT(2) 
PARAMETRIC_REPRESENTATION_CONTEXT() REPRESENTATION_CONTEXT('2D SPACE',''
  ) );
#528 = PCURVE('',#529,#534);
#529 = PLANE('',#530);
#530 = AXIS2_PLACEMENT_3D('',#531,#532,#533);
#531 = CARTESIAN_POINT('',(-42.,-8.5,48.));
#532 = DIRECTION('',(3.673988465193E-02,-0.999324862533,0.));
#533 = DIRECTION('',(-0.999324862533,-3.673988465193E-02,0.));
#534 = DEFINITIONAL_REPRESENTATION('',(#535),#538);
#535 = B_SPLINE_CURVE_WITH_KNOTS('',1,(#536,#537),.UNSPECIFIED.,.F.,.F.,
  (2,2),(-35.,-11.),.PIECEWISE_BEZIER_KNOTS.);
#536 = CARTESIAN_POINT('',(29.379732657702,-22.));
#537 = CARTESIAN_POINT('',(29.379732657702,2.));
#538 = ( GEOMETRIC_REPRESENTATION_CONTEXT(2) 
PARAMETRIC_REPRESENTATION_CONTEXT() REPRESENTATION_CONTEXT('2D SPACE',''
  ) );
#539 = ORIENTED_EDGE('',*,*,#540,.T.);
#540 = EDGE_CURVE('',#513,#541,#543,.T.);
#541 = VERTEX_POINT('',#542);
#542 = CARTESIAN_POINT('',(-71.3598972994,9.579407988949,68.));
#543 = SURFACE_CURVE('',#544,(#549,#556),.PCURVE_S1.);
#544 = CIRCLE('',#545,72.);
#545 = AXIS2_PLACEMENT_3D('',#546,#547,#548);
#546 = CARTESIAN_POINT('',(0.,0.,68.));
#547 = DIRECTION('',(0.,0.,-1.));
#548 = DIRECTION('',(1.,0.,0.));
#549 = PCURVE('',#31,#550);
#550 = DEFINITIONAL_REPRESENTATION('',(#551),#555);
#551 = LINE('',#552,#553);
#552 = CARTESIAN_POINT('',(-6.28318530718,-33.));
#553 = VECTOR('',#554,1.);
#554 = DIRECTION('',(1.,-0.));
#555 = ( GEOMETRIC_REPRESENTATION_CONTEXT(2) 
PARAMETRIC_REPRESENTATION_CONTEXT() REPRESENTATION_CONTEXT('2D SPACE',''
  ) );
#556 = PCURVE('',#557,#562);
#557 = PLANE('',#558);
#558 = AXIS2_PLACEMENT_3D('',#559,#560,#561);
#559 = CARTESIAN_POINT('',(-112.1506480815,1.285424789002E-14,68.));
#560 = DIRECTION('',(-0.,-0.,-1.));
#561 = DIRECTION('',(-1.,0.,0.));
#562 = DEFINITIONAL_REPRESENTATION('',(#563),#567);
#563 = CIRCLE('',#564,72.);
#564 = AXIS2_PLACEMENT_2D('',#565,#566);
#565 = CARTESIAN_POINT('',(-112.1506480815,-1.285424789002E-14));
#566 = DIRECTION('',(-1.,0.));
#567 = ( GEOMETRIC_REPRESENTATION_CONTEXT(2) 
PARAMETRIC_REPRESENTATION_CONTEXT() REPRESENTATION_CONTEXT('2D SPACE',''
  ) );
#568 = ORIENTED_EDGE('',*,*,#569,.T.);
#569 = EDGE_CURVE('',#541,#570,#572,.T.);
#570 = VERTEX_POINT('',#571);
#571 = CARTESIAN_POINT('',(-71.3598972994,9.579407988949,48.));
#572 = SURFACE_CURVE('',#573,(#577,#583),.PCURVE_S1.);
#573 = LINE('',#574,#575);
#574 = CARTESIAN_POINT('',(-71.3598972994,9.579407988949,35.));
#575 = VECTOR('',#576,1.);
#576 = DIRECTION('',(-0.,-0.,-1.));
#577 = PCURVE('',#31,#578);
#578 = DEFINITIONAL_REPRESENTATION('',(#579),#582);
#579 = B_SPLINE_CURVE_WITH_KNOTS('',1,(#580,#581),.UNSPECIFIED.,.F.,.F.,
  (2,2),(-35.,-11.),.PIECEWISE_BEZIER_KNOTS.);
#580 = CARTESIAN_POINT('',(-3.008149635366,-35.));
#581 = CARTESIAN_POINT('',(-3.008149635366,-11.));
#582 = ( GEOMETRIC_REPRESENTATION_CONTEXT(2) 
PARAMETRIC_REPRESENTATION_CONTEXT() REPRESENTATION_CONTEXT('2D SPACE',''
  ) );
#583 = PCURVE('',#584,#589);
#584 = PLANE('',#585);
#585 = AXIS2_PLACEMENT_3D('',#586,#587,#588);
#586 = CARTESIAN_POINT('',(-178.,13.5,48.));
#587 = DIRECTION('',(3.673988465193E-02,0.999324862533,-0.));
#588 = DIRECTION('',(0.999324862533,-3.673988465193E-02,0.));
#589 = DEFINITIONAL_REPRESENTATION('',(#590),#593);
#590 = B_SPLINE_CURVE_WITH_KNOTS('',1,(#591,#592),.UNSPECIFIED.,.F.,.F.,
  (2,2),(-35.,-11.),.PIECEWISE_BEZIER_KNOTS.);
#591 = CARTESIAN_POINT('',(106.71214806998,-22.));
#592 = CARTESIAN_POINT('',(106.71214806998,2.));
#593 = ( GEOMETRIC_REPRESENTATION_CONTEXT(2) 
PARAMETRIC_REPRESENTATION_CONTEXT() REPRESENTATION_CONTEXT('2D SPACE',''
  ) );
#594 = ORIENTED_EDGE('',*,*,#595,.F.);
#595 = EDGE_CURVE('',#515,#570,#596,.T.);
#596 = SURFACE_CURVE('',#597,(#602,#609),.PCURVE_S1.);
#597 = CIRCLE('',#598,72.);
#598 = AXIS2_PLACEMENT_3D('',#599,#600,#601);
#599 = CARTESIAN_POINT('',(0.,0.,48.));
#600 = DIRECTION('',(0.,0.,-1.));
#601 = DIRECTION('',(1.,0.,0.));
#602 = PCURVE('',#31,#603);
#603 = DEFINITIONAL_REPRESENTATION('',(#604),#608);
#604 = LINE('',#605,#606);
#605 = CARTESIAN_POINT('',(-6.28318530718,-13.));
#606 = VECTOR('',#607,1.);
#607 = DIRECTION('',(1.,-0.));
#608 = ( GEOMETRIC_REPRESENTATION_CONTEXT(2) 
PARAMETRIC_REPRESENTATION_CONTEXT() REPRESENTATION_CONTEXT('2D SPACE',''
  ) );
#609 = PCURVE('',#610,#615);
#610 = PLANE('',#611);
#611 = AXIS2_PLACEMENT_3D('',#612,#613,#614);
#612 = CARTESIAN_POINT('',(-112.1506480815,1.285424789002E-14,48.));
#613 = DIRECTION('',(-0.,-0.,-1.));
#614 = DIRECTION('',(-1.,0.,0.));
#615 = DEFINITIONAL_REPRESENTATION('',(#616),#620);
#616 = CIRCLE('',#617,72.);
#617 = AXIS2_PLACEMENT_2D('',#618,#619);
#618 = CARTESIAN_POINT('',(-112.1506480815,-1.285424789002E-14));
#619 = DIRECTION('',(-1.,0.));
#620 = ( GEOMETRIC_REPRESENTATION_CONTEXT(2) 
PARAMETRIC_REPRESENTATION_CONTEXT() REPRESENTATION_CONTEXT('2D SPACE',''
  ) );
#621 = FACE_BOUND('',#622,.F.);
#622 = EDGE_LOOP('',(#623,#651,#680,#706));
#623 = ORIENTED_EDGE('',*,*,#624,.F.);
#624 = EDGE_CURVE('',#625,#627,#629,.T.);
#625 = VERTEX_POINT('',#626);
#626 = CARTESIAN_POINT('',(-27.38393797805,-66.5891878672,68.));
#627 = VERTEX_POINT('',#628);
#628 = CARTESIAN_POINT('',(-27.38393797805,-66.5891878672,48.));
#629 = SURFACE_CURVE('',#630,(#634,#640),.PCURVE_S1.);
#630 = LINE('',#631,#632);
#631 = CARTESIAN_POINT('',(-27.38393797805,-66.5891878672,35.));
#632 = VECTOR('',#633,1.);
#633 = DIRECTION('',(-0.,-0.,-1.));
#634 = PCURVE('',#31,#635);
#635 = DEFINITIONAL_REPRESENTATION('',(#636),#639);
#636 = B_SPLINE_CURVE_WITH_KNOTS('',1,(#637,#638),.UNSPECIFIED.,.F.,.F.,
  (2,2),(-35.,-11.),.PIECEWISE_BEZIER_KNOTS.);
#637 = CARTESIAN_POINT('',(-4.32223322301,-35.));
#638 = CARTESIAN_POINT('',(-4.32223322301,-11.));
#639 = ( GEOMETRIC_REPRESENTATION_CONTEXT(2) 
PARAMETRIC_REPRESENTATION_CONTEXT() REPRESENTATION_CONTEXT('2D SPACE',''
  ) );
#640 = PCURVE('',#641,#646);
#641 = PLANE('',#642);
#642 = AXIS2_PLACEMENT_3D('',#643,#644,#645);
#643 = CARTESIAN_POINT('',(-13.63878406783,-40.62306695894,48.));
#644 = DIRECTION('',(0.883810659913,-0.467844757826,0.));
#645 = DIRECTION('',(-0.467844757826,-0.883810659913,0.));
#646 = DEFINITIONAL_REPRESENTATION('',(#647),#650);
#647 = B_SPLINE_CURVE_WITH_KNOTS('',1,(#648,#649),.UNSPECIFIED.,.F.,.F.,
  (2,2),(-35.,-11.),.PIECEWISE_BEZIER_KNOTS.);
#648 = CARTESIAN_POINT('',(29.379732657702,-22.));
#649 = CARTESIAN_POINT('',(29.379732657702,2.));
#650 = ( GEOMETRIC_REPRESENTATION_CONTEXT(2) 
PARAMETRIC_REPRESENTATION_CONTEXT() REPRESENTATION_CONTEXT('2D SPACE',''
  ) );
#651 = ORIENTED_EDGE('',*,*,#652,.T.);
#652 = EDGE_CURVE('',#625,#653,#655,.T.);
#653 = VERTEX_POINT('',#654);
#654 = CARTESIAN_POINT('',(-43.97595932134,-57.00977987825,68.));
#655 = SURFACE_CURVE('',#656,(#661,#668),.PCURVE_S1.);
#656 = CIRCLE('',#657,72.);
#657 = AXIS2_PLACEMENT_3D('',#658,#659,#660);
#658 = CARTESIAN_POINT('',(0.,0.,68.));
#659 = DIRECTION('',(0.,0.,-1.));
#660 = DIRECTION('',(1.,0.,0.));
#661 = PCURVE('',#31,#662);
#662 = DEFINITIONAL_REPRESENTATION('',(#663),#667);
#663 = LINE('',#664,#665);
#664 = CARTESIAN_POINT('',(-6.28318530718,-33.));
#665 = VECTOR('',#666,1.);
#666 = DIRECTION('',(1.,-0.));
#667 = ( GEOMETRIC_REPRESENTATION_CONTEXT(2) 
PARAMETRIC_REPRESENTATION_CONTEXT() REPRESENTATION_CONTEXT('2D SPACE',''
  ) );
#668 = PCURVE('',#669,#674);
#669 = PLANE('',#670);
#670 = AXIS2_PLACEMENT_3D('',#671,#672,#673);
#671 = CARTESIAN_POINT('',(-56.07532404078,-97.12531028953,68.));
#672 = DIRECTION('',(-0.,-0.,-1.));
#673 = DIRECTION('',(-1.,0.,0.));
#674 = DEFINITIONAL_REPRESENTATION('',(#675),#679);
#675 = CIRCLE('',#676,72.);
#676 = AXIS2_PLACEMENT_2D('',#677,#678);
#677 = CARTESIAN_POINT('',(-56.07532404078,97.125310289535));
#678 = DIRECTION('',(-1.,0.));
#679 = ( GEOMETRIC_REPRESENTATION_CONTEXT(2) 
PARAMETRIC_REPRESENTATION_CONTEXT() REPRESENTATION_CONTEXT('2D SPACE',''
  ) );
#680 = ORIENTED_EDGE('',*,*,#681,.T.);
#681 = EDGE_CURVE('',#653,#682,#684,.T.);
#682 = VERTEX_POINT('',#683);
#683 = CARTESIAN_POINT('',(-43.97595932134,-57.00977987825,48.));
#684 = SURFACE_CURVE('',#685,(#689,#695),.PCURVE_S1.);
#685 = LINE('',#686,#687);
#686 = CARTESIAN_POINT('',(-43.97595932134,-57.00977987825,35.));
#687 = VECTOR('',#688,1.);
#688 = DIRECTION('',(-0.,-0.,-1.));
#689 = PCURVE('',#31,#690);
#690 = DEFINITIONAL_REPRESENTATION('',(#691),#694);
#691 = B_SPLINE_CURVE_WITH_KNOTS('',1,(#692,#693),.UNSPECIFIED.,.F.,.F.,
  (2,2),(-35.,-11.),.PIECEWISE_BEZIER_KNOTS.);
#692 = CARTESIAN_POINT('',(-4.055347186562,-35.));
#693 = CARTESIAN_POINT('',(-4.055347186562,-11.));
#694 = ( GEOMETRIC_REPRESENTATION_CONTEXT(2) 
PARAMETRIC_REPRESENTATION_CONTEXT() REPRESENTATION_CONTEXT('2D SPACE',''
  ) );
#695 = PCURVE('',#696,#701);
#696 = PLANE('',#697);
#697 = AXIS2_PLACEMENT_3D('',#698,#699,#700);
#698 = CARTESIAN_POINT('',(-100.691342951,-147.4025218736,48.));
#699 = DIRECTION('',(-0.847070775261,0.531480104707,0.));
#700 = DIRECTION('',(0.531480104707,0.847070775261,0.));
#701 = DEFINITIONAL_REPRESENTATION('',(#702),#705);
#702 = B_SPLINE_CURVE_WITH_KNOTS('',1,(#703,#704),.UNSPECIFIED.,.F.,.F.,
  (2,2),(-35.,-11.),.PIECEWISE_BEZIER_KNOTS.);
#703 = CARTESIAN_POINT('',(106.71214806998,-22.));
#704 = CARTESIAN_POINT('',(106.71214806998,2.));
#705 = ( GEOMETRIC_REPRESENTATION_CONTEXT(2) 
PARAMETRIC_REPRESENTATION_CONTEXT() REPRESENTATION_CONTEXT('2D SPACE',''
  ) );
#706 = ORIENTED_EDGE('',*,*,#707,.F.);
#707 = EDGE_CURVE('',#627,#682,#708,.T.);
#708 = SURFACE_CURVE('',#709,(#714,#721),.PCURVE_S1.);
#709 = CIRCLE('',#710,72.);
#710 = AXIS2_PLACEMENT_3D('',#711,#712,#713);
#711 = CARTESIAN_POINT('',(0.,0.,48.));
#712 = DIRECTION('',(0.,0.,-1.));
#713 = DIRECTION('',(1.,0.,0.));
#714 = PCURVE('',#31,#715);
#715 = DEFINITIONAL_REPRESENTATION('',(#716),#720);
#716 = LINE('',#717,#718);
#717 = CARTESIAN_POINT('',(-6.28318530718,-13.));
#718 = VECTOR('',#719,1.);
#719 = DIRECTION('',(1.,-0.));
#720 = ( GEOMETRIC_REPRESENTATION_CONTEXT(2) 
PARAMETRIC_REPRESENTATION_CONTEXT() REPRESENTATION_CONTEXT('2D SPACE',''
  ) );
#721 = PCURVE('',#722,#727);
#722 = PLANE('',#723);
#723 = AXIS2_PLACEMENT_3D('',#724,#725,#726);
#724 = CARTESIAN_POINT('',(-56.07532404078,-97.12531028953,48.));
#725 = DIRECTION('',(-0.,-0.,-1.));
#726 = DIRECTION('',(-1.,0.,0.));
#727 = DEFINITIONAL_REPRESENTATION('',(#728),#732);
#728 = CIRCLE('',#729,72.);
#729 = AXIS2_PLACEMENT_2D('',#730,#731);
#730 = CARTESIAN_POINT('',(-56.07532404078,97.125310289535));
#731 = DIRECTION('',(-1.,0.));
#732 = ( GEOMETRIC_REPRESENTATION_CONTEXT(2) 
PARAMETRIC_REPRESENTATION_CONTEXT() REPRESENTATION_CONTEXT('2D SPACE',''
  ) );
#733 = FACE_BOUND('',#734,.F.);
#734 = EDGE_LOOP('',(#735,#763,#792,#818));
#735 = ORIENTED_EDGE('',*,*,#736,.F.);
#736 = EDGE_CURVE('',#737,#739,#741,.T.);
#737 = VERTEX_POINT('',#738);
#738 = CARTESIAN_POINT('',(43.975959321346,-57.00977987825,68.));
#739 = VERTEX_POINT('',#740);
#740 = CARTESIAN_POINT('',(43.975959321346,-57.00977987825,48.));
#741 = SURFACE_CURVE('',#742,(#746,#752),.PCURVE_S1.);
#742 = LINE('',#743,#744);
#743 = CARTESIAN_POINT('',(43.975959321346,-57.00977987825,35.));
#744 = VECTOR('',#745,1.);
#745 = DIRECTION('',(-0.,-0.,-1.));
#746 = PCURVE('',#31,#747);
#747 = DEFINITIONAL_REPRESENTATION('',(#748),#751);
#748 = B_SPLINE_CURVE_WITH_KNOTS('',1,(#749,#750),.UNSPECIFIED.,.F.,.F.,
  (2,2),(-35.,-11.),.PIECEWISE_BEZIER_KNOTS.);
#749 = CARTESIAN_POINT('',(-5.369430774207,-35.));
#750 = CARTESIAN_POINT('',(-5.369430774207,-11.));
#751 = ( GEOMETRIC_REPRESENTATION_CONTEXT(2) 
PARAMETRIC_REPRESENTATION_CONTEXT() REPRESENTATION_CONTEXT('2D SPACE',''
  ) );
#752 = PCURVE('',#753,#758);
#753 = PLANE('',#754);
#754 = AXIS2_PLACEMENT_3D('',#755,#756,#757);
#755 = CARTESIAN_POINT('',(28.361215932168,-32.12306695894,48.));
#756 = DIRECTION('',(0.847070775261,0.531480104707,-0.));
#757 = DIRECTION('',(0.531480104707,-0.847070775261,0.));
#758 = DEFINITIONAL_REPRESENTATION('',(#759),#762);
#759 = B_SPLINE_CURVE_WITH_KNOTS('',1,(#760,#761),.UNSPECIFIED.,.F.,.F.,
  (2,2),(-35.,-11.),.PIECEWISE_BEZIER_KNOTS.);
#760 = CARTESIAN_POINT('',(29.379732657702,-22.));
#761 = CARTESIAN_POINT('',(29.379732657702,2.));
#762 = ( GEOMETRIC_REPRESENTATION_CONTEXT(2) 
PARAMETRIC_REPRESENTATION_CONTEXT() REPRESENTATION_CONTEXT('2D SPACE',''
  ) );
#763 = ORIENTED_EDGE('',*,*,#764,.T.);
#764 = EDGE_CURVE('',#737,#765,#767,.T.);
#765 = VERTEX_POINT('',#766);
#766 = CARTESIAN_POINT('',(27.383937978056,-66.5891878672,68.));
#767 = SURFACE_CURVE('',#768,(#773,#780),.PCURVE_S1.);
#768 = CIRCLE('',#769,72.);
#769 = AXIS2_PLACEMENT_3D('',#770,#771,#772);
#770 = CARTESIAN_POINT('',(0.,0.,68.));
#771 = DIRECTION('',(0.,0.,-1.));
#772 = DIRECTION('',(1.,0.,0.));
#773 = PCURVE('',#31,#774);
#774 = DEFINITIONAL_REPRESENTATION('',(#775),#779);
#775 = LINE('',#776,#777);
#776 = CARTESIAN_POINT('',(-6.28318530718,-33.));
#777 = VECTOR('',#778,1.);
#778 = DIRECTION('',(1.,-0.));
#779 = ( GEOMETRIC_REPRESENTATION_CONTEXT(2) 
PARAMETRIC_REPRESENTATION_CONTEXT() REPRESENTATION_CONTEXT('2D SPACE',''
  ) );
#780 = PCURVE('',#781,#786);
#781 = PLANE('',#782);
#782 = AXIS2_PLACEMENT_3D('',#783,#784,#785);
#783 = CARTESIAN_POINT('',(56.075324040789,-97.12531028953,68.));
#784 = DIRECTION('',(-0.,-0.,-1.));
#785 = DIRECTION('',(-1.,0.,0.));
#786 = DEFINITIONAL_REPRESENTATION('',(#787),#791);
#787 = CIRCLE('',#788,72.);
#788 = AXIS2_PLACEMENT_2D('',#789,#790);
#789 = CARTESIAN_POINT('',(56.075324040789,97.125310289535));
#790 = DIRECTION('',(-1.,0.));
#791 = ( GEOMETRIC_REPRESENTATION_CONTEXT(2) 
PARAMETRIC_REPRESENTATION_CONTEXT() REPRESENTATION_CONTEXT('2D SPACE',''
  ) );
#792 = ORIENTED_EDGE('',*,*,#793,.T.);
#793 = EDGE_CURVE('',#765,#794,#796,.T.);
#794 = VERTEX_POINT('',#795);
#795 = CARTESIAN_POINT('',(27.383937978056,-66.5891878672,48.));
#796 = SURFACE_CURVE('',#797,(#801,#807),.PCURVE_S1.);
#797 = LINE('',#798,#799);
#798 = CARTESIAN_POINT('',(27.383937978056,-66.5891878672,35.));
#799 = VECTOR('',#800,1.);
#800 = DIRECTION('',(-0.,-0.,-1.));
#801 = PCURVE('',#31,#802);
#802 = DEFINITIONAL_REPRESENTATION('',(#803),#806);
#803 = B_SPLINE_CURVE_WITH_KNOTS('',1,(#804,#805),.UNSPECIFIED.,.F.,.F.,
  (2,2),(-35.,-11.),.PIECEWISE_BEZIER_KNOTS.);
#804 = CARTESIAN_POINT('',(-5.102544737759,-35.));
#805 = CARTESIAN_POINT('',(-5.102544737759,-11.));
#806 = ( GEOMETRIC_REPRESENTATION_CONTEXT(2) 
PARAMETRIC_REPRESENTATION_CONTEXT() REPRESENTATION_CONTEXT('2D SPACE',''
  ) );
#807 = PCURVE('',#808,#813);
#808 = PLANE('',#809);
#809 = AXIS2_PLACEMENT_3D('',#810,#811,#812);
#810 = CARTESIAN_POINT('',(77.30865704891,-160.9025218736,48.));
#811 = DIRECTION('',(-0.883810659913,-0.467844757826,0.));
#812 = DIRECTION('',(-0.467844757826,0.883810659913,0.));
#813 = DEFINITIONAL_REPRESENTATION('',(#814),#817);
#814 = B_SPLINE_CURVE_WITH_KNOTS('',1,(#815,#816),.UNSPECIFIED.,.F.,.F.,
  (2,2),(-35.,-11.),.PIECEWISE_BEZIER_KNOTS.);
#815 = CARTESIAN_POINT('',(106.71214806998,-22.));
#816 = CARTESIAN_POINT('',(106.71214806998,2.));
#817 = ( GEOMETRIC_REPRESENTATION_CONTEXT(2) 
PARAMETRIC_REPRESENTATION_CONTEXT() REPRESENTATION_CONTEXT('2D SPACE',''
  ) );
#818 = ORIENTED_EDGE('',*,*,#819,.F.);
#819 = EDGE_CURVE('',#739,#794,#820,.T.);
#820 = SURFACE_CURVE('',#821,(#826,#833),.PCURVE_S1.);
#821 = CIRCLE('',#822,72.);
#822 = AXIS2_PLACEMENT_3D('',#823,#824,#825);
#823 = CARTESIAN_POINT('',(0.,0.,48.));
#824 = DIRECTION('',(0.,0.,-1.));
#825 = DIRECTION('',(1.,0.,0.));
#826 = PCURVE('',#31,#827);
#827 = DEFINITIONAL_REPRESENTATION('',(#828),#832);
#828 = LINE('',#829,#830);
#829 = CARTESIAN_POINT('',(-6.28318530718,-13.));
#830 = VECTOR('',#831,1.);
#831 = DIRECTION('',(1.,-0.));
#832 = ( GEOMETRIC_REPRESENTATION_CONTEXT(2) 
PARAMETRIC_REPRESENTATION_CONTEXT() REPRESENTATION_CONTEXT('2D SPACE',''
  ) );
#833 = PCURVE('',#834,#839);
#834 = PLANE('',#835);
#835 = AXIS2_PLACEMENT_3D('',#836,#837,#838);
#836 = CARTESIAN_POINT('',(56.075324040789,-97.12531028953,48.));
#837 = DIRECTION('',(-0.,-0.,-1.));
#838 = DIRECTION('',(-1.,0.,0.));
#839 = DEFINITIONAL_REPRESENTATION('',(#840),#844);
#840 = CIRCLE('',#841,72.);
#841 = AXIS2_PLACEMENT_2D('',#842,#843);
#842 = CARTESIAN_POINT('',(56.075324040789,97.125310289535));
#843 = DIRECTION('',(-1.,0.));
#844 = ( GEOMETRIC_REPRESENTATION_CONTEXT(2) 
PARAMETRIC_REPRESENTATION_CONTEXT() REPRESENTATION_CONTEXT('2D SPACE',''
  ) );
#845 = ADVANCED_FACE('',(#846,#849,#880,#911,#942,#977),#43,.F.);
#846 = FACE_BOUND('',#847,.F.);
#847 = EDGE_LOOP('',(#848));
#848 = ORIENTED_EDGE('',*,*,#21,.T.);
#849 = FACE_BOUND('',#850,.F.);
#850 = EDGE_LOOP('',(#851));
#851 = ORIENTED_EDGE('',*,*,#852,.F.);
#852 = EDGE_CURVE('',#853,#853,#855,.T.);
#853 = VERTEX_POINT('',#854);
#854 = CARTESIAN_POINT('',(-28.35533905932,-35.35533905932,35.));
#855 = SURFACE_CURVE('',#856,(#861,#868),.PCURVE_S1.);
#856 = CIRCLE('',#857,7.);
#857 = AXIS2_PLACEMENT_3D('',#858,#859,#860);
#858 = CARTESIAN_POINT('',(-35.35533905932,-35.35533905932,35.));
#859 = DIRECTION('',(0.,0.,1.));
#860 = DIRECTION('',(1.,0.,0.));
#861 = PCURVE('',#43,#862);
#862 = DEFINITIONAL_REPRESENTATION('',(#863),#867);
#863 = CIRCLE('',#864,7.);
#864 = AXIS2_PLACEMENT_2D('',#865,#866);
#865 = CARTESIAN_POINT('',(-35.35533905932,-35.35533905932));
#866 = DIRECTION('',(1.,0.));
#867 = ( GEOMETRIC_REPRESENTATION_CONTEXT(2) 
PARAMETRIC_REPRESENTATION_CONTEXT() REPRESENTATION_CONTEXT('2D SPACE',''
  ) );
#868 = PCURVE('',#869,#874);
#869 = CYLINDRICAL_SURFACE('',#870,7.);
#870 = AXIS2_PLACEMENT_3D('',#871,#872,#873);
#871 = CARTESIAN_POINT('',(-35.35533905932,-35.35533905932,35.));
#872 = DIRECTION('',(-0.,-0.,-1.));
#873 = DIRECTION('',(1.,0.,0.));
#874 = DEFINITIONAL_REPRESENTATION('',(#875),#879);
#875 = LINE('',#876,#877);
#876 = CARTESIAN_POINT('',(-0.,0.));
#877 = VECTOR('',#878,1.);
#878 = DIRECTION('',(-1.,0.));
#879 = ( GEOMETRIC_REPRESENTATION_CONTEXT(2) 
PARAMETRIC_REPRESENTATION_CONTEXT() REPRESENTATION_CONTEXT('2D SPACE',''
  ) );
#880 = FACE_BOUND('',#881,.F.);
#881 = EDGE_LOOP('',(#882));
#882 = ORIENTED_EDGE('',*,*,#883,.F.);
#883 = EDGE_CURVE('',#884,#884,#886,.T.);
#884 = VERTEX_POINT('',#885);
#885 = CARTESIAN_POINT('',(42.355339059327,-35.35533905932,35.));
#886 = SURFACE_CURVE('',#887,(#892,#899),.PCURVE_S1.);
#887 = CIRCLE('',#888,7.);
#888 = AXIS2_PLACEMENT_3D('',#889,#890,#891);
#889 = CARTESIAN_POINT('',(35.355339059327,-35.35533905932,35.));
#890 = DIRECTION('',(0.,0.,1.));
#891 = DIRECTION('',(1.,0.,0.));
#892 = PCURVE('',#43,#893);
#893 = DEFINITIONAL_REPRESENTATION('',(#894),#898);
#894 = CIRCLE('',#895,7.);
#895 = AXIS2_PLACEMENT_2D('',#896,#897);
#896 = CARTESIAN_POINT('',(35.355339059327,-35.35533905932));
#897 = DIRECTION('',(1.,0.));
#898 = ( GEOMETRIC_REPRESENTATION_CONTEXT(2) 
PARAMETRIC_REPRESENTATION_CONTEXT() REPRESENTATION_CONTEXT('2D SPACE',''
  ) );
#899 = PCURVE('',#900,#905);
#900 = CYLINDRICAL_SURFACE('',#901,7.);
#901 = AXIS2_PLACEMENT_3D('',#902,#903,#904);
#902 = CARTESIAN_POINT('',(35.355339059327,-35.35533905932,35.));
#903 = DIRECTION('',(-0.,-0.,-1.));
#904 = DIRECTION('',(1.,0.,0.));
#905 = DEFINITIONAL_REPRESENTATION('',(#906),#910);
#906 = LINE('',#907,#908);
#907 = CARTESIAN_POINT('',(-0.,0.));
#908 = VECTOR('',#909,1.);
#909 = DIRECTION('',(-1.,0.));
#910 = ( GEOMETRIC_REPRESENTATION_CONTEXT(2) 
PARAMETRIC_REPRESENTATION_CONTEXT() REPRESENTATION_CONTEXT('2D SPACE',''
  ) );
#911 = FACE_BOUND('',#912,.F.);
#912 = EDGE_LOOP('',(#913));
#913 = ORIENTED_EDGE('',*,*,#914,.F.);
#914 = EDGE_CURVE('',#915,#915,#917,.T.);
#915 = VERTEX_POINT('',#916);
#916 = CARTESIAN_POINT('',(-28.35533905932,35.355339059327,35.));
#917 = SURFACE_CURVE('',#918,(#923,#930),.PCURVE_S1.);
#918 = CIRCLE('',#919,7.);
#919 = AXIS2_PLACEMENT_3D('',#920,#921,#922);
#920 = CARTESIAN_POINT('',(-35.35533905932,35.355339059327,35.));
#921 = DIRECTION('',(0.,0.,1.));
#922 = DIRECTION('',(1.,0.,0.));
#923 = PCURVE('',#43,#924);
#924 = DEFINITIONAL_REPRESENTATION('',(#925),#929);
#925 = CIRCLE('',#926,7.);
#926 = AXIS2_PLACEMENT_2D('',#927,#928);
#927 = CARTESIAN_POINT('',(-35.35533905932,35.355339059327));
#928 = DIRECTION('',(1.,0.));
#929 = ( GEOMETRIC_REPRESENTATION_CONTEXT(2) 
PARAMETRIC_REPRESENTATION_CONTEXT() REPRESENTATION_CONTEXT('2D SPACE',''
  ) );
#930 = PCURVE('',#931,#936);
#931 = CYLINDRICAL_SURFACE('',#932,7.);
#932 = AXIS2_PLACEMENT_3D('',#933,#934,#935);
#933 = CARTESIAN_POINT('',(-35.35533905932,35.355339059327,35.));
#934 = DIRECTION('',(-0.,-0.,-1.));
#935 = DIRECTION('',(1.,0.,0.));
#936 = DEFINITIONAL_REPRESENTATION('',(#937),#941);
#937 = LINE('',#938,#939);
#938 = CARTESIAN_POINT('',(-0.,0.));
#939 = VECTOR('',#940,1.);
#940 = DIRECTION('',(-1.,0.));
#941 = ( GEOMETRIC_REPRESENTATION_CONTEXT(2) 
PARAMETRIC_REPRESENTATION_CONTEXT() REPRESENTATION_CONTEXT('2D SPACE',''
  ) );
#942 = FACE_BOUND('',#943,.F.);
#943 = EDGE_LOOP('',(#944));
#944 = ORIENTED_EDGE('',*,*,#945,.T.);
#945 = EDGE_CURVE('',#946,#946,#948,.T.);
#946 = VERTEX_POINT('',#947);
#947 = CARTESIAN_POINT('',(28.55,0.,35.));
#948 = SURFACE_CURVE('',#949,(#954,#965),.PCURVE_S1.);
#949 = CIRCLE('',#950,28.55);
#950 = AXIS2_PLACEMENT_3D('',#951,#952,#953);
#951 = CARTESIAN_POINT('',(0.,0.,35.));
#952 = DIRECTION('',(0.,0.,-1.));
#953 = DIRECTION('',(1.,0.,0.));
#954 = PCURVE('',#43,#955);
#955 = DEFINITIONAL_REPRESENTATION('',(#956),#964);
#956 = ( BOUNDED_CURVE() B_SPLINE_CURVE(2,(#957,#958,#959,#960,#961,#962
,#963),.UNSPECIFIED.,.T.,.F.) B_SPLINE_CURVE_WITH_KNOTS((1,2,2,2,2,1),(
    -2.094395102393,0.,2.094395102393,4.188790204786,6.28318530718,
8.377580409573),.UNSPECIFIED.) CURVE() GEOMETRIC_REPRESENTATION_ITEM() 
RATIONAL_B_SPLINE_CURVE((1.,0.5,1.,0.5,1.,0.5,1.)) REPRESENTATION_ITEM(
  '') );
#957 = CARTESIAN_POINT('',(28.55,-1.922857042187E-15));
#958 = CARTESIAN_POINT('',(28.55,-49.45005055609));
#959 = CARTESIAN_POINT('',(-14.275,-24.72502527804));
#960 = CARTESIAN_POINT('',(-57.1,-8.915590265318E-15));
#961 = CARTESIAN_POINT('',(-14.275,24.725025278046));
#962 = CARTESIAN_POINT('',(28.55,49.450050556091));
#963 = CARTESIAN_POINT('',(28.55,-1.922857042187E-15));
#964 = ( GEOMETRIC_REPRESENTATION_CONTEXT(2) 
PARAMETRIC_REPRESENTATION_CONTEXT() REPRESENTATION_CONTEXT('2D SPACE',''
  ) );
#965 = PCURVE('',#966,#971);
#966 = CYLINDRICAL_SURFACE('',#967,28.55);
#967 = AXIS2_PLACEMENT_3D('',#968,#969,#970);
#968 = CARTESIAN_POINT('',(0.,0.,25.));
#969 = DIRECTION('',(-0.,-0.,-1.));
#970 = DIRECTION('',(1.,0.,0.));
#971 = DEFINITIONAL_REPRESENTATION('',(#972),#976);
#972 = LINE('',#973,#974);
#973 = CARTESIAN_POINT('',(-6.28318530718,-10.));
#974 = VECTOR('',#975,1.);
#975 = DIRECTION('',(1.,-0.));
#976 = ( GEOMETRIC_REPRESENTATION_CONTEXT(2) 
PARAMETRIC_REPRESENTATION_CONTEXT() REPRESENTATION_CONTEXT('2D SPACE',''
  ) );
#977 = FACE_BOUND('',#978,.F.);
#978 = EDGE_LOOP('',(#979));
#979 = ORIENTED_EDGE('',*,*,#980,.F.);
#980 = EDGE_CURVE('',#981,#981,#983,.T.);
#981 = VERTEX_POINT('',#982);
#982 = CARTESIAN_POINT('',(42.355339059327,35.355339059327,35.));
#983 = SURFACE_CURVE('',#984,(#989,#996),.PCURVE_S1.);
#984 = CIRCLE('',#985,7.);
#985 = AXIS2_PLACEMENT_3D('',#986,#987,#988);
#986 = CARTESIAN_POINT('',(35.355339059327,35.355339059327,35.));
#987 = DIRECTION('',(0.,0.,1.));
#988 = DIRECTION('',(1.,0.,0.));
#989 = PCURVE('',#43,#990);
#990 = DEFINITIONAL_REPRESENTATION('',(#991),#995);
#991 = CIRCLE('',#992,7.);
#992 = AXIS2_PLACEMENT_2D('',#993,#994);
#993 = CARTESIAN_POINT('',(35.355339059327,35.355339059327));
#994 = DIRECTION('',(1.,0.));
#995 = ( GEOMETRIC_REPRESENTATION_CONTEXT(2) 
PARAMETRIC_REPRESENTATION_CONTEXT() REPRESENTATION_CONTEXT('2D SPACE',''
  ) );
#996 = PCURVE('',#997,#1002);
#997 = CYLINDRICAL_SURFACE('',#998,7.);
#998 = AXIS2_PLACEMENT_3D('',#999,#1000,#1001);
#999 = CARTESIAN_POINT('',(35.355339059327,35.355339059327,35.));
#1000 = DIRECTION('',(-0.,-0.,-1.));
#1001 = DIRECTION('',(1.,0.,0.));
#1002 = DEFINITIONAL_REPRESENTATION('',(#1003),#1007);
#1003 = LINE('',#1004,#1005);
#1004 = CARTESIAN_POINT('',(-0.,0.));
#1005 = VECTOR('',#1006,1.);
#1006 = DIRECTION('',(-1.,0.));
#1007 = ( GEOMETRIC_REPRESENTATION_CONTEXT(2) 
PARAMETRIC_REPRESENTATION_CONTEXT() REPRESENTATION_CONTEXT('2D SPACE',''
  ) );
#1008 = ADVANCED_FACE('',(#1009),#95,.T.);
#1009 = FACE_BOUND('',#1010,.T.);
#1010 = EDGE_LOOP('',(#1011,#1012,#1035,#1064,#1088,#1109));
#1011 = ORIENTED_EDGE('',*,*,#78,.F.);
#1012 = ORIENTED_EDGE('',*,*,#1013,.T.);
#1013 = EDGE_CURVE('',#79,#1014,#1016,.T.);
#1014 = VERTEX_POINT('',#1015);
#1015 = CARTESIAN_POINT('',(177.48875213771,13.48120412271,48.));
#1016 = SURFACE_CURVE('',#1017,(#1021,#1028),.PCURVE_S1.);
#1017 = LINE('',#1018,#1019);
#1018 = CARTESIAN_POINT('',(42.,8.5,48.));
#1019 = VECTOR('',#1020,1.);
#1020 = DIRECTION('',(0.999324862533,3.673988465193E-02,0.));
#1021 = PCURVE('',#95,#1022);
#1022 = DEFINITIONAL_REPRESENTATION('',(#1023),#1027);
#1023 = LINE('',#1024,#1025);
#1024 = CARTESIAN_POINT('',(70.150648081578,8.5));
#1025 = VECTOR('',#1026,1.);
#1026 = DIRECTION('',(-0.999324862533,3.673988465193E-02));
#1027 = ( GEOMETRIC_REPRESENTATION_CONTEXT(2) 
PARAMETRIC_REPRESENTATION_CONTEXT() REPRESENTATION_CONTEXT('2D SPACE',''
  ) );
#1028 = PCURVE('',#122,#1029);
#1029 = DEFINITIONAL_REPRESENTATION('',(#1030),#1034);
#1030 = LINE('',#1031,#1032);
#1031 = CARTESIAN_POINT('',(0.,0.));
#1032 = VECTOR('',#1033,1.);
#1033 = DIRECTION('',(1.,0.));
#1034 = ( GEOMETRIC_REPRESENTATION_CONTEXT(2) 
PARAMETRIC_REPRESENTATION_CONTEXT() REPRESENTATION_CONTEXT('2D SPACE',''
  ) );
#1035 = ORIENTED_EDGE('',*,*,#1036,.T.);
#1036 = EDGE_CURVE('',#1014,#1037,#1039,.T.);
#1037 = VERTEX_POINT('',#1038);
#1038 = CARTESIAN_POINT('',(178.,8.91675185132E-15,48.));
#1039 = SURFACE_CURVE('',#1040,(#1045,#1052),.PCURVE_S1.);
#1040 = CIRCLE('',#1041,178.);
#1041 = AXIS2_PLACEMENT_3D('',#1042,#1043,#1044);
#1042 = CARTESIAN_POINT('',(9.578339871034E-13,8.951719505639E-15,48.));
#1043 = DIRECTION('',(0.,0.,-1.));
#1044 = DIRECTION('',(1.,0.,0.));
#1045 = PCURVE('',#95,#1046);
#1046 = DEFINITIONAL_REPRESENTATION('',(#1047),#1051);
#1047 = CIRCLE('',#1048,178.);
#1048 = AXIS2_PLACEMENT_2D('',#1049,#1050);
#1049 = CARTESIAN_POINT('',(112.15064808157,9.311278887178E-15));
#1050 = DIRECTION('',(-1.,0.));
#1051 = ( GEOMETRIC_REPRESENTATION_CONTEXT(2) 
PARAMETRIC_REPRESENTATION_CONTEXT() REPRESENTATION_CONTEXT('2D SPACE',''
  ) );
#1052 = PCURVE('',#1053,#1058);
#1053 = CYLINDRICAL_SURFACE('',#1054,178.);
#1054 = AXIS2_PLACEMENT_3D('',#1055,#1056,#1057);
#1055 = CARTESIAN_POINT('',(9.578339871034E-13,8.951719505639E-15,0.));
#1056 = DIRECTION('',(-0.,-0.,-1.));
#1057 = DIRECTION('',(1.,0.,0.));
#1058 = DEFINITIONAL_REPRESENTATION('',(#1059),#1063);
#1059 = LINE('',#1060,#1061);
#1060 = CARTESIAN_POINT('',(-6.28318530718,-48.));
#1061 = VECTOR('',#1062,1.);
#1062 = DIRECTION('',(1.,-0.));
#1063 = ( GEOMETRIC_REPRESENTATION_CONTEXT(2) 
PARAMETRIC_REPRESENTATION_CONTEXT() REPRESENTATION_CONTEXT('2D SPACE',''
  ) );
#1064 = ORIENTED_EDGE('',*,*,#1065,.T.);
#1065 = EDGE_CURVE('',#1037,#1066,#1068,.T.);
#1066 = VERTEX_POINT('',#1067);
#1067 = CARTESIAN_POINT('',(177.48875213771,-13.48120412271,48.));
#1068 = SURFACE_CURVE('',#1069,(#1074,#1081),.PCURVE_S1.);
#1069 = CIRCLE('',#1070,178.);
#1070 = AXIS2_PLACEMENT_3D('',#1071,#1072,#1073);
#1071 = CARTESIAN_POINT('',(9.578339871034E-13,8.951719505639E-15,48.));
#1072 = DIRECTION('',(0.,0.,-1.));
#1073 = DIRECTION('',(1.,0.,0.));
#1074 = PCURVE('',#95,#1075);
#1075 = DEFINITIONAL_REPRESENTATION('',(#1076),#1080);
#1076 = CIRCLE('',#1077,178.);
#1077 = AXIS2_PLACEMENT_2D('',#1078,#1079);
#1078 = CARTESIAN_POINT('',(112.15064808157,9.311278887178E-15));
#1079 = DIRECTION('',(-1.,0.));
#1080 = ( GEOMETRIC_REPRESENTATION_CONTEXT(2) 
PARAMETRIC_REPRESENTATION_CONTEXT() REPRESENTATION_CONTEXT('2D SPACE',''
  ) );
#1081 = PCURVE('',#1053,#1082);
#1082 = DEFINITIONAL_REPRESENTATION('',(#1083),#1087);
#1083 = LINE('',#1084,#1085);
#1084 = CARTESIAN_POINT('',(-6.28318530718,-48.));
#1085 = VECTOR('',#1086,1.);
#1086 = DIRECTION('',(1.,-0.));
#1087 = ( GEOMETRIC_REPRESENTATION_CONTEXT(2) 
PARAMETRIC_REPRESENTATION_CONTEXT() REPRESENTATION_CONTEXT('2D SPACE',''
  ) );
#1088 = ORIENTED_EDGE('',*,*,#1089,.T.);
#1089 = EDGE_CURVE('',#1066,#238,#1090,.T.);
#1090 = SURFACE_CURVE('',#1091,(#1095,#1102),.PCURVE_S1.);
#1091 = LINE('',#1092,#1093);
#1092 = CARTESIAN_POINT('',(178.,-13.5,48.));
#1093 = VECTOR('',#1094,1.);
#1094 = DIRECTION('',(-0.999324862533,3.673988465193E-02,0.));
#1095 = PCURVE('',#95,#1096);
#1096 = DEFINITIONAL_REPRESENTATION('',(#1097),#1101);
#1097 = LINE('',#1098,#1099);
#1098 = CARTESIAN_POINT('',(-65.84935191842,-13.5));
#1099 = VECTOR('',#1100,1.);
#1100 = DIRECTION('',(0.999324862533,3.673988465193E-02));
#1101 = ( GEOMETRIC_REPRESENTATION_CONTEXT(2) 
PARAMETRIC_REPRESENTATION_CONTEXT() REPRESENTATION_CONTEXT('2D SPACE',''
  ) );
#1102 = PCURVE('',#252,#1103);
#1103 = DEFINITIONAL_REPRESENTATION('',(#1104),#1108);
#1104 = LINE('',#1105,#1106);
#1105 = CARTESIAN_POINT('',(0.,0.));
#1106 = VECTOR('',#1107,1.);
#1107 = DIRECTION('',(1.,0.));
#1108 = ( GEOMETRIC_REPRESENTATION_CONTEXT(2) 
PARAMETRIC_REPRESENTATION_CONTEXT() REPRESENTATION_CONTEXT('2D SPACE',''
  ) );
#1109 = ORIENTED_EDGE('',*,*,#263,.F.);
#1110 = ADVANCED_FACE('',(#1111),#252,.T.);
#1111 = FACE_BOUND('',#1112,.T.);
#1112 = EDGE_LOOP('',(#1113,#1134,#1155,#1156));
#1113 = ORIENTED_EDGE('',*,*,#1114,.F.);
#1114 = EDGE_CURVE('',#1115,#1066,#1117,.T.);
#1115 = VERTEX_POINT('',#1116);
#1116 = CARTESIAN_POINT('',(177.48875213771,-13.48120412271,68.));
#1117 = SURFACE_CURVE('',#1118,(#1122,#1128),.PCURVE_S1.);
#1118 = LINE('',#1119,#1120);
#1119 = CARTESIAN_POINT('',(177.48875213771,-13.48120412271,0.));
#1120 = VECTOR('',#1121,1.);
#1121 = DIRECTION('',(-0.,-0.,-1.));
#1122 = PCURVE('',#252,#1123);
#1123 = DEFINITIONAL_REPRESENTATION('',(#1124),#1127);
#1124 = B_SPLINE_CURVE_WITH_KNOTS('',1,(#1125,#1126),.UNSPECIFIED.,.F.,
  .F.,(2,2),(-70.,-46.),.PIECEWISE_BEZIER_KNOTS.);
#1125 = CARTESIAN_POINT('',(0.511593258065,-22.));
#1126 = CARTESIAN_POINT('',(0.511593258065,2.));
#1127 = ( GEOMETRIC_REPRESENTATION_CONTEXT(2) 
PARAMETRIC_REPRESENTATION_CONTEXT() REPRESENTATION_CONTEXT('2D SPACE',''
  ) );
#1128 = PCURVE('',#1053,#1129);
#1129 = DEFINITIONAL_REPRESENTATION('',(#1130),#1133);
#1130 = B_SPLINE_CURVE_WITH_KNOTS('',1,(#1131,#1132),.UNSPECIFIED.,.F.,
  .F.,(2,2),(-70.,-46.),.PIECEWISE_BEZIER_KNOTS.);
#1131 = CARTESIAN_POINT('',(-6.207375611788,-70.));
#1132 = CARTESIAN_POINT('',(-6.207375611788,-46.));
#1133 = ( GEOMETRIC_REPRESENTATION_CONTEXT(2) 
PARAMETRIC_REPRESENTATION_CONTEXT() REPRESENTATION_CONTEXT('2D SPACE',''
  ) );
#1134 = ORIENTED_EDGE('',*,*,#1135,.T.);
#1135 = EDGE_CURVE('',#1115,#214,#1136,.T.);
#1136 = SURFACE_CURVE('',#1137,(#1141,#1148),.PCURVE_S1.);
#1137 = LINE('',#1138,#1139);
#1138 = CARTESIAN_POINT('',(178.,-13.5,68.));
#1139 = VECTOR('',#1140,1.);
#1140 = DIRECTION('',(-0.999324862533,3.673988465193E-02,0.));
#1141 = PCURVE('',#252,#1142);
#1142 = DEFINITIONAL_REPRESENTATION('',(#1143),#1147);
#1143 = LINE('',#1144,#1145);
#1144 = CARTESIAN_POINT('',(0.,-20.));
#1145 = VECTOR('',#1146,1.);
#1146 = DIRECTION('',(1.,0.));
#1147 = ( GEOMETRIC_REPRESENTATION_CONTEXT(2) 
PARAMETRIC_REPRESENTATION_CONTEXT() REPRESENTATION_CONTEXT('2D SPACE',''
  ) );
#1148 = PCURVE('',#150,#1149);
#1149 = DEFINITIONAL_REPRESENTATION('',(#1150),#1154);
#1150 = LINE('',#1151,#1152);
#1151 = CARTESIAN_POINT('',(-65.84935191842,-13.5));
#1152 = VECTOR('',#1153,1.);
#1153 = DIRECTION('',(0.999324862533,3.673988465193E-02));
#1154 = ( GEOMETRIC_REPRESENTATION_CONTEXT(2) 
PARAMETRIC_REPRESENTATION_CONTEXT() REPRESENTATION_CONTEXT('2D SPACE',''
  ) );
#1155 = ORIENTED_EDGE('',*,*,#237,.T.);
#1156 = ORIENTED_EDGE('',*,*,#1089,.F.);
#1157 = ADVANCED_FACE('',(#1158),#150,.F.);
#1158 = FACE_BOUND('',#1159,.F.);
#1159 = EDGE_LOOP('',(#1160,#1161,#1184,#1208,#1230,#1231));
#1160 = ORIENTED_EDGE('',*,*,#133,.F.);
#1161 = ORIENTED_EDGE('',*,*,#1162,.T.);
#1162 = EDGE_CURVE('',#108,#1163,#1165,.T.);
#1163 = VERTEX_POINT('',#1164);
#1164 = CARTESIAN_POINT('',(177.48875213771,13.48120412271,68.));
#1165 = SURFACE_CURVE('',#1166,(#1170,#1177),.PCURVE_S1.);
#1166 = LINE('',#1167,#1168);
#1167 = CARTESIAN_POINT('',(42.,8.5,68.));
#1168 = VECTOR('',#1169,1.);
#1169 = DIRECTION('',(0.999324862533,3.673988465193E-02,0.));
#1170 = PCURVE('',#150,#1171);
#1171 = DEFINITIONAL_REPRESENTATION('',(#1172),#1176);
#1172 = LINE('',#1173,#1174);
#1173 = CARTESIAN_POINT('',(70.150648081578,8.5));
#1174 = VECTOR('',#1175,1.);
#1175 = DIRECTION('',(-0.999324862533,3.673988465193E-02));
#1176 = ( GEOMETRIC_REPRESENTATION_CONTEXT(2) 
PARAMETRIC_REPRESENTATION_CONTEXT() REPRESENTATION_CONTEXT('2D SPACE',''
  ) );
#1177 = PCURVE('',#122,#1178);
#1178 = DEFINITIONAL_REPRESENTATION('',(#1179),#1183);
#1179 = LINE('',#1180,#1181);
#1180 = CARTESIAN_POINT('',(0.,-20.));
#1181 = VECTOR('',#1182,1.);
#1182 = DIRECTION('',(1.,0.));
#1183 = ( GEOMETRIC_REPRESENTATION_CONTEXT(2) 
PARAMETRIC_REPRESENTATION_CONTEXT() REPRESENTATION_CONTEXT('2D SPACE',''
  ) );
#1184 = ORIENTED_EDGE('',*,*,#1185,.T.);
#1185 = EDGE_CURVE('',#1163,#1186,#1188,.T.);
#1186 = VERTEX_POINT('',#1187);
#1187 = CARTESIAN_POINT('',(178.,8.91675185132E-15,68.));
#1188 = SURFACE_CURVE('',#1189,(#1194,#1201),.PCURVE_S1.);
#1189 = CIRCLE('',#1190,178.);
#1190 = AXIS2_PLACEMENT_3D('',#1191,#1192,#1193);
#1191 = CARTESIAN_POINT('',(9.578339871034E-13,8.951719505639E-15,68.));
#1192 = DIRECTION('',(0.,0.,-1.));
#1193 = DIRECTION('',(1.,0.,0.));
#1194 = PCURVE('',#150,#1195);
#1195 = DEFINITIONAL_REPRESENTATION('',(#1196),#1200);
#1196 = CIRCLE('',#1197,178.);
#1197 = AXIS2_PLACEMENT_2D('',#1198,#1199);
#1198 = CARTESIAN_POINT('',(112.15064808157,9.311278887178E-15));
#1199 = DIRECTION('',(-1.,0.));
#1200 = ( GEOMETRIC_REPRESENTATION_CONTEXT(2) 
PARAMETRIC_REPRESENTATION_CONTEXT() REPRESENTATION_CONTEXT('2D SPACE',''
  ) );
#1201 = PCURVE('',#1053,#1202);
#1202 = DEFINITIONAL_REPRESENTATION('',(#1203),#1207);
#1203 = LINE('',#1204,#1205);
#1204 = CARTESIAN_POINT('',(-6.28318530718,-68.));
#1205 = VECTOR('',#1206,1.);
#1206 = DIRECTION('',(1.,-0.));
#1207 = ( GEOMETRIC_REPRESENTATION_CONTEXT(2) 
PARAMETRIC_REPRESENTATION_CONTEXT() REPRESENTATION_CONTEXT('2D SPACE',''
  ) );
#1208 = ORIENTED_EDGE('',*,*,#1209,.T.);
#1209 = EDGE_CURVE('',#1186,#1115,#1210,.T.);
#1210 = SURFACE_CURVE('',#1211,(#1216,#1223),.PCURVE_S1.);
#1211 = CIRCLE('',#1212,178.);
#1212 = AXIS2_PLACEMENT_3D('',#1213,#1214,#1215);
#1213 = CARTESIAN_POINT('',(9.578339871034E-13,8.951719505639E-15,68.));
#1214 = DIRECTION('',(0.,0.,-1.));
#1215 = DIRECTION('',(1.,0.,0.));
#1216 = PCURVE('',#150,#1217);
#1217 = DEFINITIONAL_REPRESENTATION('',(#1218),#1222);
#1218 = CIRCLE('',#1219,178.);
#1219 = AXIS2_PLACEMENT_2D('',#1220,#1221);
#1220 = CARTESIAN_POINT('',(112.15064808157,9.311278887178E-15));
#1221 = DIRECTION('',(-1.,0.));
#1222 = ( GEOMETRIC_REPRESENTATION_CONTEXT(2) 
PARAMETRIC_REPRESENTATION_CONTEXT() REPRESENTATION_CONTEXT('2D SPACE',''
  ) );
#1223 = PCURVE('',#1053,#1224);
#1224 = DEFINITIONAL_REPRESENTATION('',(#1225),#1229);
#1225 = LINE('',#1226,#1227);
#1226 = CARTESIAN_POINT('',(-6.28318530718,-68.));
#1227 = VECTOR('',#1228,1.);
#1228 = DIRECTION('',(1.,-0.));
#1229 = ( GEOMETRIC_REPRESENTATION_CONTEXT(2) 
PARAMETRIC_REPRESENTATION_CONTEXT() REPRESENTATION_CONTEXT('2D SPACE',''
  ) );
#1230 = ORIENTED_EDGE('',*,*,#1135,.T.);
#1231 = ORIENTED_EDGE('',*,*,#213,.F.);
#1232 = ADVANCED_FACE('',(#1233,#1236,#1266,#1296,#1326,#1356),#200,.T.
  );
#1233 = FACE_BOUND('',#1234,.T.);
#1234 = EDGE_LOOP('',(#1235));
#1235 = ORIENTED_EDGE('',*,*,#185,.T.);
#1236 = FACE_BOUND('',#1237,.T.);
#1237 = EDGE_LOOP('',(#1238));
#1238 = ORIENTED_EDGE('',*,*,#1239,.T.);
#1239 = EDGE_CURVE('',#1240,#1240,#1242,.T.);
#1240 = VERTEX_POINT('',#1241);
#1241 = CARTESIAN_POINT('',(-28.35533905932,-35.35533905932,77.));
#1242 = SURFACE_CURVE('',#1243,(#1248,#1259),.PCURVE_S1.);
#1243 = CIRCLE('',#1244,7.);
#1244 = AXIS2_PLACEMENT_3D('',#1245,#1246,#1247);
#1245 = CARTESIAN_POINT('',(-35.35533905932,-35.35533905932,77.));
#1246 = DIRECTION('',(0.,0.,-1.));
#1247 = DIRECTION('',(1.,0.,0.));
#1248 = PCURVE('',#200,#1249);
#1249 = DEFINITIONAL_REPRESENTATION('',(#1250),#1258);
#1250 = ( BOUNDED_CURVE() B_SPLINE_CURVE(2,(#1251,#1252,#1253,#1254,
#1255,#1256,#1257),.UNSPECIFIED.,.T.,.F.) B_SPLINE_CURVE_WITH_KNOTS((1,2
    ,2,2,2,1),(-2.094395102393,0.,2.094395102393,4.188790204786,
6.28318530718,8.377580409573),.UNSPECIFIED.) CURVE() 
GEOMETRIC_REPRESENTATION_ITEM() RATIONAL_B_SPLINE_CURVE((1.,0.5,1.,0.5,
1.,0.5,1.)) REPRESENTATION_ITEM('') );
#1251 = CARTESIAN_POINT('',(-28.35533905932,-35.35533905932));
#1252 = CARTESIAN_POINT('',(-28.35533905932,-47.47969471231));
#1253 = CARTESIAN_POINT('',(-38.85533905932,-41.41751688581));
#1254 = CARTESIAN_POINT('',(-49.35533905932,-35.35533905932));
#1255 = CARTESIAN_POINT('',(-38.85533905932,-29.29316123283));
#1256 = CARTESIAN_POINT('',(-28.35533905932,-23.23098340634));
#1257 = CARTESIAN_POINT('',(-28.35533905932,-35.35533905932));
#1258 = ( GEOMETRIC_REPRESENTATION_CONTEXT(2) 
PARAMETRIC_REPRESENTATION_CONTEXT() REPRESENTATION_CONTEXT('2D SPACE',''
  ) );
#1259 = PCURVE('',#869,#1260);
#1260 = DEFINITIONAL_REPRESENTATION('',(#1261),#1265);
#1261 = LINE('',#1262,#1263);
#1262 = CARTESIAN_POINT('',(-6.28318530718,-42.));
#1263 = VECTOR('',#1264,1.);
#1264 = DIRECTION('',(1.,-0.));
#1265 = ( GEOMETRIC_REPRESENTATION_CONTEXT(2) 
PARAMETRIC_REPRESENTATION_CONTEXT() REPRESENTATION_CONTEXT('2D SPACE',''
  ) );
#1266 = FACE_BOUND('',#1267,.T.);
#1267 = EDGE_LOOP('',(#1268));
#1268 = ORIENTED_EDGE('',*,*,#1269,.T.);
#1269 = EDGE_CURVE('',#1270,#1270,#1272,.T.);
#1270 = VERTEX_POINT('',#1271);
#1271 = CARTESIAN_POINT('',(42.355339059327,-35.35533905932,77.));
#1272 = SURFACE_CURVE('',#1273,(#1278,#1289),.PCURVE_S1.);
#1273 = CIRCLE('',#1274,7.);
#1274 = AXIS2_PLACEMENT_3D('',#1275,#1276,#1277);
#1275 = CARTESIAN_POINT('',(35.355339059327,-35.35533905932,77.));
#1276 = DIRECTION('',(0.,0.,-1.));
#1277 = DIRECTION('',(1.,0.,0.));
#1278 = PCURVE('',#200,#1279);
#1279 = DEFINITIONAL_REPRESENTATION('',(#1280),#1288);
#1280 = ( BOUNDED_CURVE() B_SPLINE_CURVE(2,(#1281,#1282,#1283,#1284,
#1285,#1286,#1287),.UNSPECIFIED.,.T.,.F.) B_SPLINE_CURVE_WITH_KNOTS((1,2
    ,2,2,2,1),(-2.094395102393,0.,2.094395102393,4.188790204786,
6.28318530718,8.377580409573),.UNSPECIFIED.) CURVE() 
GEOMETRIC_REPRESENTATION_ITEM() RATIONAL_B_SPLINE_CURVE((1.,0.5,1.,0.5,
1.,0.5,1.)) REPRESENTATION_ITEM('') );
#1281 = CARTESIAN_POINT('',(42.355339059327,-35.35533905932));
#1282 = CARTESIAN_POINT('',(42.355339059327,-47.47969471231));
#1283 = CARTESIAN_POINT('',(31.855339059327,-41.41751688581));
#1284 = CARTESIAN_POINT('',(21.355339059327,-35.35533905932));
#1285 = CARTESIAN_POINT('',(31.855339059327,-29.29316123283));
#1286 = CARTESIAN_POINT('',(42.355339059327,-23.23098340634));
#1287 = CARTESIAN_POINT('',(42.355339059327,-35.35533905932));
#1288 = ( GEOMETRIC_REPRESENTATION_CONTEXT(2) 
PARAMETRIC_REPRESENTATION_CONTEXT() REPRESENTATION_CONTEXT('2D SPACE',''
  ) );
#1289 = PCURVE('',#900,#1290);
#1290 = DEFINITIONAL_REPRESENTATION('',(#1291),#1295);
#1291 = LINE('',#1292,#1293);
#1292 = CARTESIAN_POINT('',(-6.28318530718,-42.));
#1293 = VECTOR('',#1294,1.);
#1294 = DIRECTION('',(1.,-0.));
#1295 = ( GEOMETRIC_REPRESENTATION_CONTEXT(2) 
PARAMETRIC_REPRESENTATION_CONTEXT() REPRESENTATION_CONTEXT('2D SPACE',''
  ) );
#1296 = FACE_BOUND('',#1297,.T.);
#1297 = EDGE_LOOP('',(#1298));
#1298 = ORIENTED_EDGE('',*,*,#1299,.T.);
#1299 = EDGE_CURVE('',#1300,#1300,#1302,.T.);
#1300 = VERTEX_POINT('',#1301);
#1301 = CARTESIAN_POINT('',(-28.35533905932,35.355339059327,77.));
#1302 = SURFACE_CURVE('',#1303,(#1308,#1319),.PCURVE_S1.);
#1303 = CIRCLE('',#1304,7.);
#1304 = AXIS2_PLACEMENT_3D('',#1305,#1306,#1307);
#1305 = CARTESIAN_POINT('',(-35.35533905932,35.355339059327,77.));
#1306 = DIRECTION('',(0.,0.,-1.));
#1307 = DIRECTION('',(1.,0.,0.));
#1308 = PCURVE('',#200,#1309);
#1309 = DEFINITIONAL_REPRESENTATION('',(#1310),#1318);
#1310 = ( BOUNDED_CURVE() B_SPLINE_CURVE(2,(#1311,#1312,#1313,#1314,
#1315,#1316,#1317),.UNSPECIFIED.,.T.,.F.) B_SPLINE_CURVE_WITH_KNOTS((1,2
    ,2,2,2,1),(-2.094395102393,0.,2.094395102393,4.188790204786,
6.28318530718,8.377580409573),.UNSPECIFIED.) CURVE() 
GEOMETRIC_REPRESENTATION_ITEM() RATIONAL_B_SPLINE_CURVE((1.,0.5,1.,0.5,
1.,0.5,1.)) REPRESENTATION_ITEM('') );
#1311 = CARTESIAN_POINT('',(-28.35533905932,35.355339059327));
#1312 = CARTESIAN_POINT('',(-28.35533905932,23.230983406345));
#1313 = CARTESIAN_POINT('',(-38.85533905932,29.293161232836));
#1314 = CARTESIAN_POINT('',(-49.35533905932,35.355339059327));
#1315 = CARTESIAN_POINT('',(-38.85533905932,41.417516885818));
#1316 = CARTESIAN_POINT('',(-28.35533905932,47.47969471231));
#1317 = CARTESIAN_POINT('',(-28.35533905932,35.355339059327));
#1318 = ( GEOMETRIC_REPRESENTATION_CONTEXT(2) 
PARAMETRIC_REPRESENTATION_CONTEXT() REPRESENTATION_CONTEXT('2D SPACE',''
  ) );
#1319 = PCURVE('',#931,#1320);
#1320 = DEFINITIONAL_REPRESENTATION('',(#1321),#1325);
#1321 = LINE('',#1322,#1323);
#1322 = CARTESIAN_POINT('',(-6.28318530718,-42.));
#1323 = VECTOR('',#1324,1.);
#1324 = DIRECTION('',(1.,-0.));
#1325 = ( GEOMETRIC_REPRESENTATION_CONTEXT(2) 
PARAMETRIC_REPRESENTATION_CONTEXT() REPRESENTATION_CONTEXT('2D SPACE',''
  ) );
#1326 = FACE_BOUND('',#1327,.T.);
#1327 = EDGE_LOOP('',(#1328));
#1328 = ORIENTED_EDGE('',*,*,#1329,.T.);
#1329 = EDGE_CURVE('',#1330,#1330,#1332,.T.);
#1330 = VERTEX_POINT('',#1331);
#1331 = CARTESIAN_POINT('',(28.55,0.,77.));
#1332 = SURFACE_CURVE('',#1333,(#1338,#1349),.PCURVE_S1.);
#1333 = CIRCLE('',#1334,28.55);
#1334 = AXIS2_PLACEMENT_3D('',#1335,#1336,#1337);
#1335 = CARTESIAN_POINT('',(0.,0.,77.));
#1336 = DIRECTION('',(0.,0.,-1.));
#1337 = DIRECTION('',(1.,0.,0.));
#1338 = PCURVE('',#200,#1339);
#1339 = DEFINITIONAL_REPRESENTATION('',(#1340),#1348);
#1340 = ( BOUNDED_CURVE() B_SPLINE_CURVE(2,(#1341,#1342,#1343,#1344,
#1345,#1346,#1347),.UNSPECIFIED.,.T.,.F.) B_SPLINE_CURVE_WITH_KNOTS((1,2
    ,2,2,2,1),(-2.094395102393,0.,2.094395102393,4.188790204786,
6.28318530718,8.377580409573),.UNSPECIFIED.) CURVE() 
GEOMETRIC_REPRESENTATION_ITEM() RATIONAL_B_SPLINE_CURVE((1.,0.5,1.,0.5,
1.,0.5,1.)) REPRESENTATION_ITEM('') );
#1341 = CARTESIAN_POINT('',(28.55,-1.922857042187E-15));
#1342 = CARTESIAN_POINT('',(28.55,-49.45005055609));
#1343 = CARTESIAN_POINT('',(-14.275,-24.72502527804));
#1344 = CARTESIAN_POINT('',(-57.1,-8.915590265318E-15));
#1345 = CARTESIAN_POINT('',(-14.275,24.725025278046));
#1346 = CARTESIAN_POINT('',(28.55,49.450050556091));
#1347 = CARTESIAN_POINT('',(28.55,-1.922857042187E-15));
#1348 = ( GEOMETRIC_REPRESENTATION_CONTEXT(2) 
PARAMETRIC_REPRESENTATION_CONTEXT() REPRESENTATION_CONTEXT('2D SPACE',''
  ) );
#1349 = PCURVE('',#966,#1350);
#1350 = DEFINITIONAL_REPRESENTATION('',(#1351),#1355);
#1351 = LINE('',#1352,#1353);
#1352 = CARTESIAN_POINT('',(-6.28318530718,-52.));
#1353 = VECTOR('',#1354,1.);
#1354 = DIRECTION('',(1.,-0.));
#1355 = ( GEOMETRIC_REPRESENTATION_CONTEXT(2) 
PARAMETRIC_REPRESENTATION_CONTEXT() REPRESENTATION_CONTEXT('2D SPACE',''
  ) );
#1356 = FACE_BOUND('',#1357,.T.);
#1357 = EDGE_LOOP('',(#1358));
#1358 = ORIENTED_EDGE('',*,*,#1359,.T.);
#1359 = EDGE_CURVE('',#1360,#1360,#1362,.T.);
#1360 = VERTEX_POINT('',#1361);
#1361 = CARTESIAN_POINT('',(42.355339059327,35.355339059327,77.));
#1362 = SURFACE_CURVE('',#1363,(#1368,#1379),.PCURVE_S1.);
#1363 = CIRCLE('',#1364,7.);
#1364 = AXIS2_PLACEMENT_3D('',#1365,#1366,#1367);
#1365 = CARTESIAN_POINT('',(35.355339059327,35.355339059327,77.));
#1366 = DIRECTION('',(0.,0.,-1.));
#1367 = DIRECTION('',(1.,0.,0.));
#1368 = PCURVE('',#200,#1369);
#1369 = DEFINITIONAL_REPRESENTATION('',(#1370),#1378);
#1370 = ( BOUNDED_CURVE() B_SPLINE_CURVE(2,(#1371,#1372,#1373,#1374,
#1375,#1376,#1377),.UNSPECIFIED.,.T.,.F.) B_SPLINE_CURVE_WITH_KNOTS((1,2
    ,2,2,2,1),(-2.094395102393,0.,2.094395102393,4.188790204786,
6.28318530718,8.377580409573),.UNSPECIFIED.) CURVE() 
GEOMETRIC_REPRESENTATION_ITEM() RATIONAL_B_SPLINE_CURVE((1.,0.5,1.,0.5,
1.,0.5,1.)) REPRESENTATION_ITEM('') );
#1371 = CARTESIAN_POINT('',(42.355339059327,35.355339059327));
#1372 = CARTESIAN_POINT('',(42.355339059327,23.230983406345));
#1373 = CARTESIAN_POINT('',(31.855339059327,29.293161232836));
#1374 = CARTESIAN_POINT('',(21.355339059327,35.355339059327));
#1375 = CARTESIAN_POINT('',(31.855339059327,41.417516885818));
#1376 = CARTESIAN_POINT('',(42.355339059327,47.47969471231));
#1377 = CARTESIAN_POINT('',(42.355339059327,35.355339059327));
#1378 = ( GEOMETRIC_REPRESENTATION_CONTEXT(2) 
PARAMETRIC_REPRESENTATION_CONTEXT() REPRESENTATION_CONTEXT('2D SPACE',''
  ) );
#1379 = PCURVE('',#997,#1380);
#1380 = DEFINITIONAL_REPRESENTATION('',(#1381),#1385);
#1381 = LINE('',#1382,#1383);
#1382 = CARTESIAN_POINT('',(-6.28318530718,-42.));
#1383 = VECTOR('',#1384,1.);
#1384 = DIRECTION('',(1.,-0.));
#1385 = ( GEOMETRIC_REPRESENTATION_CONTEXT(2) 
PARAMETRIC_REPRESENTATION_CONTEXT() REPRESENTATION_CONTEXT('2D SPACE',''
  ) );
#1386 = ADVANCED_FACE('',(#1387),#122,.T.);
#1387 = FACE_BOUND('',#1388,.T.);
#1388 = EDGE_LOOP('',(#1389,#1390,#1391,#1392));
#1389 = ORIENTED_EDGE('',*,*,#1013,.F.);
#1390 = ORIENTED_EDGE('',*,*,#107,.F.);
#1391 = ORIENTED_EDGE('',*,*,#1162,.T.);
#1392 = ORIENTED_EDGE('',*,*,#1393,.T.);
#1393 = EDGE_CURVE('',#1163,#1014,#1394,.T.);
#1394 = SURFACE_CURVE('',#1395,(#1399,#1405),.PCURVE_S1.);
#1395 = LINE('',#1396,#1397);
#1396 = CARTESIAN_POINT('',(177.48875213771,13.48120412271,0.));
#1397 = VECTOR('',#1398,1.);
#1398 = DIRECTION('',(-0.,-0.,-1.));
#1399 = PCURVE('',#122,#1400);
#1400 = DEFINITIONAL_REPRESENTATION('',(#1401),#1404);
#1401 = B_SPLINE_CURVE_WITH_KNOTS('',1,(#1402,#1403),.UNSPECIFIED.,.F.,
  .F.,(2,2),(-70.,-46.),.PIECEWISE_BEZIER_KNOTS.);
#1402 = CARTESIAN_POINT('',(135.58028746962,-22.));
#1403 = CARTESIAN_POINT('',(135.58028746962,2.));
#1404 = ( GEOMETRIC_REPRESENTATION_CONTEXT(2) 
PARAMETRIC_REPRESENTATION_CONTEXT() REPRESENTATION_CONTEXT('2D SPACE',''
  ) );
#1405 = PCURVE('',#1053,#1406);
#1406 = DEFINITIONAL_REPRESENTATION('',(#1407),#1410);
#1407 = B_SPLINE_CURVE_WITH_KNOTS('',1,(#1408,#1409),.UNSPECIFIED.,.F.,
  .F.,(2,2),(-70.,-46.),.PIECEWISE_BEZIER_KNOTS.);
#1408 = CARTESIAN_POINT('',(-7.580969539168E-02,-70.));
#1409 = CARTESIAN_POINT('',(-7.580969539168E-02,-46.));
#1410 = ( GEOMETRIC_REPRESENTATION_CONTEXT(2) 
PARAMETRIC_REPRESENTATION_CONTEXT() REPRESENTATION_CONTEXT('2D SPACE',''
  ) );
#1411 = ADVANCED_FACE('',(#1412),#305,.T.);
#1412 = FACE_BOUND('',#1413,.T.);
#1413 = EDGE_LOOP('',(#1414,#1437,#1438,#1461));
#1414 = ORIENTED_EDGE('',*,*,#1415,.F.);
#1415 = EDGE_CURVE('',#291,#1416,#1418,.T.);
#1416 = VERTEX_POINT('',#1417);
#1417 = CARTESIAN_POINT('',(77.069310824985,160.45037029861,48.));
#1418 = SURFACE_CURVE('',#1419,(#1423,#1430),.PCURVE_S1.);
#1419 = LINE('',#1420,#1421);
#1420 = CARTESIAN_POINT('',(13.638784067832,40.623066958946,48.));
#1421 = VECTOR('',#1422,1.);
#1422 = DIRECTION('',(0.467844757826,0.883810659913,0.));
#1423 = PCURVE('',#305,#1424);
#1424 = DEFINITIONAL_REPRESENTATION('',(#1425),#1429);
#1425 = LINE('',#1426,#1427);
#1426 = CARTESIAN_POINT('',(0.,0.));
#1427 = VECTOR('',#1428,1.);
#1428 = DIRECTION('',(1.,0.));
#1429 = ( GEOMETRIC_REPRESENTATION_CONTEXT(2) 
PARAMETRIC_REPRESENTATION_CONTEXT() REPRESENTATION_CONTEXT('2D SPACE',''
  ) );
#1430 = PCURVE('',#386,#1431);
#1431 = DEFINITIONAL_REPRESENTATION('',(#1432),#1436);
#1432 = LINE('',#1433,#1434);
#1433 = CARTESIAN_POINT('',(42.436539972957,-56.50224333058));
#1434 = VECTOR('',#1435,1.);
#1435 = DIRECTION('',(-0.467844757826,0.883810659913));
#1436 = ( GEOMETRIC_REPRESENTATION_CONTEXT(2) 
PARAMETRIC_REPRESENTATION_CONTEXT() REPRESENTATION_CONTEXT('2D SPACE',''
  ) );
#1437 = ORIENTED_EDGE('',*,*,#288,.F.);
#1438 = ORIENTED_EDGE('',*,*,#1439,.T.);
#1439 = EDGE_CURVE('',#289,#1440,#1442,.T.);
#1440 = VERTEX_POINT('',#1441);
#1441 = CARTESIAN_POINT('',(77.069310824985,160.45037029861,68.));
#1442 = SURFACE_CURVE('',#1443,(#1447,#1454),.PCURVE_S1.);
#1443 = LINE('',#1444,#1445);
#1444 = CARTESIAN_POINT('',(13.638784067832,40.623066958946,68.));
#1445 = VECTOR('',#1446,1.);
#1446 = DIRECTION('',(0.467844757826,0.883810659913,0.));
#1447 = PCURVE('',#305,#1448);
#1448 = DEFINITIONAL_REPRESENTATION('',(#1449),#1453);
#1449 = LINE('',#1450,#1451);
#1450 = CARTESIAN_POINT('',(0.,-20.));
#1451 = VECTOR('',#1452,1.);
#1452 = DIRECTION('',(1.,0.));
#1453 = ( GEOMETRIC_REPRESENTATION_CONTEXT(2) 
PARAMETRIC_REPRESENTATION_CONTEXT() REPRESENTATION_CONTEXT('2D SPACE',''
  ) );
#1454 = PCURVE('',#333,#1455);
#1455 = DEFINITIONAL_REPRESENTATION('',(#1456),#1460);
#1456 = LINE('',#1457,#1458);
#1457 = CARTESIAN_POINT('',(42.436539972957,-56.50224333058));
#1458 = VECTOR('',#1459,1.);
#1459 = DIRECTION('',(-0.467844757826,0.883810659913));
#1460 = ( GEOMETRIC_REPRESENTATION_CONTEXT(2) 
PARAMETRIC_REPRESENTATION_CONTEXT() REPRESENTATION_CONTEXT('2D SPACE',''
  ) );
#1461 = ORIENTED_EDGE('',*,*,#1462,.T.);
#1462 = EDGE_CURVE('',#1440,#1416,#1463,.T.);
#1463 = SURFACE_CURVE('',#1464,(#1468,#1474),.PCURVE_S1.);
#1464 = LINE('',#1465,#1466);
#1465 = CARTESIAN_POINT('',(77.069310824985,160.45037029861,0.));
#1466 = VECTOR('',#1467,1.);
#1467 = DIRECTION('',(-0.,-0.,-1.));
#1468 = PCURVE('',#305,#1469);
#1469 = DEFINITIONAL_REPRESENTATION('',(#1470),#1473);
#1470 = B_SPLINE_CURVE_WITH_KNOTS('',1,(#1471,#1472),.UNSPECIFIED.,.F.,
  .F.,(2,2),(-70.,-46.),.PIECEWISE_BEZIER_KNOTS.);
#1471 = CARTESIAN_POINT('',(135.58028746962,-22.));
#1472 = CARTESIAN_POINT('',(135.58028746962,2.));
#1473 = ( GEOMETRIC_REPRESENTATION_CONTEXT(2) 
PARAMETRIC_REPRESENTATION_CONTEXT() REPRESENTATION_CONTEXT('2D SPACE',''
  ) );
#1474 = PCURVE('',#1053,#1475);
#1475 = DEFINITIONAL_REPRESENTATION('',(#1476),#1479);
#1476 = B_SPLINE_CURVE_WITH_KNOTS('',1,(#1477,#1478),.UNSPECIFIED.,.F.,
  .F.,(2,2),(-70.,-46.),.PIECEWISE_BEZIER_KNOTS.);
#1477 = CARTESIAN_POINT('',(-1.123007246588,-70.));
#1478 = CARTESIAN_POINT('',(-1.123007246588,-46.));
#1479 = ( GEOMETRIC_REPRESENTATION_CONTEXT(2) 
PARAMETRIC_REPRESENTATION_CONTEXT() REPRESENTATION_CONTEXT('2D SPACE',''
  ) );
#1480 = ADVANCED_FACE('',(#1481),#386,.T.);
#1481 = FACE_BOUND('',#1482,.T.);
#1482 = EDGE_LOOP('',(#1483,#1484,#1485,#1509));
#1483 = ORIENTED_EDGE('',*,*,#371,.F.);
#1484 = ORIENTED_EDGE('',*,*,#1415,.T.);
#1485 = ORIENTED_EDGE('',*,*,#1486,.T.);
#1486 = EDGE_CURVE('',#1416,#1487,#1489,.T.);
#1487 = VERTEX_POINT('',#1488);
#1488 = CARTESIAN_POINT('',(100.41944131272,146.9691661759,48.));
#1489 = SURFACE_CURVE('',#1490,(#1495,#1502),.PCURVE_S1.);
#1490 = CIRCLE('',#1491,178.);
#1491 = AXIS2_PLACEMENT_3D('',#1492,#1493,#1494);
#1492 = CARTESIAN_POINT('',(9.578339871034E-13,8.951719505639E-15,48.));
#1493 = DIRECTION('',(0.,0.,-1.));
#1494 = DIRECTION('',(0.43297365632,0.901406574711,0.));
#1495 = PCURVE('',#386,#1496);
#1496 = DEFINITIONAL_REPRESENTATION('',(#1497),#1501);
#1497 = CIRCLE('',#1498,178.);
#1498 = AXIS2_PLACEMENT_2D('',#1499,#1500);
#1499 = CARTESIAN_POINT('',(56.075324040788,-97.12531028953));
#1500 = DIRECTION('',(-0.43297365632,0.901406574711));
#1501 = ( GEOMETRIC_REPRESENTATION_CONTEXT(2) 
PARAMETRIC_REPRESENTATION_CONTEXT() REPRESENTATION_CONTEXT('2D SPACE',''
  ) );
#1502 = PCURVE('',#1053,#1503);
#1503 = DEFINITIONAL_REPRESENTATION('',(#1504),#1508);
#1504 = LINE('',#1505,#1506);
#1505 = CARTESIAN_POINT('',(-1.123007246588,-48.));
#1506 = VECTOR('',#1507,1.);
#1507 = DIRECTION('',(1.,-0.));
#1508 = ( GEOMETRIC_REPRESENTATION_CONTEXT(2) 
PARAMETRIC_REPRESENTATION_CONTEXT() REPRESENTATION_CONTEXT('2D SPACE',''
  ) );
#1509 = ORIENTED_EDGE('',*,*,#1510,.T.);
#1510 = EDGE_CURVE('',#1487,#346,#1511,.T.);
#1511 = SURFACE_CURVE('',#1512,(#1516,#1523),.PCURVE_S1.);
#1512 = LINE('',#1513,#1514);
#1513 = CARTESIAN_POINT('',(100.69134295109,147.40252187363,48.));
#1514 = VECTOR('',#1515,1.);
#1515 = DIRECTION('',(-0.531480104707,-0.847070775261,0.));
#1516 = PCURVE('',#386,#1517);
#1517 = DEFINITIONAL_REPRESENTATION('',(#1518),#1522);
#1518 = LINE('',#1519,#1520);
#1519 = CARTESIAN_POINT('',(-44.6160189103,50.277211584095));
#1520 = VECTOR('',#1521,1.);
#1521 = DIRECTION('',(0.531480104707,-0.847070775261));
#1522 = ( GEOMETRIC_REPRESENTATION_CONTEXT(2) 
PARAMETRIC_REPRESENTATION_CONTEXT() REPRESENTATION_CONTEXT('2D SPACE',''
  ) );
#1523 = PCURVE('',#360,#1524);
#1524 = DEFINITIONAL_REPRESENTATION('',(#1525),#1529);
#1525 = LINE('',#1526,#1527);
#1526 = CARTESIAN_POINT('',(0.,0.));
#1527 = VECTOR('',#1528,1.);
#1528 = DIRECTION('',(1.,0.));
#1529 = ( GEOMETRIC_REPRESENTATION_CONTEXT(2) 
PARAMETRIC_REPRESENTATION_CONTEXT() REPRESENTATION_CONTEXT('2D SPACE',''
  ) );
#1530 = ADVANCED_FACE('',(#1531),#360,.T.);
#1531 = FACE_BOUND('',#1532,.T.);
#1532 = EDGE_LOOP('',(#1533,#1554,#1575,#1576));
#1533 = ORIENTED_EDGE('',*,*,#1534,.F.);
#1534 = EDGE_CURVE('',#1535,#1487,#1537,.T.);
#1535 = VERTEX_POINT('',#1536);
#1536 = CARTESIAN_POINT('',(100.41944131272,146.9691661759,68.));
#1537 = SURFACE_CURVE('',#1538,(#1542,#1548),.PCURVE_S1.);
#1538 = LINE('',#1539,#1540);
#1539 = CARTESIAN_POINT('',(100.41944131272,146.9691661759,0.));
#1540 = VECTOR('',#1541,1.);
#1541 = DIRECTION('',(-0.,-0.,-1.));
#1542 = PCURVE('',#360,#1543);
#1543 = DEFINITIONAL_REPRESENTATION('',(#1544),#1547);
#1544 = B_SPLINE_CURVE_WITH_KNOTS('',1,(#1545,#1546),.UNSPECIFIED.,.F.,
  .F.,(2,2),(-70.,-46.),.PIECEWISE_BEZIER_KNOTS.);
#1545 = CARTESIAN_POINT('',(0.511593258065,-22.));
#1546 = CARTESIAN_POINT('',(0.511593258065,2.));
#1547 = ( GEOMETRIC_REPRESENTATION_CONTEXT(2) 
PARAMETRIC_REPRESENTATION_CONTEXT() REPRESENTATION_CONTEXT('2D SPACE',''
  ) );
#1548 = PCURVE('',#1053,#1549);
#1549 = DEFINITIONAL_REPRESENTATION('',(#1550),#1553);
#1550 = B_SPLINE_CURVE_WITH_KNOTS('',1,(#1551,#1552),.UNSPECIFIED.,.F.,
  .F.,(2,2),(-70.,-46.),.PIECEWISE_BEZIER_KNOTS.);
#1551 = CARTESIAN_POINT('',(-0.971387855805,-70.));
#1552 = CARTESIAN_POINT('',(-0.971387855805,-46.));
#1553 = ( GEOMETRIC_REPRESENTATION_CONTEXT(2) 
PARAMETRIC_REPRESENTATION_CONTEXT() REPRESENTATION_CONTEXT('2D SPACE',''
  ) );
#1554 = ORIENTED_EDGE('',*,*,#1555,.T.);
#1555 = EDGE_CURVE('',#1535,#317,#1556,.T.);
#1556 = SURFACE_CURVE('',#1557,(#1561,#1568),.PCURVE_S1.);
#1557 = LINE('',#1558,#1559);
#1558 = CARTESIAN_POINT('',(100.69134295109,147.40252187363,68.));
#1559 = VECTOR('',#1560,1.);
#1560 = DIRECTION('',(-0.531480104707,-0.847070775261,0.));
#1561 = PCURVE('',#360,#1562);
#1562 = DEFINITIONAL_REPRESENTATION('',(#1563),#1567);
#1563 = LINE('',#1564,#1565);
#1564 = CARTESIAN_POINT('',(0.,-20.));
#1565 = VECTOR('',#1566,1.);
#1566 = DIRECTION('',(1.,0.));
#1567 = ( GEOMETRIC_REPRESENTATION_CONTEXT(2) 
PARAMETRIC_REPRESENTATION_CONTEXT() REPRESENTATION_CONTEXT('2D SPACE',''
  ) );
#1568 = PCURVE('',#333,#1569);
#1569 = DEFINITIONAL_REPRESENTATION('',(#1570),#1574);
#1570 = LINE('',#1571,#1572);
#1571 = CARTESIAN_POINT('',(-44.6160189103,50.277211584095));
#1572 = VECTOR('',#1573,1.);
#1573 = DIRECTION('',(0.531480104707,-0.847070775261));
#1574 = ( GEOMETRIC_REPRESENTATION_CONTEXT(2) 
PARAMETRIC_REPRESENTATION_CONTEXT() REPRESENTATION_CONTEXT('2D SPACE',''
  ) );
#1575 = ORIENTED_EDGE('',*,*,#345,.T.);
#1576 = ORIENTED_EDGE('',*,*,#1510,.F.);
#1577 = ADVANCED_FACE('',(#1578),#333,.F.);
#1578 = FACE_BOUND('',#1579,.F.);
#1579 = EDGE_LOOP('',(#1580,#1581,#1582,#1608));
#1580 = ORIENTED_EDGE('',*,*,#316,.F.);
#1581 = ORIENTED_EDGE('',*,*,#1439,.T.);
#1582 = ORIENTED_EDGE('',*,*,#1583,.F.);
#1583 = EDGE_CURVE('',#1535,#1440,#1584,.T.);
#1584 = SURFACE_CURVE('',#1585,(#1590,#1601),.PCURVE_S1.);
#1585 = CIRCLE('',#1586,178.);
#1586 = AXIS2_PLACEMENT_3D('',#1587,#1588,#1589);
#1587 = CARTESIAN_POINT('',(9.578339871034E-13,8.951719505639E-15,68.));
#1588 = DIRECTION('',(0.,0.,1.));
#1589 = DIRECTION('',(0.564154164678,0.825669472898,-0.));
#1590 = PCURVE('',#333,#1591);
#1591 = DEFINITIONAL_REPRESENTATION('',(#1592),#1600);
#1592 = ( BOUNDED_CURVE() B_SPLINE_CURVE(2,(#1593,#1594,#1595,#1596,
#1597,#1598,#1599),.UNSPECIFIED.,.T.,.F.) B_SPLINE_CURVE_WITH_KNOTS((1,2
    ,2,2,2,1),(-2.094395102393,0.,2.094395102393,4.188790204786,
6.28318530718,8.377580409573),.UNSPECIFIED.) CURVE() 
GEOMETRIC_REPRESENTATION_ITEM() RATIONAL_B_SPLINE_CURVE((1.,0.5,1.,0.5,
1.,0.5,1.)) REPRESENTATION_ITEM('') );
#1593 = CARTESIAN_POINT('',(-44.34411727193,49.843855886368));
#1594 = CARTESIAN_POINT('',(210.21394569076,223.77543030768));
#1595 = CARTESIAN_POINT('',(233.56407617849,-83.64410616682));
#1596 = CARTESIAN_POINT('',(256.91420666623,-391.0636426413));
#1597 = CARTESIAN_POINT('',(-20.99398678419,-257.5756805881));
#1598 = CARTESIAN_POINT('',(-298.9021802346,-124.0877185349));
#1599 = CARTESIAN_POINT('',(-44.34411727193,49.843855886368));
#1600 = ( GEOMETRIC_REPRESENTATION_CONTEXT(2) 
PARAMETRIC_REPRESENTATION_CONTEXT() REPRESENTATION_CONTEXT('2D SPACE',''
  ) );
#1601 = PCURVE('',#1053,#1602);
#1602 = DEFINITIONAL_REPRESENTATION('',(#1603),#1607);
#1603 = LINE('',#1604,#1605);
#1604 = CARTESIAN_POINT('',(-0.971387855805,-68.));
#1605 = VECTOR('',#1606,1.);
#1606 = DIRECTION('',(-1.,-0.));
#1607 = ( GEOMETRIC_REPRESENTATION_CONTEXT(2) 
PARAMETRIC_REPRESENTATION_CONTEXT() REPRESENTATION_CONTEXT('2D SPACE',''
  ) );
#1608 = ORIENTED_EDGE('',*,*,#1555,.T.);
#1609 = ADVANCED_FACE('',(#1610),#417,.T.);
#1610 = FACE_BOUND('',#1611,.T.);
#1611 = EDGE_LOOP('',(#1612,#1635,#1636,#1659));
#1612 = ORIENTED_EDGE('',*,*,#1613,.F.);
#1613 = EDGE_CURVE('',#403,#1614,#1616,.T.);
#1614 = VERTEX_POINT('',#1615);
#1615 = CARTESIAN_POINT('',(-100.4194413127,146.9691661759,48.));
#1616 = SURFACE_CURVE('',#1617,(#1621,#1628),.PCURVE_S1.);
#1617 = LINE('',#1618,#1619);
#1618 = CARTESIAN_POINT('',(-28.36121593216,32.123066958946,48.));
#1619 = VECTOR('',#1620,1.);
#1620 = DIRECTION('',(-0.531480104707,0.847070775261,0.));
#1621 = PCURVE('',#417,#1622);
#1622 = DEFINITIONAL_REPRESENTATION('',(#1623),#1627);
#1623 = LINE('',#1624,#1625);
#1624 = CARTESIAN_POINT('',(0.,0.));
#1625 = VECTOR('',#1626,1.);
#1626 = DIRECTION('',(1.,0.));
#1627 = ( GEOMETRIC_REPRESENTATION_CONTEXT(2) 
PARAMETRIC_REPRESENTATION_CONTEXT() REPRESENTATION_CONTEXT('2D SPACE',''
  ) );
#1628 = PCURVE('',#498,#1629);
#1629 = DEFINITIONAL_REPRESENTATION('',(#1630),#1634);
#1630 = LINE('',#1631,#1632);
#1631 = CARTESIAN_POINT('',(-27.71410810862,-65.00224333058));
#1632 = VECTOR('',#1633,1.);
#1633 = DIRECTION('',(0.531480104707,0.847070775261));
#1634 = ( GEOMETRIC_REPRESENTATION_CONTEXT(2) 
PARAMETRIC_REPRESENTATION_CONTEXT() REPRESENTATION_CONTEXT('2D SPACE',''
  ) );
#1635 = ORIENTED_EDGE('',*,*,#400,.F.);
#1636 = ORIENTED_EDGE('',*,*,#1637,.T.);
#1637 = EDGE_CURVE('',#401,#1638,#1640,.T.);
#1638 = VERTEX_POINT('',#1639);
#1639 = CARTESIAN_POINT('',(-100.4194413127,146.9691661759,68.));
#1640 = SURFACE_CURVE('',#1641,(#1645,#1652),.PCURVE_S1.);
#1641 = LINE('',#1642,#1643);
#1642 = CARTESIAN_POINT('',(-28.36121593216,32.123066958946,68.));
#1643 = VECTOR('',#1644,1.);
#1644 = DIRECTION('',(-0.531480104707,0.847070775261,0.));
#1645 = PCURVE('',#417,#1646);
#1646 = DEFINITIONAL_REPRESENTATION('',(#1647),#1651);
#1647 = LINE('',#1648,#1649);
#1648 = CARTESIAN_POINT('',(0.,-20.));
#1649 = VECTOR('',#1650,1.);
#1650 = DIRECTION('',(1.,0.));
#1651 = ( GEOMETRIC_REPRESENTATION_CONTEXT(2) 
PARAMETRIC_REPRESENTATION_CONTEXT() REPRESENTATION_CONTEXT('2D SPACE',''
  ) );
#1652 = PCURVE('',#445,#1653);
#1653 = DEFINITIONAL_REPRESENTATION('',(#1654),#1658);
#1654 = LINE('',#1655,#1656);
#1655 = CARTESIAN_POINT('',(-27.71410810862,-65.00224333058));
#1656 = VECTOR('',#1657,1.);
#1657 = DIRECTION('',(0.531480104707,0.847070775261));
#1658 = ( GEOMETRIC_REPRESENTATION_CONTEXT(2) 
PARAMETRIC_REPRESENTATION_CONTEXT() REPRESENTATION_CONTEXT('2D SPACE',''
  ) );
#1659 = ORIENTED_EDGE('',*,*,#1660,.T.);
#1660 = EDGE_CURVE('',#1638,#1614,#1661,.T.);
#1661 = SURFACE_CURVE('',#1662,(#1666,#1672),.PCURVE_S1.);
#1662 = LINE('',#1663,#1664);
#1663 = CARTESIAN_POINT('',(-100.4194413127,146.9691661759,0.));
#1664 = VECTOR('',#1665,1.);
#1665 = DIRECTION('',(-0.,-0.,-1.));
#1666 = PCURVE('',#417,#1667);
#1667 = DEFINITIONAL_REPRESENTATION('',(#1668),#1671);
#1668 = B_SPLINE_CURVE_WITH_KNOTS('',1,(#1669,#1670),.UNSPECIFIED.,.F.,
  .F.,(2,2),(-70.,-46.),.PIECEWISE_BEZIER_KNOTS.);
#1669 = CARTESIAN_POINT('',(135.58028746962,-22.));
#1670 = CARTESIAN_POINT('',(135.58028746962,2.));
#1671 = ( GEOMETRIC_REPRESENTATION_CONTEXT(2) 
PARAMETRIC_REPRESENTATION_CONTEXT() REPRESENTATION_CONTEXT('2D SPACE',''
  ) );
#1672 = PCURVE('',#1053,#1673);
#1673 = DEFINITIONAL_REPRESENTATION('',(#1674),#1677);
#1674 = B_SPLINE_CURVE_WITH_KNOTS('',1,(#1675,#1676),.UNSPECIFIED.,.F.,
  .F.,(2,2),(-70.,-46.),.PIECEWISE_BEZIER_KNOTS.);
#1675 = CARTESIAN_POINT('',(-2.170204797785,-70.));
#1676 = CARTESIAN_POINT('',(-2.170204797785,-46.));
#1677 = ( GEOMETRIC_REPRESENTATION_CONTEXT(2) 
PARAMETRIC_REPRESENTATION_CONTEXT() REPRESENTATION_CONTEXT('2D SPACE',''
  ) );
#1678 = ADVANCED_FACE('',(#1679),#498,.T.);
#1679 = FACE_BOUND('',#1680,.T.);
#1680 = EDGE_LOOP('',(#1681,#1682,#1683,#1707));
#1681 = ORIENTED_EDGE('',*,*,#483,.F.);
#1682 = ORIENTED_EDGE('',*,*,#1613,.T.);
#1683 = ORIENTED_EDGE('',*,*,#1684,.T.);
#1684 = EDGE_CURVE('',#1614,#1685,#1687,.T.);
#1685 = VERTEX_POINT('',#1686);
#1686 = CARTESIAN_POINT('',(-77.06931082498,160.45037029861,48.));
#1687 = SURFACE_CURVE('',#1688,(#1693,#1700),.PCURVE_S1.);
#1688 = CIRCLE('',#1689,178.);
#1689 = AXIS2_PLACEMENT_3D('',#1690,#1691,#1692);
#1690 = CARTESIAN_POINT('',(9.578339871034E-13,8.951719505639E-15,48.));
#1691 = DIRECTION('',(0.,0.,-1.));
#1692 = DIRECTION('',(-0.564154164678,0.825669472898,0.));
#1693 = PCURVE('',#498,#1694);
#1694 = DEFINITIONAL_REPRESENTATION('',(#1695),#1699);
#1695 = CIRCLE('',#1696,178.);
#1696 = AXIS2_PLACEMENT_2D('',#1697,#1698);
#1697 = CARTESIAN_POINT('',(-56.07532404079,-97.12531028953));
#1698 = DIRECTION('',(0.564154164678,0.825669472898));
#1699 = ( GEOMETRIC_REPRESENTATION_CONTEXT(2) 
PARAMETRIC_REPRESENTATION_CONTEXT() REPRESENTATION_CONTEXT('2D SPACE',''
  ) );
#1700 = PCURVE('',#1053,#1701);
#1701 = DEFINITIONAL_REPRESENTATION('',(#1702),#1706);
#1702 = LINE('',#1703,#1704);
#1703 = CARTESIAN_POINT('',(-2.170204797785,-48.));
#1704 = VECTOR('',#1705,1.);
#1705 = DIRECTION('',(1.,-0.));
#1706 = ( GEOMETRIC_REPRESENTATION_CONTEXT(2) 
PARAMETRIC_REPRESENTATION_CONTEXT() REPRESENTATION_CONTEXT('2D SPACE',''
  ) );
#1707 = ORIENTED_EDGE('',*,*,#1708,.T.);
#1708 = EDGE_CURVE('',#1685,#458,#1709,.T.);
#1709 = SURFACE_CURVE('',#1710,(#1714,#1721),.PCURVE_S1.);
#1710 = LINE('',#1711,#1712);
#1711 = CARTESIAN_POINT('',(-77.30865704891,160.90252187363,48.));
#1712 = VECTOR('',#1713,1.);
#1713 = DIRECTION('',(0.467844757826,-0.883810659913,0.));
#1714 = PCURVE('',#498,#1715);
#1715 = DEFINITIONAL_REPRESENTATION('',(#1716),#1720);
#1716 = LINE('',#1717,#1718);
#1717 = CARTESIAN_POINT('',(21.233333008121,63.777211584095));
#1718 = VECTOR('',#1719,1.);
#1719 = DIRECTION('',(-0.467844757826,-0.883810659913));
#1720 = ( GEOMETRIC_REPRESENTATION_CONTEXT(2) 
PARAMETRIC_REPRESENTATION_CONTEXT() REPRESENTATION_CONTEXT('2D SPACE',''
  ) );
#1721 = PCURVE('',#472,#1722);
#1722 = DEFINITIONAL_REPRESENTATION('',(#1723),#1727);
#1723 = LINE('',#1724,#1725);
#1724 = CARTESIAN_POINT('',(0.,0.));
#1725 = VECTOR('',#1726,1.);
#1726 = DIRECTION('',(1.,0.));
#1727 = ( GEOMETRIC_REPRESENTATION_CONTEXT(2) 
PARAMETRIC_REPRESENTATION_CONTEXT() REPRESENTATION_CONTEXT('2D SPACE',''
  ) );
#1728 = ADVANCED_FACE('',(#1729),#472,.T.);
#1729 = FACE_BOUND('',#1730,.T.);
#1730 = EDGE_LOOP('',(#1731,#1752,#1773,#1774));
#1731 = ORIENTED_EDGE('',*,*,#1732,.F.);
#1732 = EDGE_CURVE('',#1733,#1685,#1735,.T.);
#1733 = VERTEX_POINT('',#1734);
#1734 = CARTESIAN_POINT('',(-77.06931082498,160.45037029861,68.));
#1735 = SURFACE_CURVE('',#1736,(#1740,#1746),.PCURVE_S1.);
#1736 = LINE('',#1737,#1738);
#1737 = CARTESIAN_POINT('',(-77.06931082498,160.45037029861,0.));
#1738 = VECTOR('',#1739,1.);
#1739 = DIRECTION('',(-0.,-0.,-1.));
#1740 = PCURVE('',#472,#1741);
#1741 = DEFINITIONAL_REPRESENTATION('',(#1742),#1745);
#1742 = B_SPLINE_CURVE_WITH_KNOTS('',1,(#1743,#1744),.UNSPECIFIED.,.F.,
  .F.,(2,2),(-70.,-46.),.PIECEWISE_BEZIER_KNOTS.);
#1743 = CARTESIAN_POINT('',(0.511593258066,-22.));
#1744 = CARTESIAN_POINT('',(0.511593258066,2.));
#1745 = ( GEOMETRIC_REPRESENTATION_CONTEXT(2) 
PARAMETRIC_REPRESENTATION_CONTEXT() REPRESENTATION_CONTEXT('2D SPACE',''
  ) );
#1746 = PCURVE('',#1053,#1747);
#1747 = DEFINITIONAL_REPRESENTATION('',(#1748),#1751);
#1748 = B_SPLINE_CURVE_WITH_KNOTS('',1,(#1749,#1750),.UNSPECIFIED.,.F.,
  .F.,(2,2),(-70.,-46.),.PIECEWISE_BEZIER_KNOTS.);
#1749 = CARTESIAN_POINT('',(-2.018585407002,-70.));
#1750 = CARTESIAN_POINT('',(-2.018585407002,-46.));
#1751 = ( GEOMETRIC_REPRESENTATION_CONTEXT(2) 
PARAMETRIC_REPRESENTATION_CONTEXT() REPRESENTATION_CONTEXT('2D SPACE',''
  ) );
#1752 = ORIENTED_EDGE('',*,*,#1753,.T.);
#1753 = EDGE_CURVE('',#1733,#429,#1754,.T.);
#1754 = SURFACE_CURVE('',#1755,(#1759,#1766),.PCURVE_S1.);
#1755 = LINE('',#1756,#1757);
#1756 = CARTESIAN_POINT('',(-77.30865704891,160.90252187363,68.));
#1757 = VECTOR('',#1758,1.);
#1758 = DIRECTION('',(0.467844757826,-0.883810659913,0.));
#1759 = PCURVE('',#472,#1760);
#1760 = DEFINITIONAL_REPRESENTATION('',(#1761),#1765);
#1761 = LINE('',#1762,#1763);
#1762 = CARTESIAN_POINT('',(0.,-20.));
#1763 = VECTOR('',#1764,1.);
#1764 = DIRECTION('',(1.,0.));
#1765 = ( GEOMETRIC_REPRESENTATION_CONTEXT(2) 
PARAMETRIC_REPRESENTATION_CONTEXT() REPRESENTATION_CONTEXT('2D SPACE',''
  ) );
#1766 = PCURVE('',#445,#1767);
#1767 = DEFINITIONAL_REPRESENTATION('',(#1768),#1772);
#1768 = LINE('',#1769,#1770);
#1769 = CARTESIAN_POINT('',(21.233333008121,63.777211584095));
#1770 = VECTOR('',#1771,1.);
#1771 = DIRECTION('',(-0.467844757826,-0.883810659913));
#1772 = ( GEOMETRIC_REPRESENTATION_CONTEXT(2) 
PARAMETRIC_REPRESENTATION_CONTEXT() REPRESENTATION_CONTEXT('2D SPACE',''
  ) );
#1773 = ORIENTED_EDGE('',*,*,#457,.T.);
#1774 = ORIENTED_EDGE('',*,*,#1708,.F.);
#1775 = ADVANCED_FACE('',(#1776),#445,.F.);
#1776 = FACE_BOUND('',#1777,.F.);
#1777 = EDGE_LOOP('',(#1778,#1779,#1780,#1806));
#1778 = ORIENTED_EDGE('',*,*,#428,.F.);
#1779 = ORIENTED_EDGE('',*,*,#1637,.T.);
#1780 = ORIENTED_EDGE('',*,*,#1781,.F.);
#1781 = EDGE_CURVE('',#1733,#1638,#1782,.T.);
#1782 = SURFACE_CURVE('',#1783,(#1788,#1799),.PCURVE_S1.);
#1783 = CIRCLE('',#1784,178.);
#1784 = AXIS2_PLACEMENT_3D('',#1785,#1786,#1787);
#1785 = CARTESIAN_POINT('',(9.578339871034E-13,8.951719505639E-15,68.));
#1786 = DIRECTION('',(0.,0.,1.));
#1787 = DIRECTION('',(-0.43297365632,0.901406574711,0.));
#1788 = PCURVE('',#445,#1789);
#1789 = DEFINITIONAL_REPRESENTATION('',(#1790),#1798);
#1790 = ( BOUNDED_CURVE() B_SPLINE_CURVE(2,(#1791,#1792,#1793,#1794,
#1795,#1796,#1797),.UNSPECIFIED.,.T.,.F.) B_SPLINE_CURVE_WITH_KNOTS((1,2
    ,2,2,2,1),(-2.094395102393,0.,2.094395102393,4.188790204786,
6.28318530718,8.377580409573),.UNSPECIFIED.) CURVE() 
GEOMETRIC_REPRESENTATION_ITEM() RATIONAL_B_SPLINE_CURVE((1.,0.5,1.,0.5,
1.,0.5,1.)) REPRESENTATION_ITEM('') );
#1791 = CARTESIAN_POINT('',(20.993986784196,63.325060009077));
#1792 = CARTESIAN_POINT('',(298.90218023463,-70.16290204411));
#1793 = CARTESIAN_POINT('',(44.344117271936,-244.0944764654));
#1794 = CARTESIAN_POINT('',(-210.2139456907,-418.0260508867));
#1795 = CARTESIAN_POINT('',(-233.5640761785,-110.6065144122));
#1796 = CARTESIAN_POINT('',(-256.9142066662,196.81302206227));
#1797 = CARTESIAN_POINT('',(20.993986784196,63.325060009077));
#1798 = ( GEOMETRIC_REPRESENTATION_CONTEXT(2) 
PARAMETRIC_REPRESENTATION_CONTEXT() REPRESENTATION_CONTEXT('2D SPACE',''
  ) );
#1799 = PCURVE('',#1053,#1800);
#1800 = DEFINITIONAL_REPRESENTATION('',(#1801),#1805);
#1801 = LINE('',#1802,#1803);
#1802 = CARTESIAN_POINT('',(-2.018585407002,-68.));
#1803 = VECTOR('',#1804,1.);
#1804 = DIRECTION('',(-1.,-0.));
#1805 = ( GEOMETRIC_REPRESENTATION_CONTEXT(2) 
PARAMETRIC_REPRESENTATION_CONTEXT() REPRESENTATION_CONTEXT('2D SPACE',''
  ) );
#1806 = ORIENTED_EDGE('',*,*,#1753,.T.);
#1807 = ADVANCED_FACE('',(#1808),#529,.T.);
#1808 = FACE_BOUND('',#1809,.T.);
#1809 = EDGE_LOOP('',(#1810,#1833,#1834,#1857));
#1810 = ORIENTED_EDGE('',*,*,#1811,.F.);
#1811 = EDGE_CURVE('',#515,#1812,#1814,.T.);
#1812 = VERTEX_POINT('',#1813);
#1813 = CARTESIAN_POINT('',(-177.4887521377,-13.48120412271,48.));
#1814 = SURFACE_CURVE('',#1815,(#1819,#1826),.PCURVE_S1.);
#1815 = LINE('',#1816,#1817);
#1816 = CARTESIAN_POINT('',(-42.,-8.5,48.));
#1817 = VECTOR('',#1818,1.);
#1818 = DIRECTION('',(-0.999324862533,-3.673988465193E-02,0.));
#1819 = PCURVE('',#529,#1820);
#1820 = DEFINITIONAL_REPRESENTATION('',(#1821),#1825);
#1821 = LINE('',#1822,#1823);
#1822 = CARTESIAN_POINT('',(0.,0.));
#1823 = VECTOR('',#1824,1.);
#1824 = DIRECTION('',(1.,0.));
#1825 = ( GEOMETRIC_REPRESENTATION_CONTEXT(2) 
PARAMETRIC_REPRESENTATION_CONTEXT() REPRESENTATION_CONTEXT('2D SPACE',''
  ) );
#1826 = PCURVE('',#610,#1827);
#1827 = DEFINITIONAL_REPRESENTATION('',(#1828),#1832);
#1828 = LINE('',#1829,#1830);
#1829 = CARTESIAN_POINT('',(-70.15064808157,-8.5));
#1830 = VECTOR('',#1831,1.);
#1831 = DIRECTION('',(0.999324862533,-3.673988465193E-02));
#1832 = ( GEOMETRIC_REPRESENTATION_CONTEXT(2) 
PARAMETRIC_REPRESENTATION_CONTEXT() REPRESENTATION_CONTEXT('2D SPACE',''
  ) );
#1833 = ORIENTED_EDGE('',*,*,#512,.F.);
#1834 = ORIENTED_EDGE('',*,*,#1835,.T.);
#1835 = EDGE_CURVE('',#513,#1836,#1838,.T.);
#1836 = VERTEX_POINT('',#1837);
#1837 = CARTESIAN_POINT('',(-177.4887521377,-13.48120412271,68.));
#1838 = SURFACE_CURVE('',#1839,(#1843,#1850),.PCURVE_S1.);
#1839 = LINE('',#1840,#1841);
#1840 = CARTESIAN_POINT('',(-42.,-8.5,68.));
#1841 = VECTOR('',#1842,1.);
#1842 = DIRECTION('',(-0.999324862533,-3.673988465193E-02,0.));
#1843 = PCURVE('',#529,#1844);
#1844 = DEFINITIONAL_REPRESENTATION('',(#1845),#1849);
#1845 = LINE('',#1846,#1847);
#1846 = CARTESIAN_POINT('',(0.,-20.));
#1847 = VECTOR('',#1848,1.);
#1848 = DIRECTION('',(1.,0.));
#1849 = ( GEOMETRIC_REPRESENTATION_CONTEXT(2) 
PARAMETRIC_REPRESENTATION_CONTEXT() REPRESENTATION_CONTEXT('2D SPACE',''
  ) );
#1850 = PCURVE('',#557,#1851);
#1851 = DEFINITIONAL_REPRESENTATION('',(#1852),#1856);
#1852 = LINE('',#1853,#1854);
#1853 = CARTESIAN_POINT('',(-70.15064808157,-8.5));
#1854 = VECTOR('',#1855,1.);
#1855 = DIRECTION('',(0.999324862533,-3.673988465193E-02));
#1856 = ( GEOMETRIC_REPRESENTATION_CONTEXT(2) 
PARAMETRIC_REPRESENTATION_CONTEXT() REPRESENTATION_CONTEXT('2D SPACE',''
  ) );
#1857 = ORIENTED_EDGE('',*,*,#1858,.T.);
#1858 = EDGE_CURVE('',#1836,#1812,#1859,.T.);
#1859 = SURFACE_CURVE('',#1860,(#1864,#1870),.PCURVE_S1.);
#1860 = LINE('',#1861,#1862);
#1861 = CARTESIAN_POINT('',(-177.4887521377,-13.48120412271,0.));
#1862 = VECTOR('',#1863,1.);
#1863 = DIRECTION('',(-0.,-0.,-1.));
#1864 = PCURVE('',#529,#1865);
#1865 = DEFINITIONAL_REPRESENTATION('',(#1866),#1869);
#1866 = B_SPLINE_CURVE_WITH_KNOTS('',1,(#1867,#1868),.UNSPECIFIED.,.F.,
  .F.,(2,2),(-70.,-46.),.PIECEWISE_BEZIER_KNOTS.);
#1867 = CARTESIAN_POINT('',(135.58028746962,-22.));
#1868 = CARTESIAN_POINT('',(135.58028746962,2.));
#1869 = ( GEOMETRIC_REPRESENTATION_CONTEXT(2) 
PARAMETRIC_REPRESENTATION_CONTEXT() REPRESENTATION_CONTEXT('2D SPACE',''
  ) );
#1870 = PCURVE('',#1053,#1871);
#1871 = DEFINITIONAL_REPRESENTATION('',(#1872),#1875);
#1872 = B_SPLINE_CURVE_WITH_KNOTS('',1,(#1873,#1874),.UNSPECIFIED.,.F.,
  .F.,(2,2),(-70.,-46.),.PIECEWISE_BEZIER_KNOTS.);
#1873 = CARTESIAN_POINT('',(-3.217402348981,-70.));
#1874 = CARTESIAN_POINT('',(-3.217402348981,-46.));
#1875 = ( GEOMETRIC_REPRESENTATION_CONTEXT(2) 
PARAMETRIC_REPRESENTATION_CONTEXT() REPRESENTATION_CONTEXT('2D SPACE',''
  ) );
#1876 = ADVANCED_FACE('',(#1877),#610,.T.);
#1877 = FACE_BOUND('',#1878,.T.);
#1878 = EDGE_LOOP('',(#1879,#1880,#1881,#1905));
#1879 = ORIENTED_EDGE('',*,*,#595,.F.);
#1880 = ORIENTED_EDGE('',*,*,#1811,.T.);
#1881 = ORIENTED_EDGE('',*,*,#1882,.T.);
#1882 = EDGE_CURVE('',#1812,#1883,#1885,.T.);
#1883 = VERTEX_POINT('',#1884);
#1884 = CARTESIAN_POINT('',(-177.4887521377,13.48120412271,48.));
#1885 = SURFACE_CURVE('',#1886,(#1891,#1898),.PCURVE_S1.);
#1886 = CIRCLE('',#1887,178.);
#1887 = AXIS2_PLACEMENT_3D('',#1888,#1889,#1890);
#1888 = CARTESIAN_POINT('',(9.578339871034E-13,8.951719505639E-15,48.));
#1889 = DIRECTION('',(0.,0.,-1.));
#1890 = DIRECTION('',(-0.997127820998,-7.573710181298E-02,-0.));
#1891 = PCURVE('',#610,#1892);
#1892 = DEFINITIONAL_REPRESENTATION('',(#1893),#1897);
#1893 = CIRCLE('',#1894,178.);
#1894 = AXIS2_PLACEMENT_2D('',#1895,#1896);
#1895 = CARTESIAN_POINT('',(-112.1506480815,-3.902528384385E-15));
#1896 = DIRECTION('',(0.997127820998,-7.573710181298E-02));
#1897 = ( GEOMETRIC_REPRESENTATION_CONTEXT(2) 
PARAMETRIC_REPRESENTATION_CONTEXT() REPRESENTATION_CONTEXT('2D SPACE',''
  ) );
#1898 = PCURVE('',#1053,#1899);
#1899 = DEFINITIONAL_REPRESENTATION('',(#1900),#1904);
#1900 = LINE('',#1901,#1902);
#1901 = CARTESIAN_POINT('',(-3.217402348981,-48.));
#1902 = VECTOR('',#1903,1.);
#1903 = DIRECTION('',(1.,-0.));
#1904 = ( GEOMETRIC_REPRESENTATION_CONTEXT(2) 
PARAMETRIC_REPRESENTATION_CONTEXT() REPRESENTATION_CONTEXT('2D SPACE',''
  ) );
#1905 = ORIENTED_EDGE('',*,*,#1906,.T.);
#1906 = EDGE_CURVE('',#1883,#570,#1907,.T.);
#1907 = SURFACE_CURVE('',#1908,(#1912,#1919),.PCURVE_S1.);
#1908 = LINE('',#1909,#1910);
#1909 = CARTESIAN_POINT('',(-178.,13.5,48.));
#1910 = VECTOR('',#1911,1.);
#1911 = DIRECTION('',(0.999324862533,-3.673988465193E-02,0.));
#1912 = PCURVE('',#610,#1913);
#1913 = DEFINITIONAL_REPRESENTATION('',(#1914),#1918);
#1914 = LINE('',#1915,#1916);
#1915 = CARTESIAN_POINT('',(65.849351918422,13.5));
#1916 = VECTOR('',#1917,1.);
#1917 = DIRECTION('',(-0.999324862533,-3.673988465193E-02));
#1918 = ( GEOMETRIC_REPRESENTATION_CONTEXT(2) 
PARAMETRIC_REPRESENTATION_CONTEXT() REPRESENTATION_CONTEXT('2D SPACE',''
  ) );
#1919 = PCURVE('',#584,#1920);
#1920 = DEFINITIONAL_REPRESENTATION('',(#1921),#1925);
#1921 = LINE('',#1922,#1923);
#1922 = CARTESIAN_POINT('',(0.,0.));
#1923 = VECTOR('',#1924,1.);
#1924 = DIRECTION('',(1.,0.));
#1925 = ( GEOMETRIC_REPRESENTATION_CONTEXT(2) 
PARAMETRIC_REPRESENTATION_CONTEXT() REPRESENTATION_CONTEXT('2D SPACE',''
  ) );
#1926 = ADVANCED_FACE('',(#1927),#584,.T.);
#1927 = FACE_BOUND('',#1928,.T.);
#1928 = EDGE_LOOP('',(#1929,#1950,#1971,#1972));
#1929 = ORIENTED_EDGE('',*,*,#1930,.F.);
#1930 = EDGE_CURVE('',#1931,#1883,#1933,.T.);
#1931 = VERTEX_POINT('',#1932);
#1932 = CARTESIAN_POINT('',(-177.4887521377,13.48120412271,68.));
#1933 = SURFACE_CURVE('',#1934,(#1938,#1944),.PCURVE_S1.);
#1934 = LINE('',#1935,#1936);
#1935 = CARTESIAN_POINT('',(-177.4887521377,13.48120412271,0.));
#1936 = VECTOR('',#1937,1.);
#1937 = DIRECTION('',(-0.,-0.,-1.));
#1938 = PCURVE('',#584,#1939);
#1939 = DEFINITIONAL_REPRESENTATION('',(#1940),#1943);
#1940 = B_SPLINE_CURVE_WITH_KNOTS('',1,(#1941,#1942),.UNSPECIFIED.,.F.,
  .F.,(2,2),(-70.,-46.),.PIECEWISE_BEZIER_KNOTS.);
#1941 = CARTESIAN_POINT('',(0.511593258067,-22.));
#1942 = CARTESIAN_POINT('',(0.511593258067,2.));
#1943 = ( GEOMETRIC_REPRESENTATION_CONTEXT(2) 
PARAMETRIC_REPRESENTATION_CONTEXT() REPRESENTATION_CONTEXT('2D SPACE',''
  ) );
#1944 = PCURVE('',#1053,#1945);
#1945 = DEFINITIONAL_REPRESENTATION('',(#1946),#1949);
#1946 = B_SPLINE_CURVE_WITH_KNOTS('',1,(#1947,#1948),.UNSPECIFIED.,.F.,
  .F.,(2,2),(-70.,-46.),.PIECEWISE_BEZIER_KNOTS.);
#1947 = CARTESIAN_POINT('',(-3.065782958198,-70.));
#1948 = CARTESIAN_POINT('',(-3.065782958198,-46.));
#1949 = ( GEOMETRIC_REPRESENTATION_CONTEXT(2) 
PARAMETRIC_REPRESENTATION_CONTEXT() REPRESENTATION_CONTEXT('2D SPACE',''
  ) );
#1950 = ORIENTED_EDGE('',*,*,#1951,.T.);
#1951 = EDGE_CURVE('',#1931,#541,#1952,.T.);
#1952 = SURFACE_CURVE('',#1953,(#1957,#1964),.PCURVE_S1.);
#1953 = LINE('',#1954,#1955);
#1954 = CARTESIAN_POINT('',(-178.,13.5,68.));
#1955 = VECTOR('',#1956,1.);
#1956 = DIRECTION('',(0.999324862533,-3.673988465193E-02,0.));
#1957 = PCURVE('',#584,#1958);
#1958 = DEFINITIONAL_REPRESENTATION('',(#1959),#1963);
#1959 = LINE('',#1960,#1961);
#1960 = CARTESIAN_POINT('',(0.,-20.));
#1961 = VECTOR('',#1962,1.);
#1962 = DIRECTION('',(1.,0.));
#1963 = ( GEOMETRIC_REPRESENTATION_CONTEXT(2) 
PARAMETRIC_REPRESENTATION_CONTEXT() REPRESENTATION_CONTEXT('2D SPACE',''
  ) );
#1964 = PCURVE('',#557,#1965);
#1965 = DEFINITIONAL_REPRESENTATION('',(#1966),#1970);
#1966 = LINE('',#1967,#1968);
#1967 = CARTESIAN_POINT('',(65.849351918422,13.5));
#1968 = VECTOR('',#1969,1.);
#1969 = DIRECTION('',(-0.999324862533,-3.673988465193E-02));
#1970 = ( GEOMETRIC_REPRESENTATION_CONTEXT(2) 
PARAMETRIC_REPRESENTATION_CONTEXT() REPRESENTATION_CONTEXT('2D SPACE',''
  ) );
#1971 = ORIENTED_EDGE('',*,*,#569,.T.);
#1972 = ORIENTED_EDGE('',*,*,#1906,.F.);
#1973 = ADVANCED_FACE('',(#1974),#557,.F.);
#1974 = FACE_BOUND('',#1975,.F.);
#1975 = EDGE_LOOP('',(#1976,#1977,#1978,#2004));
#1976 = ORIENTED_EDGE('',*,*,#540,.F.);
#1977 = ORIENTED_EDGE('',*,*,#1835,.T.);
#1978 = ORIENTED_EDGE('',*,*,#1979,.F.);
#1979 = EDGE_CURVE('',#1931,#1836,#1980,.T.);
#1980 = SURFACE_CURVE('',#1981,(#1986,#1997),.PCURVE_S1.);
#1981 = CIRCLE('',#1982,178.);
#1982 = AXIS2_PLACEMENT_3D('',#1983,#1984,#1985);
#1983 = CARTESIAN_POINT('',(9.578339871034E-13,8.951719505639E-15,68.));
#1984 = DIRECTION('',(0.,0.,1.));
#1985 = DIRECTION('',(-0.997127820998,7.573710181298E-02,0.));
#1986 = PCURVE('',#557,#1987);
#1987 = DEFINITIONAL_REPRESENTATION('',(#1988),#1996);
#1988 = ( BOUNDED_CURVE() B_SPLINE_CURVE(2,(#1989,#1990,#1991,#1992,
#1993,#1994,#1995),.UNSPECIFIED.,.T.,.F.) B_SPLINE_CURVE_WITH_KNOTS((1,2
    ,2,2,2,1),(-2.094395102393,0.,2.094395102393,4.188790204786,
6.28318530718,8.377580409573),.UNSPECIFIED.) CURVE() 
GEOMETRIC_REPRESENTATION_ITEM() RATIONAL_B_SPLINE_CURVE((1.,0.5,1.,0.5,
1.,0.5,1.)) REPRESENTATION_ITEM('') );
#1989 = CARTESIAN_POINT('',(65.338104056133,13.48120412271));
#1990 = CARTESIAN_POINT('',(88.688234543873,-293.9383323518));
#1991 = CARTESIAN_POINT('',(-189.2199589065,-160.4503702986));
#1992 = CARTESIAN_POINT('',(-467.128152357,-26.96240824542));
#1993 = CARTESIAN_POINT('',(-212.5700893943,146.9691661759));
#1994 = CARTESIAN_POINT('',(41.987973568392,320.90074059722));
#1995 = CARTESIAN_POINT('',(65.338104056133,13.48120412271));
#1996 = ( GEOMETRIC_REPRESENTATION_CONTEXT(2) 
PARAMETRIC_REPRESENTATION_CONTEXT() REPRESENTATION_CONTEXT('2D SPACE',''
  ) );
#1997 = PCURVE('',#1053,#1998);
#1998 = DEFINITIONAL_REPRESENTATION('',(#1999),#2003);
#1999 = LINE('',#2000,#2001);
#2000 = CARTESIAN_POINT('',(-3.065782958198,-68.));
#2001 = VECTOR('',#2002,1.);
#2002 = DIRECTION('',(-1.,-0.));
#2003 = ( GEOMETRIC_REPRESENTATION_CONTEXT(2) 
PARAMETRIC_REPRESENTATION_CONTEXT() REPRESENTATION_CONTEXT('2D SPACE',''
  ) );
#2004 = ORIENTED_EDGE('',*,*,#1951,.T.);
#2005 = ADVANCED_FACE('',(#2006),#641,.T.);
#2006 = FACE_BOUND('',#2007,.T.);
#2007 = EDGE_LOOP('',(#2008,#2031,#2032,#2055));
#2008 = ORIENTED_EDGE('',*,*,#2009,.F.);
#2009 = EDGE_CURVE('',#627,#2010,#2012,.T.);
#2010 = VERTEX_POINT('',#2011);
#2011 = CARTESIAN_POINT('',(-77.06931082498,-160.4503702986,48.));
#2012 = SURFACE_CURVE('',#2013,(#2017,#2024),.PCURVE_S1.);
#2013 = LINE('',#2014,#2015);
#2014 = CARTESIAN_POINT('',(-13.63878406783,-40.62306695894,48.));
#2015 = VECTOR('',#2016,1.);
#2016 = DIRECTION('',(-0.467844757826,-0.883810659913,0.));
#2017 = PCURVE('',#641,#2018);
#2018 = DEFINITIONAL_REPRESENTATION('',(#2019),#2023);
#2019 = LINE('',#2020,#2021);
#2020 = CARTESIAN_POINT('',(0.,0.));
#2021 = VECTOR('',#2022,1.);
#2022 = DIRECTION('',(1.,0.));
#2023 = ( GEOMETRIC_REPRESENTATION_CONTEXT(2) 
PARAMETRIC_REPRESENTATION_CONTEXT() REPRESENTATION_CONTEXT('2D SPACE',''
  ) );
#2024 = PCURVE('',#722,#2025);
#2025 = DEFINITIONAL_REPRESENTATION('',(#2026),#2030);
#2026 = LINE('',#2027,#2028);
#2027 = CARTESIAN_POINT('',(-42.43653997295,56.502243330588));
#2028 = VECTOR('',#2029,1.);
#2029 = DIRECTION('',(0.467844757826,-0.883810659913));
#2030 = ( GEOMETRIC_REPRESENTATION_CONTEXT(2) 
PARAMETRIC_REPRESENTATION_CONTEXT() REPRESENTATION_CONTEXT('2D SPACE',''
  ) );
#2031 = ORIENTED_EDGE('',*,*,#624,.F.);
#2032 = ORIENTED_EDGE('',*,*,#2033,.T.);
#2033 = EDGE_CURVE('',#625,#2034,#2036,.T.);
#2034 = VERTEX_POINT('',#2035);
#2035 = CARTESIAN_POINT('',(-77.06931082498,-160.4503702986,68.));
#2036 = SURFACE_CURVE('',#2037,(#2041,#2048),.PCURVE_S1.);
#2037 = LINE('',#2038,#2039);
#2038 = CARTESIAN_POINT('',(-13.63878406783,-40.62306695894,68.));
#2039 = VECTOR('',#2040,1.);
#2040 = DIRECTION('',(-0.467844757826,-0.883810659913,0.));
#2041 = PCURVE('',#641,#2042);
#2042 = DEFINITIONAL_REPRESENTATION('',(#2043),#2047);
#2043 = LINE('',#2044,#2045);
#2044 = CARTESIAN_POINT('',(0.,-20.));
#2045 = VECTOR('',#2046,1.);
#2046 = DIRECTION('',(1.,0.));
#2047 = ( GEOMETRIC_REPRESENTATION_CONTEXT(2) 
PARAMETRIC_REPRESENTATION_CONTEXT() REPRESENTATION_CONTEXT('2D SPACE',''
  ) );
#2048 = PCURVE('',#669,#2049);
#2049 = DEFINITIONAL_REPRESENTATION('',(#2050),#2054);
#2050 = LINE('',#2051,#2052);
#2051 = CARTESIAN_POINT('',(-42.43653997295,56.502243330588));
#2052 = VECTOR('',#2053,1.);
#2053 = DIRECTION('',(0.467844757826,-0.883810659913));
#2054 = ( GEOMETRIC_REPRESENTATION_CONTEXT(2) 
PARAMETRIC_REPRESENTATION_CONTEXT() REPRESENTATION_CONTEXT('2D SPACE',''
  ) );
#2055 = ORIENTED_EDGE('',*,*,#2056,.T.);
#2056 = EDGE_CURVE('',#2034,#2010,#2057,.T.);
#2057 = SURFACE_CURVE('',#2058,(#2062,#2068),.PCURVE_S1.);
#2058 = LINE('',#2059,#2060);
#2059 = CARTESIAN_POINT('',(-77.06931082498,-160.4503702986,0.));
#2060 = VECTOR('',#2061,1.);
#2061 = DIRECTION('',(-0.,-0.,-1.));
#2062 = PCURVE('',#641,#2063);
#2063 = DEFINITIONAL_REPRESENTATION('',(#2064),#2067);
#2064 = B_SPLINE_CURVE_WITH_KNOTS('',1,(#2065,#2066),.UNSPECIFIED.,.F.,
  .F.,(2,2),(-70.,-46.),.PIECEWISE_BEZIER_KNOTS.);
#2065 = CARTESIAN_POINT('',(135.58028746962,-22.));
#2066 = CARTESIAN_POINT('',(135.58028746962,2.));
#2067 = ( GEOMETRIC_REPRESENTATION_CONTEXT(2) 
PARAMETRIC_REPRESENTATION_CONTEXT() REPRESENTATION_CONTEXT('2D SPACE',''
  ) );
#2068 = PCURVE('',#1053,#2069);
#2069 = DEFINITIONAL_REPRESENTATION('',(#2070),#2073);
#2070 = B_SPLINE_CURVE_WITH_KNOTS('',1,(#2071,#2072),.UNSPECIFIED.,.F.,
  .F.,(2,2),(-70.,-46.),.PIECEWISE_BEZIER_KNOTS.);
#2071 = CARTESIAN_POINT('',(-4.264599900178,-70.));
#2072 = CARTESIAN_POINT('',(-4.264599900178,-46.));
#2073 = ( GEOMETRIC_REPRESENTATION_CONTEXT(2) 
PARAMETRIC_REPRESENTATION_CONTEXT() REPRESENTATION_CONTEXT('2D SPACE',''
  ) );
#2074 = ADVANCED_FACE('',(#2075),#722,.T.);
#2075 = FACE_BOUND('',#2076,.T.);
#2076 = EDGE_LOOP('',(#2077,#2078,#2079,#2103));
#2077 = ORIENTED_EDGE('',*,*,#707,.F.);
#2078 = ORIENTED_EDGE('',*,*,#2009,.T.);
#2079 = ORIENTED_EDGE('',*,*,#2080,.T.);
#2080 = EDGE_CURVE('',#2010,#2081,#2083,.T.);
#2081 = VERTEX_POINT('',#2082);
#2082 = CARTESIAN_POINT('',(-100.4194413127,-146.9691661759,48.));
#2083 = SURFACE_CURVE('',#2084,(#2089,#2096),.PCURVE_S1.);
#2084 = CIRCLE('',#2085,178.);
#2085 = AXIS2_PLACEMENT_3D('',#2086,#2087,#2088);
#2086 = CARTESIAN_POINT('',(9.578339871034E-13,8.951719505639E-15,48.));
#2087 = DIRECTION('',(0.,0.,-1.));
#2088 = DIRECTION('',(-0.43297365632,-0.901406574711,-0.));
#2089 = PCURVE('',#722,#2090);
#2090 = DEFINITIONAL_REPRESENTATION('',(#2091),#2095);
#2091 = CIRCLE('',#2092,178.);
#2092 = AXIS2_PLACEMENT_2D('',#2093,#2094);
#2093 = CARTESIAN_POINT('',(-56.07532404079,97.125310289535));
#2094 = DIRECTION('',(0.43297365632,-0.901406574711));
#2095 = ( GEOMETRIC_REPRESENTATION_CONTEXT(2) 
PARAMETRIC_REPRESENTATION_CONTEXT() REPRESENTATION_CONTEXT('2D SPACE',''
  ) );
#2096 = PCURVE('',#1053,#2097);
#2097 = DEFINITIONAL_REPRESENTATION('',(#2098),#2102);
#2098 = LINE('',#2099,#2100);
#2099 = CARTESIAN_POINT('',(-4.264599900178,-48.));
#2100 = VECTOR('',#2101,1.);
#2101 = DIRECTION('',(1.,-0.));
#2102 = ( GEOMETRIC_REPRESENTATION_CONTEXT(2) 
PARAMETRIC_REPRESENTATION_CONTEXT() REPRESENTATION_CONTEXT('2D SPACE',''
  ) );
#2103 = ORIENTED_EDGE('',*,*,#2104,.T.);
#2104 = EDGE_CURVE('',#2081,#682,#2105,.T.);
#2105 = SURFACE_CURVE('',#2106,(#2110,#2117),.PCURVE_S1.);
#2106 = LINE('',#2107,#2108);
#2107 = CARTESIAN_POINT('',(-100.691342951,-147.4025218736,48.));
#2108 = VECTOR('',#2109,1.);
#2109 = DIRECTION('',(0.531480104707,0.847070775261,0.));
#2110 = PCURVE('',#722,#2111);
#2111 = DEFINITIONAL_REPRESENTATION('',(#2112),#2116);
#2112 = LINE('',#2113,#2114);
#2113 = CARTESIAN_POINT('',(44.616018910301,-50.27721158409));
#2114 = VECTOR('',#2115,1.);
#2115 = DIRECTION('',(-0.531480104707,0.847070775261));
#2116 = ( GEOMETRIC_REPRESENTATION_CONTEXT(2) 
PARAMETRIC_REPRESENTATION_CONTEXT() REPRESENTATION_CONTEXT('2D SPACE',''
  ) );
#2117 = PCURVE('',#696,#2118);
#2118 = DEFINITIONAL_REPRESENTATION('',(#2119),#2123);
#2119 = LINE('',#2120,#2121);
#2120 = CARTESIAN_POINT('',(0.,0.));
#2121 = VECTOR('',#2122,1.);
#2122 = DIRECTION('',(1.,0.));
#2123 = ( GEOMETRIC_REPRESENTATION_CONTEXT(2) 
PARAMETRIC_REPRESENTATION_CONTEXT() REPRESENTATION_CONTEXT('2D SPACE',''
  ) );
#2124 = ADVANCED_FACE('',(#2125),#696,.T.);
#2125 = FACE_BOUND('',#2126,.T.);
#2126 = EDGE_LOOP('',(#2127,#2148,#2169,#2170));
#2127 = ORIENTED_EDGE('',*,*,#2128,.F.);
#2128 = EDGE_CURVE('',#2129,#2081,#2131,.T.);
#2129 = VERTEX_POINT('',#2130);
#2130 = CARTESIAN_POINT('',(-100.4194413127,-146.9691661759,68.));
#2131 = SURFACE_CURVE('',#2132,(#2136,#2142),.PCURVE_S1.);
#2132 = LINE('',#2133,#2134);
#2133 = CARTESIAN_POINT('',(-100.4194413127,-146.9691661759,0.));
#2134 = VECTOR('',#2135,1.);
#2135 = DIRECTION('',(-0.,-0.,-1.));
#2136 = PCURVE('',#696,#2137);
#2137 = DEFINITIONAL_REPRESENTATION('',(#2138),#2141);
#2138 = B_SPLINE_CURVE_WITH_KNOTS('',1,(#2139,#2140),.UNSPECIFIED.,.F.,
  .F.,(2,2),(-70.,-46.),.PIECEWISE_BEZIER_KNOTS.);
#2139 = CARTESIAN_POINT('',(0.511593258066,-22.));
#2140 = CARTESIAN_POINT('',(0.511593258066,2.));
#2141 = ( GEOMETRIC_REPRESENTATION_CONTEXT(2) 
PARAMETRIC_REPRESENTATION_CONTEXT() REPRESENTATION_CONTEXT('2D SPACE',''
  ) );
#2142 = PCURVE('',#1053,#2143);
#2143 = DEFINITIONAL_REPRESENTATION('',(#2144),#2147);
#2144 = B_SPLINE_CURVE_WITH_KNOTS('',1,(#2145,#2146),.UNSPECIFIED.,.F.,
  .F.,(2,2),(-70.,-46.),.PIECEWISE_BEZIER_KNOTS.);
#2145 = CARTESIAN_POINT('',(-4.112980509395,-70.));
#2146 = CARTESIAN_POINT('',(-4.112980509395,-46.));
#2147 = ( GEOMETRIC_REPRESENTATION_CONTEXT(2) 
PARAMETRIC_REPRESENTATION_CONTEXT() REPRESENTATION_CONTEXT('2D SPACE',''
  ) );
#2148 = ORIENTED_EDGE('',*,*,#2149,.T.);
#2149 = EDGE_CURVE('',#2129,#653,#2150,.T.);
#2150 = SURFACE_CURVE('',#2151,(#2155,#2162),.PCURVE_S1.);
#2151 = LINE('',#2152,#2153);
#2152 = CARTESIAN_POINT('',(-100.691342951,-147.4025218736,68.));
#2153 = VECTOR('',#2154,1.);
#2154 = DIRECTION('',(0.531480104707,0.847070775261,0.));
#2155 = PCURVE('',#696,#2156);
#2156 = DEFINITIONAL_REPRESENTATION('',(#2157),#2161);
#2157 = LINE('',#2158,#2159);
#2158 = CARTESIAN_POINT('',(0.,-20.));
#2159 = VECTOR('',#2160,1.);
#2160 = DIRECTION('',(1.,0.));
#2161 = ( GEOMETRIC_REPRESENTATION_CONTEXT(2) 
PARAMETRIC_REPRESENTATION_CONTEXT() REPRESENTATION_CONTEXT('2D SPACE',''
  ) );
#2162 = PCURVE('',#669,#2163);
#2163 = DEFINITIONAL_REPRESENTATION('',(#2164),#2168);
#2164 = LINE('',#2165,#2166);
#2165 = CARTESIAN_POINT('',(44.616018910301,-50.27721158409));
#2166 = VECTOR('',#2167,1.);
#2167 = DIRECTION('',(-0.531480104707,0.847070775261));
#2168 = ( GEOMETRIC_REPRESENTATION_CONTEXT(2) 
PARAMETRIC_REPRESENTATION_CONTEXT() REPRESENTATION_CONTEXT('2D SPACE',''
  ) );
#2169 = ORIENTED_EDGE('',*,*,#681,.T.);
#2170 = ORIENTED_EDGE('',*,*,#2104,.F.);
#2171 = ADVANCED_FACE('',(#2172),#669,.F.);
#2172 = FACE_BOUND('',#2173,.F.);
#2173 = EDGE_LOOP('',(#2174,#2175,#2176,#2202));
#2174 = ORIENTED_EDGE('',*,*,#652,.F.);
#2175 = ORIENTED_EDGE('',*,*,#2033,.T.);
#2176 = ORIENTED_EDGE('',*,*,#2177,.F.);
#2177 = EDGE_CURVE('',#2129,#2034,#2178,.T.);
#2178 = SURFACE_CURVE('',#2179,(#2184,#2195),.PCURVE_S1.);
#2179 = CIRCLE('',#2180,178.);
#2180 = AXIS2_PLACEMENT_3D('',#2181,#2182,#2183);
#2181 = CARTESIAN_POINT('',(9.578339871034E-13,8.951719505639E-15,68.));
#2182 = DIRECTION('',(0.,0.,1.));
#2183 = DIRECTION('',(-0.564154164678,-0.825669472898,0.));
#2184 = PCURVE('',#669,#2185);
#2185 = DEFINITIONAL_REPRESENTATION('',(#2186),#2194);
#2186 = ( BOUNDED_CURVE() B_SPLINE_CURVE(2,(#2187,#2188,#2189,#2190,
#2191,#2192,#2193),.UNSPECIFIED.,.T.,.F.) B_SPLINE_CURVE_WITH_KNOTS((1,2
    ,2,2,2,1),(-2.094395102393,0.,2.094395102393,4.188790204786,
6.28318530718,8.377580409573),.UNSPECIFIED.) CURVE() 
GEOMETRIC_REPRESENTATION_ITEM() RATIONAL_B_SPLINE_CURVE((1.,0.5,1.,0.5,
1.,0.5,1.)) REPRESENTATION_ITEM('') );
#2187 = CARTESIAN_POINT('',(44.344117271937,-49.84385588636));
#2188 = CARTESIAN_POINT('',(-210.2139456907,-223.7754303076));
#2189 = CARTESIAN_POINT('',(-233.5640761785,83.644106166824));
#2190 = CARTESIAN_POINT('',(-256.9142066662,391.06364264133));
#2191 = CARTESIAN_POINT('',(20.993986784194,257.57568058814));
#2192 = CARTESIAN_POINT('',(298.90218023463,124.08771853495));
#2193 = CARTESIAN_POINT('',(44.344117271937,-49.84385588636));
#2194 = ( GEOMETRIC_REPRESENTATION_CONTEXT(2) 
PARAMETRIC_REPRESENTATION_CONTEXT() REPRESENTATION_CONTEXT('2D SPACE',''
  ) );
#2195 = PCURVE('',#1053,#2196);
#2196 = DEFINITIONAL_REPRESENTATION('',(#2197),#2201);
#2197 = LINE('',#2198,#2199);
#2198 = CARTESIAN_POINT('',(-4.112980509395,-68.));
#2199 = VECTOR('',#2200,1.);
#2200 = DIRECTION('',(-1.,-0.));
#2201 = ( GEOMETRIC_REPRESENTATION_CONTEXT(2) 
PARAMETRIC_REPRESENTATION_CONTEXT() REPRESENTATION_CONTEXT('2D SPACE',''
  ) );
#2202 = ORIENTED_EDGE('',*,*,#2149,.T.);
#2203 = ADVANCED_FACE('',(#2204),#753,.T.);
#2204 = FACE_BOUND('',#2205,.T.);
#2205 = EDGE_LOOP('',(#2206,#2229,#2230,#2253));
#2206 = ORIENTED_EDGE('',*,*,#2207,.F.);
#2207 = EDGE_CURVE('',#739,#2208,#2210,.T.);
#2208 = VERTEX_POINT('',#2209);
#2209 = CARTESIAN_POINT('',(100.41944131272,-146.9691661759,48.));
#2210 = SURFACE_CURVE('',#2211,(#2215,#2222),.PCURVE_S1.);
#2211 = LINE('',#2212,#2213);
#2212 = CARTESIAN_POINT('',(28.361215932168,-32.12306695894,48.));
#2213 = VECTOR('',#2214,1.);
#2214 = DIRECTION('',(0.531480104707,-0.847070775261,0.));
#2215 = PCURVE('',#753,#2216);
#2216 = DEFINITIONAL_REPRESENTATION('',(#2217),#2221);
#2217 = LINE('',#2218,#2219);
#2218 = CARTESIAN_POINT('',(0.,0.));
#2219 = VECTOR('',#2220,1.);
#2220 = DIRECTION('',(1.,0.));
#2221 = ( GEOMETRIC_REPRESENTATION_CONTEXT(2) 
PARAMETRIC_REPRESENTATION_CONTEXT() REPRESENTATION_CONTEXT('2D SPACE',''
  ) );
#2222 = PCURVE('',#834,#2223);
#2223 = DEFINITIONAL_REPRESENTATION('',(#2224),#2228);
#2224 = LINE('',#2225,#2226);
#2225 = CARTESIAN_POINT('',(27.714108108621,65.002243330588));
#2226 = VECTOR('',#2227,1.);
#2227 = DIRECTION('',(-0.531480104707,-0.847070775261));
#2228 = ( GEOMETRIC_REPRESENTATION_CONTEXT(2) 
PARAMETRIC_REPRESENTATION_CONTEXT() REPRESENTATION_CONTEXT('2D SPACE',''
  ) );
#2229 = ORIENTED_EDGE('',*,*,#736,.F.);
#2230 = ORIENTED_EDGE('',*,*,#2231,.T.);
#2231 = EDGE_CURVE('',#737,#2232,#2234,.T.);
#2232 = VERTEX_POINT('',#2233);
#2233 = CARTESIAN_POINT('',(100.41944131272,-146.9691661759,68.));
#2234 = SURFACE_CURVE('',#2235,(#2239,#2246),.PCURVE_S1.);
#2235 = LINE('',#2236,#2237);
#2236 = CARTESIAN_POINT('',(28.361215932168,-32.12306695894,68.));
#2237 = VECTOR('',#2238,1.);
#2238 = DIRECTION('',(0.531480104707,-0.847070775261,0.));
#2239 = PCURVE('',#753,#2240);
#2240 = DEFINITIONAL_REPRESENTATION('',(#2241),#2245);
#2241 = LINE('',#2242,#2243);
#2242 = CARTESIAN_POINT('',(0.,-20.));
#2243 = VECTOR('',#2244,1.);
#2244 = DIRECTION('',(1.,0.));
#2245 = ( GEOMETRIC_REPRESENTATION_CONTEXT(2) 
PARAMETRIC_REPRESENTATION_CONTEXT() REPRESENTATION_CONTEXT('2D SPACE',''
  ) );
#2246 = PCURVE('',#781,#2247);
#2247 = DEFINITIONAL_REPRESENTATION('',(#2248),#2252);
#2248 = LINE('',#2249,#2250);
#2249 = CARTESIAN_POINT('',(27.714108108621,65.002243330588));
#2250 = VECTOR('',#2251,1.);
#2251 = DIRECTION('',(-0.531480104707,-0.847070775261));
#2252 = ( GEOMETRIC_REPRESENTATION_CONTEXT(2) 
PARAMETRIC_REPRESENTATION_CONTEXT() REPRESENTATION_CONTEXT('2D SPACE',''
  ) );
#2253 = ORIENTED_EDGE('',*,*,#2254,.T.);
#2254 = EDGE_CURVE('',#2232,#2208,#2255,.T.);
#2255 = SURFACE_CURVE('',#2256,(#2260,#2266),.PCURVE_S1.);
#2256 = LINE('',#2257,#2258);
#2257 = CARTESIAN_POINT('',(100.41944131272,-146.9691661759,0.));
#2258 = VECTOR('',#2259,1.);
#2259 = DIRECTION('',(-0.,-0.,-1.));
#2260 = PCURVE('',#753,#2261);
#2261 = DEFINITIONAL_REPRESENTATION('',(#2262),#2265);
#2262 = B_SPLINE_CURVE_WITH_KNOTS('',1,(#2263,#2264),.UNSPECIFIED.,.F.,
  .F.,(2,2),(-70.,-46.),.PIECEWISE_BEZIER_KNOTS.);
#2263 = CARTESIAN_POINT('',(135.58028746962,-22.));
#2264 = CARTESIAN_POINT('',(135.58028746962,2.));
#2265 = ( GEOMETRIC_REPRESENTATION_CONTEXT(2) 
PARAMETRIC_REPRESENTATION_CONTEXT() REPRESENTATION_CONTEXT('2D SPACE',''
  ) );
#2266 = PCURVE('',#1053,#2267);
#2267 = DEFINITIONAL_REPRESENTATION('',(#2268),#2271);
#2268 = B_SPLINE_CURVE_WITH_KNOTS('',1,(#2269,#2270),.UNSPECIFIED.,.F.,
  .F.,(2,2),(-70.,-46.),.PIECEWISE_BEZIER_KNOTS.);
#2269 = CARTESIAN_POINT('',(-5.311797451375,-70.));
#2270 = CARTESIAN_POINT('',(-5.311797451375,-46.));
#2271 = ( GEOMETRIC_REPRESENTATION_CONTEXT(2) 
PARAMETRIC_REPRESENTATION_CONTEXT() REPRESENTATION_CONTEXT('2D SPACE',''
  ) );
#2272 = ADVANCED_FACE('',(#2273),#834,.T.);
#2273 = FACE_BOUND('',#2274,.T.);
#2274 = EDGE_LOOP('',(#2275,#2276,#2277,#2301));
#2275 = ORIENTED_EDGE('',*,*,#819,.F.);
#2276 = ORIENTED_EDGE('',*,*,#2207,.T.);
#2277 = ORIENTED_EDGE('',*,*,#2278,.T.);
#2278 = EDGE_CURVE('',#2208,#2279,#2281,.T.);
#2279 = VERTEX_POINT('',#2280);
#2280 = CARTESIAN_POINT('',(77.069310824985,-160.4503702986,48.));
#2281 = SURFACE_CURVE('',#2282,(#2287,#2294),.PCURVE_S1.);
#2282 = CIRCLE('',#2283,178.);
#2283 = AXIS2_PLACEMENT_3D('',#2284,#2285,#2286);
#2284 = CARTESIAN_POINT('',(9.578339871034E-13,8.951719505639E-15,48.));
#2285 = DIRECTION('',(0.,0.,-1.));
#2286 = DIRECTION('',(0.564154164678,-0.825669472898,0.));
#2287 = PCURVE('',#834,#2288);
#2288 = DEFINITIONAL_REPRESENTATION('',(#2289),#2293);
#2289 = CIRCLE('',#2290,178.);
#2290 = AXIS2_PLACEMENT_2D('',#2291,#2292);
#2291 = CARTESIAN_POINT('',(56.075324040788,97.125310289535));
#2292 = DIRECTION('',(-0.564154164678,-0.825669472898));
#2293 = ( GEOMETRIC_REPRESENTATION_CONTEXT(2) 
PARAMETRIC_REPRESENTATION_CONTEXT() REPRESENTATION_CONTEXT('2D SPACE',''
  ) );
#2294 = PCURVE('',#1053,#2295);
#2295 = DEFINITIONAL_REPRESENTATION('',(#2296),#2300);
#2296 = LINE('',#2297,#2298);
#2297 = CARTESIAN_POINT('',(-5.311797451375,-48.));
#2298 = VECTOR('',#2299,1.);
#2299 = DIRECTION('',(1.,-0.));
#2300 = ( GEOMETRIC_REPRESENTATION_CONTEXT(2) 
PARAMETRIC_REPRESENTATION_CONTEXT() REPRESENTATION_CONTEXT('2D SPACE',''
  ) );
#2301 = ORIENTED_EDGE('',*,*,#2302,.T.);
#2302 = EDGE_CURVE('',#2279,#794,#2303,.T.);
#2303 = SURFACE_CURVE('',#2304,(#2308,#2315),.PCURVE_S1.);
#2304 = LINE('',#2305,#2306);
#2305 = CARTESIAN_POINT('',(77.30865704891,-160.9025218736,48.));
#2306 = VECTOR('',#2307,1.);
#2307 = DIRECTION('',(-0.467844757826,0.883810659913,0.));
#2308 = PCURVE('',#834,#2309);
#2309 = DEFINITIONAL_REPRESENTATION('',(#2310),#2314);
#2310 = LINE('',#2311,#2312);
#2311 = CARTESIAN_POINT('',(-21.23333300812,-63.77721158409));
#2312 = VECTOR('',#2313,1.);
#2313 = DIRECTION('',(0.467844757826,0.883810659913));
#2314 = ( GEOMETRIC_REPRESENTATION_CONTEXT(2) 
PARAMETRIC_REPRESENTATION_CONTEXT() REPRESENTATION_CONTEXT('2D SPACE',''
  ) );
#2315 = PCURVE('',#808,#2316);
#2316 = DEFINITIONAL_REPRESENTATION('',(#2317),#2321);
#2317 = LINE('',#2318,#2319);
#2318 = CARTESIAN_POINT('',(0.,0.));
#2319 = VECTOR('',#2320,1.);
#2320 = DIRECTION('',(1.,0.));
#2321 = ( GEOMETRIC_REPRESENTATION_CONTEXT(2) 
PARAMETRIC_REPRESENTATION_CONTEXT() REPRESENTATION_CONTEXT('2D SPACE',''
  ) );
#2322 = ADVANCED_FACE('',(#2323),#808,.T.);
#2323 = FACE_BOUND('',#2324,.T.);
#2324 = EDGE_LOOP('',(#2325,#2346,#2367,#2368));
#2325 = ORIENTED_EDGE('',*,*,#2326,.F.);
#2326 = EDGE_CURVE('',#2327,#2279,#2329,.T.);
#2327 = VERTEX_POINT('',#2328);
#2328 = CARTESIAN_POINT('',(77.069310824985,-160.4503702986,68.));
#2329 = SURFACE_CURVE('',#2330,(#2334,#2340),.PCURVE_S1.);
#2330 = LINE('',#2331,#2332);
#2331 = CARTESIAN_POINT('',(77.069310824985,-160.4503702986,0.));
#2332 = VECTOR('',#2333,1.);
#2333 = DIRECTION('',(-0.,-0.,-1.));
#2334 = PCURVE('',#808,#2335);
#2335 = DEFINITIONAL_REPRESENTATION('',(#2336),#2339);
#2336 = B_SPLINE_CURVE_WITH_KNOTS('',1,(#2337,#2338),.UNSPECIFIED.,.F.,
  .F.,(2,2),(-70.,-46.),.PIECEWISE_BEZIER_KNOTS.);
#2337 = CARTESIAN_POINT('',(0.511593258065,-22.));
#2338 = CARTESIAN_POINT('',(0.511593258065,2.));
#2339 = ( GEOMETRIC_REPRESENTATION_CONTEXT(2) 
PARAMETRIC_REPRESENTATION_CONTEXT() REPRESENTATION_CONTEXT('2D SPACE',''
  ) );
#2340 = PCURVE('',#1053,#2341);
#2341 = DEFINITIONAL_REPRESENTATION('',(#2342),#2345);
#2342 = B_SPLINE_CURVE_WITH_KNOTS('',1,(#2343,#2344),.UNSPECIFIED.,.F.,
  .F.,(2,2),(-70.,-46.),.PIECEWISE_BEZIER_KNOTS.);
#2343 = CARTESIAN_POINT('',(-5.160178060591,-70.));
#2344 = CARTESIAN_POINT('',(-5.160178060591,-46.));
#2345 = ( GEOMETRIC_REPRESENTATION_CONTEXT(2) 
PARAMETRIC_REPRESENTATION_CONTEXT() REPRESENTATION_CONTEXT('2D SPACE',''
  ) );
#2346 = ORIENTED_EDGE('',*,*,#2347,.T.);
#2347 = EDGE_CURVE('',#2327,#765,#2348,.T.);
#2348 = SURFACE_CURVE('',#2349,(#2353,#2360),.PCURVE_S1.);
#2349 = LINE('',#2350,#2351);
#2350 = CARTESIAN_POINT('',(77.30865704891,-160.9025218736,68.));
#2351 = VECTOR('',#2352,1.);
#2352 = DIRECTION('',(-0.467844757826,0.883810659913,0.));
#2353 = PCURVE('',#808,#2354);
#2354 = DEFINITIONAL_REPRESENTATION('',(#2355),#2359);
#2355 = LINE('',#2356,#2357);
#2356 = CARTESIAN_POINT('',(0.,-20.));
#2357 = VECTOR('',#2358,1.);
#2358 = DIRECTION('',(1.,0.));
#2359 = ( GEOMETRIC_REPRESENTATION_CONTEXT(2) 
PARAMETRIC_REPRESENTATION_CONTEXT() REPRESENTATION_CONTEXT('2D SPACE',''
  ) );
#2360 = PCURVE('',#781,#2361);
#2361 = DEFINITIONAL_REPRESENTATION('',(#2362),#2366);
#2362 = LINE('',#2363,#2364);
#2363 = CARTESIAN_POINT('',(-21.23333300812,-63.77721158409));
#2364 = VECTOR('',#2365,1.);
#2365 = DIRECTION('',(0.467844757826,0.883810659913));
#2366 = ( GEOMETRIC_REPRESENTATION_CONTEXT(2) 
PARAMETRIC_REPRESENTATION_CONTEXT() REPRESENTATION_CONTEXT('2D SPACE',''
  ) );
#2367 = ORIENTED_EDGE('',*,*,#793,.T.);
#2368 = ORIENTED_EDGE('',*,*,#2302,.F.);
#2369 = ADVANCED_FACE('',(#2370),#781,.F.);
#2370 = FACE_BOUND('',#2371,.F.);
#2371 = EDGE_LOOP('',(#2372,#2373,#2374,#2400));
#2372 = ORIENTED_EDGE('',*,*,#764,.F.);
#2373 = ORIENTED_EDGE('',*,*,#2231,.T.);
#2374 = ORIENTED_EDGE('',*,*,#2375,.F.);
#2375 = EDGE_CURVE('',#2327,#2232,#2376,.T.);
#2376 = SURFACE_CURVE('',#2377,(#2382,#2393),.PCURVE_S1.);
#2377 = CIRCLE('',#2378,178.);
#2378 = AXIS2_PLACEMENT_3D('',#2379,#2380,#2381);
#2379 = CARTESIAN_POINT('',(9.578339871034E-13,8.951719505639E-15,68.));
#2380 = DIRECTION('',(0.,0.,1.));
#2381 = DIRECTION('',(0.43297365632,-0.901406574711,0.));
#2382 = PCURVE('',#781,#2383);
#2383 = DEFINITIONAL_REPRESENTATION('',(#2384),#2392);
#2384 = ( BOUNDED_CURVE() B_SPLINE_CURVE(2,(#2385,#2386,#2387,#2388,
#2389,#2390,#2391),.UNSPECIFIED.,.T.,.F.) B_SPLINE_CURVE_WITH_KNOTS((1,2
    ,2,2,2,1),(-2.094395102393,0.,2.094395102393,4.188790204786,
6.28318530718,8.377580409573),.UNSPECIFIED.) CURVE() 
GEOMETRIC_REPRESENTATION_ITEM() RATIONAL_B_SPLINE_CURVE((1.,0.5,1.,0.5,
1.,0.5,1.)) REPRESENTATION_ITEM('') );
#2385 = CARTESIAN_POINT('',(-20.99398678419,-63.32506000907));
#2386 = CARTESIAN_POINT('',(-298.9021802346,70.162902044113));
#2387 = CARTESIAN_POINT('',(-44.34411727193,244.09447646543));
#2388 = CARTESIAN_POINT('',(210.21394569075,418.02605088676));
#2389 = CARTESIAN_POINT('',(233.56407617849,110.60651441224));
#2390 = CARTESIAN_POINT('',(256.91420666624,-196.8130220622));
#2391 = CARTESIAN_POINT('',(-20.99398678419,-63.32506000907));
#2392 = ( GEOMETRIC_REPRESENTATION_CONTEXT(2) 
PARAMETRIC_REPRESENTATION_CONTEXT() REPRESENTATION_CONTEXT('2D SPACE',''
  ) );
#2393 = PCURVE('',#1053,#2394);
#2394 = DEFINITIONAL_REPRESENTATION('',(#2395),#2399);
#2395 = LINE('',#2396,#2397);
#2396 = CARTESIAN_POINT('',(-5.160178060591,-68.));
#2397 = VECTOR('',#2398,1.);
#2398 = DIRECTION('',(-1.,-0.));
#2399 = ( GEOMETRIC_REPRESENTATION_CONTEXT(2) 
PARAMETRIC_REPRESENTATION_CONTEXT() REPRESENTATION_CONTEXT('2D SPACE',''
  ) );
#2400 = ORIENTED_EDGE('',*,*,#2347,.T.);
#2401 = ADVANCED_FACE('',(#2402),#869,.F.);
#2402 = FACE_BOUND('',#2403,.T.);
#2403 = EDGE_LOOP('',(#2404,#2405,#2426,#2427));
#2404 = ORIENTED_EDGE('',*,*,#852,.F.);
#2405 = ORIENTED_EDGE('',*,*,#2406,.T.);
#2406 = EDGE_CURVE('',#853,#1240,#2407,.T.);
#2407 = SEAM_CURVE('',#2408,(#2412,#2419),.PCURVE_S1.);
#2408 = LINE('',#2409,#2410);
#2409 = CARTESIAN_POINT('',(-28.35533905932,-35.35533905932,35.));
#2410 = VECTOR('',#2411,1.);
#2411 = DIRECTION('',(0.,0.,1.));
#2412 = PCURVE('',#869,#2413);
#2413 = DEFINITIONAL_REPRESENTATION('',(#2414),#2418);
#2414 = LINE('',#2415,#2416);
#2415 = CARTESIAN_POINT('',(-6.28318530718,0.));
#2416 = VECTOR('',#2417,1.);
#2417 = DIRECTION('',(-0.,-1.));
#2418 = ( GEOMETRIC_REPRESENTATION_CONTEXT(2) 
PARAMETRIC_REPRESENTATION_CONTEXT() REPRESENTATION_CONTEXT('2D SPACE',''
  ) );
#2419 = PCURVE('',#869,#2420);
#2420 = DEFINITIONAL_REPRESENTATION('',(#2421),#2425);
#2421 = LINE('',#2422,#2423);
#2422 = CARTESIAN_POINT('',(-0.,0.));
#2423 = VECTOR('',#2424,1.);
#2424 = DIRECTION('',(-0.,-1.));
#2425 = ( GEOMETRIC_REPRESENTATION_CONTEXT(2) 
PARAMETRIC_REPRESENTATION_CONTEXT() REPRESENTATION_CONTEXT('2D SPACE',''
  ) );
#2426 = ORIENTED_EDGE('',*,*,#1239,.F.);
#2427 = ORIENTED_EDGE('',*,*,#2406,.F.);
#2428 = ADVANCED_FACE('',(#2429),#900,.F.);
#2429 = FACE_BOUND('',#2430,.T.);
#2430 = EDGE_LOOP('',(#2431,#2432,#2453,#2454));
#2431 = ORIENTED_EDGE('',*,*,#883,.F.);
#2432 = ORIENTED_EDGE('',*,*,#2433,.T.);
#2433 = EDGE_CURVE('',#884,#1270,#2434,.T.);
#2434 = SEAM_CURVE('',#2435,(#2439,#2446),.PCURVE_S1.);
#2435 = LINE('',#2436,#2437);
#2436 = CARTESIAN_POINT('',(42.355339059327,-35.35533905932,35.));
#2437 = VECTOR('',#2438,1.);
#2438 = DIRECTION('',(0.,0.,1.));
#2439 = PCURVE('',#900,#2440);
#2440 = DEFINITIONAL_REPRESENTATION('',(#2441),#2445);
#2441 = LINE('',#2442,#2443);
#2442 = CARTESIAN_POINT('',(-6.28318530718,0.));
#2443 = VECTOR('',#2444,1.);
#2444 = DIRECTION('',(-0.,-1.));
#2445 = ( GEOMETRIC_REPRESENTATION_CONTEXT(2) 
PARAMETRIC_REPRESENTATION_CONTEXT() REPRESENTATION_CONTEXT('2D SPACE',''
  ) );
#2446 = PCURVE('',#900,#2447);
#2447 = DEFINITIONAL_REPRESENTATION('',(#2448),#2452);
#2448 = LINE('',#2449,#2450);
#2449 = CARTESIAN_POINT('',(-0.,0.));
#2450 = VECTOR('',#2451,1.);
#2451 = DIRECTION('',(-0.,-1.));
#2452 = ( GEOMETRIC_REPRESENTATION_CONTEXT(2) 
PARAMETRIC_REPRESENTATION_CONTEXT() REPRESENTATION_CONTEXT('2D SPACE',''
  ) );
#2453 = ORIENTED_EDGE('',*,*,#1269,.F.);
#2454 = ORIENTED_EDGE('',*,*,#2433,.F.);
#2455 = ADVANCED_FACE('',(#2456),#931,.F.);
#2456 = FACE_BOUND('',#2457,.T.);
#2457 = EDGE_LOOP('',(#2458,#2459,#2480,#2481));
#2458 = ORIENTED_EDGE('',*,*,#914,.F.);
#2459 = ORIENTED_EDGE('',*,*,#2460,.T.);
#2460 = EDGE_CURVE('',#915,#1300,#2461,.T.);
#2461 = SEAM_CURVE('',#2462,(#2466,#2473),.PCURVE_S1.);
#2462 = LINE('',#2463,#2464);
#2463 = CARTESIAN_POINT('',(-28.35533905932,35.355339059327,35.));
#2464 = VECTOR('',#2465,1.);
#2465 = DIRECTION('',(0.,0.,1.));
#2466 = PCURVE('',#931,#2467);
#2467 = DEFINITIONAL_REPRESENTATION('',(#2468),#2472);
#2468 = LINE('',#2469,#2470);
#2469 = CARTESIAN_POINT('',(-6.28318530718,0.));
#2470 = VECTOR('',#2471,1.);
#2471 = DIRECTION('',(-0.,-1.));
#2472 = ( GEOMETRIC_REPRESENTATION_CONTEXT(2) 
PARAMETRIC_REPRESENTATION_CONTEXT() REPRESENTATION_CONTEXT('2D SPACE',''
  ) );
#2473 = PCURVE('',#931,#2474);
#2474 = DEFINITIONAL_REPRESENTATION('',(#2475),#2479);
#2475 = LINE('',#2476,#2477);
#2476 = CARTESIAN_POINT('',(-0.,0.));
#2477 = VECTOR('',#2478,1.);
#2478 = DIRECTION('',(-0.,-1.));
#2479 = ( GEOMETRIC_REPRESENTATION_CONTEXT(2) 
PARAMETRIC_REPRESENTATION_CONTEXT() REPRESENTATION_CONTEXT('2D SPACE',''
  ) );
#2480 = ORIENTED_EDGE('',*,*,#1299,.F.);
#2481 = ORIENTED_EDGE('',*,*,#2460,.F.);
#2482 = ADVANCED_FACE('',(#2483),#966,.F.);
#2483 = FACE_BOUND('',#2484,.T.);
#2484 = EDGE_LOOP('',(#2485,#2486,#2507,#2508));
#2485 = ORIENTED_EDGE('',*,*,#945,.T.);
#2486 = ORIENTED_EDGE('',*,*,#2487,.T.);
#2487 = EDGE_CURVE('',#946,#1330,#2488,.T.);
#2488 = SEAM_CURVE('',#2489,(#2493,#2500),.PCURVE_S1.);
#2489 = LINE('',#2490,#2491);
#2490 = CARTESIAN_POINT('',(28.55,0.,25.));
#2491 = VECTOR('',#2492,1.);
#2492 = DIRECTION('',(0.,0.,1.));
#2493 = PCURVE('',#966,#2494);
#2494 = DEFINITIONAL_REPRESENTATION('',(#2495),#2499);
#2495 = LINE('',#2496,#2497);
#2496 = CARTESIAN_POINT('',(-6.28318530718,0.));
#2497 = VECTOR('',#2498,1.);
#2498 = DIRECTION('',(-0.,-1.));
#2499 = ( GEOMETRIC_REPRESENTATION_CONTEXT(2) 
PARAMETRIC_REPRESENTATION_CONTEXT() REPRESENTATION_CONTEXT('2D SPACE',''
  ) );
#2500 = PCURVE('',#966,#2501);
#2501 = DEFINITIONAL_REPRESENTATION('',(#2502),#2506);
#2502 = LINE('',#2503,#2504);
#2503 = CARTESIAN_POINT('',(-0.,0.));
#2504 = VECTOR('',#2505,1.);
#2505 = DIRECTION('',(-0.,-1.));
#2506 = ( GEOMETRIC_REPRESENTATION_CONTEXT(2) 
PARAMETRIC_REPRESENTATION_CONTEXT() REPRESENTATION_CONTEXT('2D SPACE',''
  ) );
#2507 = ORIENTED_EDGE('',*,*,#1329,.F.);
#2508 = ORIENTED_EDGE('',*,*,#2487,.F.);
#2509 = ADVANCED_FACE('',(#2510),#997,.F.);
#2510 = FACE_BOUND('',#2511,.T.);
#2511 = EDGE_LOOP('',(#2512,#2513,#2534,#2535));
#2512 = ORIENTED_EDGE('',*,*,#980,.F.);
#2513 = ORIENTED_EDGE('',*,*,#2514,.T.);
#2514 = EDGE_CURVE('',#981,#1360,#2515,.T.);
#2515 = SEAM_CURVE('',#2516,(#2520,#2527),.PCURVE_S1.);
#2516 = LINE('',#2517,#2518);
#2517 = CARTESIAN_POINT('',(42.355339059327,35.355339059327,35.));
#2518 = VECTOR('',#2519,1.);
#2519 = DIRECTION('',(0.,0.,1.));
#2520 = PCURVE('',#997,#2521);
#2521 = DEFINITIONAL_REPRESENTATION('',(#2522),#2526);
#2522 = LINE('',#2523,#2524);
#2523 = CARTESIAN_POINT('',(-6.28318530718,0.));
#2524 = VECTOR('',#2525,1.);
#2525 = DIRECTION('',(-0.,-1.));
#2526 = ( GEOMETRIC_REPRESENTATION_CONTEXT(2) 
PARAMETRIC_REPRESENTATION_CONTEXT() REPRESENTATION_CONTEXT('2D SPACE',''
  ) );
#2527 = PCURVE('',#997,#2528);
#2528 = DEFINITIONAL_REPRESENTATION('',(#2529),#2533);
#2529 = LINE('',#2530,#2531);
#2530 = CARTESIAN_POINT('',(-0.,0.));
#2531 = VECTOR('',#2532,1.);
#2532 = DIRECTION('',(-0.,-1.));
#2533 = ( GEOMETRIC_REPRESENTATION_CONTEXT(2) 
PARAMETRIC_REPRESENTATION_CONTEXT() REPRESENTATION_CONTEXT('2D SPACE',''
  ) );
#2534 = ORIENTED_EDGE('',*,*,#1359,.F.);
#2535 = ORIENTED_EDGE('',*,*,#2514,.F.);
#2536 = ADVANCED_FACE('',(#2537,#2651,#2657,#2663,#2669,#2675),#1053,.F.
  );
#2537 = FACE_BOUND('',#2538,.T.);
#2538 = EDGE_LOOP('',(#2539,#2540,#2541,#2542,#2565,#2596,#2597,#2598,
    #2599,#2600,#2623,#2650));
#2539 = ORIENTED_EDGE('',*,*,#1036,.F.);
#2540 = ORIENTED_EDGE('',*,*,#1393,.F.);
#2541 = ORIENTED_EDGE('',*,*,#1185,.T.);
#2542 = ORIENTED_EDGE('',*,*,#2543,.T.);
#2543 = EDGE_CURVE('',#1186,#2544,#2546,.T.);
#2544 = VERTEX_POINT('',#2545);
#2545 = CARTESIAN_POINT('',(178.,8.951719505639E-15,85.));
#2546 = SEAM_CURVE('',#2547,(#2551,#2558),.PCURVE_S1.);
#2547 = LINE('',#2548,#2549);
#2548 = CARTESIAN_POINT('',(178.,8.951719505639E-15,0.));
#2549 = VECTOR('',#2550,1.);
#2550 = DIRECTION('',(0.,0.,1.));
#2551 = PCURVE('',#1053,#2552);
#2552 = DEFINITIONAL_REPRESENTATION('',(#2553),#2557);
#2553 = LINE('',#2554,#2555);
#2554 = CARTESIAN_POINT('',(-0.,0.));
#2555 = VECTOR('',#2556,1.);
#2556 = DIRECTION('',(-0.,-1.));
#2557 = ( GEOMETRIC_REPRESENTATION_CONTEXT(2) 
PARAMETRIC_REPRESENTATION_CONTEXT() REPRESENTATION_CONTEXT('2D SPACE',''
  ) );
#2558 = PCURVE('',#1053,#2559);
#2559 = DEFINITIONAL_REPRESENTATION('',(#2560),#2564);
#2560 = LINE('',#2561,#2562);
#2561 = CARTESIAN_POINT('',(-6.28318530718,0.));
#2562 = VECTOR('',#2563,1.);
#2563 = DIRECTION('',(-0.,-1.));
#2564 = ( GEOMETRIC_REPRESENTATION_CONTEXT(2) 
PARAMETRIC_REPRESENTATION_CONTEXT() REPRESENTATION_CONTEXT('2D SPACE',''
  ) );
#2565 = ORIENTED_EDGE('',*,*,#2566,.F.);
#2566 = EDGE_CURVE('',#2544,#2544,#2567,.T.);
#2567 = SURFACE_CURVE('',#2568,(#2573,#2580),.PCURVE_S1.);
#2568 = CIRCLE('',#2569,178.);
#2569 = AXIS2_PLACEMENT_3D('',#2570,#2571,#2572);
#2570 = CARTESIAN_POINT('',(9.578339871034E-13,8.951719505639E-15,85.));
#2571 = DIRECTION('',(0.,0.,-1.));
#2572 = DIRECTION('',(1.,0.,0.));
#2573 = PCURVE('',#1053,#2574);
#2574 = DEFINITIONAL_REPRESENTATION('',(#2575),#2579);
#2575 = LINE('',#2576,#2577);
#2576 = CARTESIAN_POINT('',(-6.28318530718,-85.));
#2577 = VECTOR('',#2578,1.);
#2578 = DIRECTION('',(1.,-0.));
#2579 = ( GEOMETRIC_REPRESENTATION_CONTEXT(2) 
PARAMETRIC_REPRESENTATION_CONTEXT() REPRESENTATION_CONTEXT('2D SPACE',''
  ) );
#2580 = PCURVE('',#2581,#2586);
#2581 = PLANE('',#2582);
#2582 = AXIS2_PLACEMENT_3D('',#2583,#2584,#2585);
#2583 = CARTESIAN_POINT('',(-6.830530223026E-15,1.21231708749E-14,85.));
#2584 = DIRECTION('',(0.,0.,1.));
#2585 = DIRECTION('',(1.,0.,-0.));
#2586 = DEFINITIONAL_REPRESENTATION('',(#2587),#2595);
#2587 = ( BOUNDED_CURVE() B_SPLINE_CURVE(2,(#2588,#2589,#2590,#2591,
#2592,#2593,#2594),.UNSPECIFIED.,.T.,.F.) B_SPLINE_CURVE_WITH_KNOTS((1,2
    ,2,2,2,1),(-2.094395102393,0.,2.094395102393,4.188790204786,
6.28318530718,8.377580409573),.UNSPECIFIED.) CURVE() 
GEOMETRIC_REPRESENTATION_ITEM() RATIONAL_B_SPLINE_CURVE((1.,0.5,1.,0.5,
1.,0.5,1.)) REPRESENTATION_ITEM('') );
#2588 = CARTESIAN_POINT('',(178.,-3.171451369266E-15));
#2589 = CARTESIAN_POINT('',(178.,-308.3050437472));
#2590 = CARTESIAN_POINT('',(-88.99999999999,-154.1525218736));
#2591 = CARTESIAN_POINT('',(-355.9999999999,-4.676887741891E-14));
#2592 = CARTESIAN_POINT('',(-88.99999999999,154.15252187363));
#2593 = CARTESIAN_POINT('',(178.,308.30504374726));
#2594 = CARTESIAN_POINT('',(178.,-3.171451369266E-15));
#2595 = ( GEOMETRIC_REPRESENTATION_CONTEXT(2) 
PARAMETRIC_REPRESENTATION_CONTEXT() REPRESENTATION_CONTEXT('2D SPACE',''
  ) );
#2596 = ORIENTED_EDGE('',*,*,#2543,.F.);
#2597 = ORIENTED_EDGE('',*,*,#1209,.T.);
#2598 = ORIENTED_EDGE('',*,*,#1114,.T.);
#2599 = ORIENTED_EDGE('',*,*,#1065,.F.);
#2600 = ORIENTED_EDGE('',*,*,#2601,.T.);
#2601 = EDGE_CURVE('',#1037,#2602,#2604,.T.);
#2602 = VERTEX_POINT('',#2603);
#2603 = CARTESIAN_POINT('',(178.,8.951719505639E-15,-178.));
#2604 = SEAM_CURVE('',#2605,(#2609,#2616),.PCURVE_S1.);
#2605 = LINE('',#2606,#2607);
#2606 = CARTESIAN_POINT('',(178.,8.91675185132E-15,48.));
#2607 = VECTOR('',#2608,1.);
#2608 = DIRECTION('',(2.137916196092E-15,1.547241341544E-19,-1.));
#2609 = PCURVE('',#1053,#2610);
#2610 = DEFINITIONAL_REPRESENTATION('',(#2611),#2615);
#2611 = LINE('',#2612,#2613);
#2612 = CARTESIAN_POINT('',(-6.28318530718,-48.));
#2613 = VECTOR('',#2614,1.);
#2614 = DIRECTION('',(0.,1.));
#2615 = ( GEOMETRIC_REPRESENTATION_CONTEXT(2) 
PARAMETRIC_REPRESENTATION_CONTEXT() REPRESENTATION_CONTEXT('2D SPACE',''
  ) );
#2616 = PCURVE('',#1053,#2617);
#2617 = DEFINITIONAL_REPRESENTATION('',(#2618),#2622);
#2618 = LINE('',#2619,#2620);
#2619 = CARTESIAN_POINT('',(-0.,-48.));
#2620 = VECTOR('',#2621,1.);
#2621 = DIRECTION('',(0.,1.));
#2622 = ( GEOMETRIC_REPRESENTATION_CONTEXT(2) 
PARAMETRIC_REPRESENTATION_CONTEXT() REPRESENTATION_CONTEXT('2D SPACE',''
  ) );
#2623 = ORIENTED_EDGE('',*,*,#2624,.F.);
#2624 = EDGE_CURVE('',#2602,#2602,#2625,.T.);
#2625 = SURFACE_CURVE('',#2626,(#2631,#2638),.PCURVE_S1.);
#2626 = CIRCLE('',#2627,178.);
#2627 = AXIS2_PLACEMENT_3D('',#2628,#2629,#2630);
#2628 = CARTESIAN_POINT('',(9.578339871034E-13,8.951719505639E-15,-178.)
  );
#2629 = DIRECTION('',(0.,0.,1.));
#2630 = DIRECTION('',(1.,0.,0.));
#2631 = PCURVE('',#1053,#2632);
#2632 = DEFINITIONAL_REPRESENTATION('',(#2633),#2637);
#2633 = LINE('',#2634,#2635);
#2634 = CARTESIAN_POINT('',(0.,178.));
#2635 = VECTOR('',#2636,1.);
#2636 = DIRECTION('',(-1.,-0.));
#2637 = ( GEOMETRIC_REPRESENTATION_CONTEXT(2) 
PARAMETRIC_REPRESENTATION_CONTEXT() REPRESENTATION_CONTEXT('2D SPACE',''
  ) );
#2638 = PCURVE('',#2639,#2644);
#2639 = PLANE('',#2640);
#2640 = AXIS2_PLACEMENT_3D('',#2641,#2642,#2643);
#2641 = CARTESIAN_POINT('',(0.,1.926920656733E-14,-178.));
#2642 = DIRECTION('',(0.,0.,1.));
#2643 = DIRECTION('',(1.,0.,-0.));
#2644 = DEFINITIONAL_REPRESENTATION('',(#2645),#2649);
#2645 = CIRCLE('',#2646,178.);
#2646 = AXIS2_PLACEMENT_2D('',#2647,#2648);
#2647 = CARTESIAN_POINT('',(9.578339871034E-13,-1.031748706169E-14));
#2648 = DIRECTION('',(1.,0.));
#2649 = ( GEOMETRIC_REPRESENTATION_CONTEXT(2) 
PARAMETRIC_REPRESENTATION_CONTEXT() REPRESENTATION_CONTEXT('2D SPACE',''
  ) );
#2650 = ORIENTED_EDGE('',*,*,#2601,.F.);
#2651 = FACE_BOUND('',#2652,.T.);
#2652 = EDGE_LOOP('',(#2653,#2654,#2655,#2656));
#2653 = ORIENTED_EDGE('',*,*,#1462,.F.);
#2654 = ORIENTED_EDGE('',*,*,#1583,.F.);
#2655 = ORIENTED_EDGE('',*,*,#1534,.T.);
#2656 = ORIENTED_EDGE('',*,*,#1486,.F.);
#2657 = FACE_BOUND('',#2658,.T.);
#2658 = EDGE_LOOP('',(#2659,#2660,#2661,#2662));
#2659 = ORIENTED_EDGE('',*,*,#1660,.F.);
#2660 = ORIENTED_EDGE('',*,*,#1781,.F.);
#2661 = ORIENTED_EDGE('',*,*,#1732,.T.);
#2662 = ORIENTED_EDGE('',*,*,#1684,.F.);
#2663 = FACE_BOUND('',#2664,.T.);
#2664 = EDGE_LOOP('',(#2665,#2666,#2667,#2668));
#2665 = ORIENTED_EDGE('',*,*,#1858,.F.);
#2666 = ORIENTED_EDGE('',*,*,#1979,.F.);
#2667 = ORIENTED_EDGE('',*,*,#1930,.T.);
#2668 = ORIENTED_EDGE('',*,*,#1882,.F.);
#2669 = FACE_BOUND('',#2670,.T.);
#2670 = EDGE_LOOP('',(#2671,#2672,#2673,#2674));
#2671 = ORIENTED_EDGE('',*,*,#2056,.F.);
#2672 = ORIENTED_EDGE('',*,*,#2177,.F.);
#2673 = ORIENTED_EDGE('',*,*,#2128,.T.);
#2674 = ORIENTED_EDGE('',*,*,#2080,.F.);
#2675 = FACE_BOUND('',#2676,.T.);
#2676 = EDGE_LOOP('',(#2677,#2678,#2679,#2680));
#2677 = ORIENTED_EDGE('',*,*,#2254,.F.);
#2678 = ORIENTED_EDGE('',*,*,#2375,.F.);
#2679 = ORIENTED_EDGE('',*,*,#2326,.T.);
#2680 = ORIENTED_EDGE('',*,*,#2278,.F.);
#2681 = ADVANCED_FACE('',(#2682,#2685),#2581,.F.);
#2682 = FACE_BOUND('',#2683,.F.);
#2683 = EDGE_LOOP('',(#2684));
#2684 = ORIENTED_EDGE('',*,*,#2566,.F.);
#2685 = FACE_BOUND('',#2686,.F.);
#2686 = EDGE_LOOP('',(#2687));
#2687 = ORIENTED_EDGE('',*,*,#2688,.F.);
#2688 = EDGE_CURVE('',#2689,#2689,#2691,.T.);
#2689 = VERTEX_POINT('',#2690);
#2690 = CARTESIAN_POINT('',(174.5,2.218279760422E-15,85.));
#2691 = SURFACE_CURVE('',#2692,(#2697,#2704),.PCURVE_S1.);
#2692 = CIRCLE('',#2693,174.5);
#2693 = AXIS2_PLACEMENT_3D('',#2694,#2695,#2696);
#2694 = CARTESIAN_POINT('',(9.627334160231E-13,2.218279760422E-15,85.));
#2695 = DIRECTION('',(0.,0.,1.));
#2696 = DIRECTION('',(1.,0.,0.));
#2697 = PCURVE('',#2581,#2698);
#2698 = DEFINITIONAL_REPRESENTATION('',(#2699),#2703);
#2699 = CIRCLE('',#2700,174.5);
#2700 = AXIS2_PLACEMENT_2D('',#2701,#2702);
#2701 = CARTESIAN_POINT('',(9.695639462461E-13,-9.904891114483E-15));
#2702 = DIRECTION('',(1.,0.));
#2703 = ( GEOMETRIC_REPRESENTATION_CONTEXT(2) 
PARAMETRIC_REPRESENTATION_CONTEXT() REPRESENTATION_CONTEXT('2D SPACE',''
  ) );
#2704 = PCURVE('',#2705,#2710);
#2705 = CYLINDRICAL_SURFACE('',#2706,174.5);
#2706 = AXIS2_PLACEMENT_3D('',#2707,#2708,#2709);
#2707 = CARTESIAN_POINT('',(9.627334160231E-13,2.218279760422E-15,85.));
#2708 = DIRECTION('',(-0.,-0.,-1.));
#2709 = DIRECTION('',(1.,0.,0.));
#2710 = DEFINITIONAL_REPRESENTATION('',(#2711),#2715);
#2711 = LINE('',#2712,#2713);
#2712 = CARTESIAN_POINT('',(-0.,0.));
#2713 = VECTOR('',#2714,1.);
#2714 = DIRECTION('',(-1.,0.));
#2715 = ( GEOMETRIC_REPRESENTATION_CONTEXT(2) 
PARAMETRIC_REPRESENTATION_CONTEXT() REPRESENTATION_CONTEXT('2D SPACE',''
  ) );
#2716 = ADVANCED_FACE('',(#2717,#2748),#2639,.F.);
#2717 = FACE_BOUND('',#2718,.F.);
#2718 = EDGE_LOOP('',(#2719));
#2719 = ORIENTED_EDGE('',*,*,#2720,.T.);
#2720 = EDGE_CURVE('',#2721,#2721,#2723,.T.);
#2721 = VERTEX_POINT('',#2722);
#2722 = CARTESIAN_POINT('',(203.2,0.,-178.));
#2723 = SURFACE_CURVE('',#2724,(#2729,#2736),.PCURVE_S1.);
#2724 = CIRCLE('',#2725,203.2);
#2725 = AXIS2_PLACEMENT_3D('',#2726,#2727,#2728);
#2726 = CARTESIAN_POINT('',(0.,0.,-178.));
#2727 = DIRECTION('',(0.,0.,1.));
#2728 = DIRECTION('',(1.,0.,0.));
#2729 = PCURVE('',#2639,#2730);
#2730 = DEFINITIONAL_REPRESENTATION('',(#2731),#2735);
#2731 = CIRCLE('',#2732,203.2);
#2732 = AXIS2_PLACEMENT_2D('',#2733,#2734);
#2733 = CARTESIAN_POINT('',(0.,-1.926920656733E-14));
#2734 = DIRECTION('',(1.,0.));
#2735 = ( GEOMETRIC_REPRESENTATION_CONTEXT(2) 
PARAMETRIC_REPRESENTATION_CONTEXT() REPRESENTATION_CONTEXT('2D SPACE',''
  ) );
#2736 = PCURVE('',#2737,#2742);
#2737 = CYLINDRICAL_SURFACE('',#2738,203.2);
#2738 = AXIS2_PLACEMENT_3D('',#2739,#2740,#2741);
#2739 = CARTESIAN_POINT('',(0.,0.,0.));
#2740 = DIRECTION('',(0.,0.,1.));
#2741 = DIRECTION('',(1.,0.,0.));
#2742 = DEFINITIONAL_REPRESENTATION('',(#2743),#2747);
#2743 = LINE('',#2744,#2745);
#2744 = CARTESIAN_POINT('',(0.,-178.));
#2745 = VECTOR('',#2746,1.);
#2746 = DIRECTION('',(1.,0.));
#2747 = ( GEOMETRIC_REPRESENTATION_CONTEXT(2) 
PARAMETRIC_REPRESENTATION_CONTEXT() REPRESENTATION_CONTEXT('2D SPACE',''
  ) );
#2748 = FACE_BOUND('',#2749,.F.);
#2749 = EDGE_LOOP('',(#2750));
#2750 = ORIENTED_EDGE('',*,*,#2624,.F.);
#2751 = ADVANCED_FACE('',(#2752),#2705,.F.);
#2752 = FACE_BOUND('',#2753,.T.);
#2753 = EDGE_LOOP('',(#2754,#2777,#2804,#2805));
#2754 = ORIENTED_EDGE('',*,*,#2755,.T.);
#2755 = EDGE_CURVE('',#2689,#2756,#2758,.T.);
#2756 = VERTEX_POINT('',#2757);
#2757 = CARTESIAN_POINT('',(174.5,2.218279760422E-15,93.));
#2758 = SEAM_CURVE('',#2759,(#2763,#2770),.PCURVE_S1.);
#2759 = LINE('',#2760,#2761);
#2760 = CARTESIAN_POINT('',(174.5,2.218279760422E-15,85.));
#2761 = VECTOR('',#2762,1.);
#2762 = DIRECTION('',(0.,0.,1.));
#2763 = PCURVE('',#2705,#2764);
#2764 = DEFINITIONAL_REPRESENTATION('',(#2765),#2769);
#2765 = LINE('',#2766,#2767);
#2766 = CARTESIAN_POINT('',(-0.,0.));
#2767 = VECTOR('',#2768,1.);
#2768 = DIRECTION('',(-0.,-1.));
#2769 = ( GEOMETRIC_REPRESENTATION_CONTEXT(2) 
PARAMETRIC_REPRESENTATION_CONTEXT() REPRESENTATION_CONTEXT('2D SPACE',''
  ) );
#2770 = PCURVE('',#2705,#2771);
#2771 = DEFINITIONAL_REPRESENTATION('',(#2772),#2776);
#2772 = LINE('',#2773,#2774);
#2773 = CARTESIAN_POINT('',(-6.28318530718,0.));
#2774 = VECTOR('',#2775,1.);
#2775 = DIRECTION('',(-0.,-1.));
#2776 = ( GEOMETRIC_REPRESENTATION_CONTEXT(2) 
PARAMETRIC_REPRESENTATION_CONTEXT() REPRESENTATION_CONTEXT('2D SPACE',''
  ) );
#2777 = ORIENTED_EDGE('',*,*,#2778,.T.);
#2778 = EDGE_CURVE('',#2756,#2756,#2779,.T.);
#2779 = SURFACE_CURVE('',#2780,(#2785,#2792),.PCURVE_S1.);
#2780 = CIRCLE('',#2781,174.5);
#2781 = AXIS2_PLACEMENT_3D('',#2782,#2783,#2784);
#2782 = CARTESIAN_POINT('',(9.627334160231E-13,2.218279760422E-15,93.));
#2783 = DIRECTION('',(0.,0.,1.));
#2784 = DIRECTION('',(1.,0.,0.));
#2785 = PCURVE('',#2705,#2786);
#2786 = DEFINITIONAL_REPRESENTATION('',(#2787),#2791);
#2787 = LINE('',#2788,#2789);
#2788 = CARTESIAN_POINT('',(-0.,-8.));
#2789 = VECTOR('',#2790,1.);
#2790 = DIRECTION('',(-1.,0.));
#2791 = ( GEOMETRIC_REPRESENTATION_CONTEXT(2) 
PARAMETRIC_REPRESENTATION_CONTEXT() REPRESENTATION_CONTEXT('2D SPACE',''
  ) );
#2792 = PCURVE('',#2793,#2798);
#2793 = PLANE('',#2794);
#2794 = AXIS2_PLACEMENT_3D('',#2795,#2796,#2797);
#2795 = CARTESIAN_POINT('',(-6.830530223026E-15,1.21231708749E-14,93.));
#2796 = DIRECTION('',(0.,0.,1.));
#2797 = DIRECTION('',(1.,0.,-0.));
#2798 = DEFINITIONAL_REPRESENTATION('',(#2799),#2803);
#2799 = CIRCLE('',#2800,174.5);
#2800 = AXIS2_PLACEMENT_2D('',#2801,#2802);
#2801 = CARTESIAN_POINT('',(9.695639462461E-13,-9.904891114483E-15));
#2802 = DIRECTION('',(1.,0.));
#2803 = ( GEOMETRIC_REPRESENTATION_CONTEXT(2) 
PARAMETRIC_REPRESENTATION_CONTEXT() REPRESENTATION_CONTEXT('2D SPACE',''
  ) );
#2804 = ORIENTED_EDGE('',*,*,#2755,.F.);
#2805 = ORIENTED_EDGE('',*,*,#2688,.F.);
#2806 = ADVANCED_FACE('',(#2807),#2737,.T.);
#2807 = FACE_BOUND('',#2808,.T.);
#2808 = EDGE_LOOP('',(#2809,#2832,#2833,#2834));
#2809 = ORIENTED_EDGE('',*,*,#2810,.T.);
#2810 = EDGE_CURVE('',#2811,#2721,#2813,.T.);
#2811 = VERTEX_POINT('',#2812);
#2812 = CARTESIAN_POINT('',(203.2,0.,0.));
#2813 = SEAM_CURVE('',#2814,(#2818,#2825),.PCURVE_S1.);
#2814 = LINE('',#2815,#2816);
#2815 = CARTESIAN_POINT('',(203.2,0.,0.));
#2816 = VECTOR('',#2817,1.);
#2817 = DIRECTION('',(-0.,-0.,-1.));
#2818 = PCURVE('',#2737,#2819);
#2819 = DEFINITIONAL_REPRESENTATION('',(#2820),#2824);
#2820 = LINE('',#2821,#2822);
#2821 = CARTESIAN_POINT('',(0.,0.));
#2822 = VECTOR('',#2823,1.);
#2823 = DIRECTION('',(0.,-1.));
#2824 = ( GEOMETRIC_REPRESENTATION_CONTEXT(2) 
PARAMETRIC_REPRESENTATION_CONTEXT() REPRESENTATION_CONTEXT('2D SPACE',''
  ) );
#2825 = PCURVE('',#2737,#2826);
#2826 = DEFINITIONAL_REPRESENTATION('',(#2827),#2831);
#2827 = LINE('',#2828,#2829);
#2828 = CARTESIAN_POINT('',(6.28318530718,0.));
#2829 = VECTOR('',#2830,1.);
#2830 = DIRECTION('',(0.,-1.));
#2831 = ( GEOMETRIC_REPRESENTATION_CONTEXT(2) 
PARAMETRIC_REPRESENTATION_CONTEXT() REPRESENTATION_CONTEXT('2D SPACE',''
  ) );
#2832 = ORIENTED_EDGE('',*,*,#2720,.T.);
#2833 = ORIENTED_EDGE('',*,*,#2810,.F.);
#2834 = ORIENTED_EDGE('',*,*,#2835,.F.);
#2835 = EDGE_CURVE('',#2811,#2811,#2836,.T.);
#2836 = SURFACE_CURVE('',#2837,(#2842,#2848),.PCURVE_S1.);
#2837 = CIRCLE('',#2838,203.2);
#2838 = AXIS2_PLACEMENT_3D('',#2839,#2840,#2841);
#2839 = CARTESIAN_POINT('',(0.,0.,0.));
#2840 = DIRECTION('',(0.,0.,1.));
#2841 = DIRECTION('',(1.,0.,0.));
#2842 = PCURVE('',#2737,#2843);
#2843 = DEFINITIONAL_REPRESENTATION('',(#2844),#2847);
#2844 = B_SPLINE_CURVE_WITH_KNOTS('',1,(#2845,#2846),.UNSPECIFIED.,.F.,
  .F.,(2,2),(0.,6.28318530718),.PIECEWISE_BEZIER_KNOTS.);
#2845 = CARTESIAN_POINT('',(0.,0.));
#2846 = CARTESIAN_POINT('',(6.28318530718,0.));
#2847 = ( GEOMETRIC_REPRESENTATION_CONTEXT(2) 
PARAMETRIC_REPRESENTATION_CONTEXT() REPRESENTATION_CONTEXT('2D SPACE',''
  ) );
#2848 = PCURVE('',#2849,#2854);
#2849 = CYLINDRICAL_SURFACE('',#2850,203.2);
#2850 = AXIS2_PLACEMENT_3D('',#2851,#2852,#2853);
#2851 = CARTESIAN_POINT('',(0.,0.,0.));
#2852 = DIRECTION('',(-0.,-0.,-1.));
#2853 = DIRECTION('',(1.,0.,0.));
#2854 = DEFINITIONAL_REPRESENTATION('',(#2855),#2859);
#2855 = LINE('',#2856,#2857);
#2856 = CARTESIAN_POINT('',(-0.,0.));
#2857 = VECTOR('',#2858,1.);
#2858 = DIRECTION('',(-1.,0.));
#2859 = ( GEOMETRIC_REPRESENTATION_CONTEXT(2) 
PARAMETRIC_REPRESENTATION_CONTEXT() REPRESENTATION_CONTEXT('2D SPACE',''
  ) );
#2860 = ADVANCED_FACE('',(#2861,#2896),#2793,.T.);
#2861 = FACE_BOUND('',#2862,.T.);
#2862 = EDGE_LOOP('',(#2863));
#2863 = ORIENTED_EDGE('',*,*,#2864,.F.);
#2864 = EDGE_CURVE('',#2865,#2865,#2867,.T.);
#2865 = VERTEX_POINT('',#2866);
#2866 = CARTESIAN_POINT('',(178.,8.951719505639E-15,93.));
#2867 = SURFACE_CURVE('',#2868,(#2873,#2884),.PCURVE_S1.);
#2868 = CIRCLE('',#2869,178.);
#2869 = AXIS2_PLACEMENT_3D('',#2870,#2871,#2872);
#2870 = CARTESIAN_POINT('',(9.578339871034E-13,8.951719505639E-15,93.));
#2871 = DIRECTION('',(0.,0.,-1.));
#2872 = DIRECTION('',(1.,0.,0.));
#2873 = PCURVE('',#2793,#2874);
#2874 = DEFINITIONAL_REPRESENTATION('',(#2875),#2883);
#2875 = ( BOUNDED_CURVE() B_SPLINE_CURVE(2,(#2876,#2877,#2878,#2879,
#2880,#2881,#2882),.UNSPECIFIED.,.T.,.F.) B_SPLINE_CURVE_WITH_KNOTS((1,2
    ,2,2,2,1),(-2.094395102393,0.,2.094395102393,4.188790204786,
6.28318530718,8.377580409573),.UNSPECIFIED.) CURVE() 
GEOMETRIC_REPRESENTATION_ITEM() RATIONAL_B_SPLINE_CURVE((1.,0.5,1.,0.5,
1.,0.5,1.)) REPRESENTATION_ITEM('') );
#2876 = CARTESIAN_POINT('',(178.,-3.171451369266E-15));
#2877 = CARTESIAN_POINT('',(178.,-308.3050437472));
#2878 = CARTESIAN_POINT('',(-88.99999999999,-154.1525218736));
#2879 = CARTESIAN_POINT('',(-355.9999999999,-4.676887741891E-14));
#2880 = CARTESIAN_POINT('',(-88.99999999999,154.15252187363));
#2881 = CARTESIAN_POINT('',(178.,308.30504374726));
#2882 = CARTESIAN_POINT('',(178.,-3.171451369266E-15));
#2883 = ( GEOMETRIC_REPRESENTATION_CONTEXT(2) 
PARAMETRIC_REPRESENTATION_CONTEXT() REPRESENTATION_CONTEXT('2D SPACE',''
  ) );
#2884 = PCURVE('',#2885,#2890);
#2885 = CYLINDRICAL_SURFACE('',#2886,178.);
#2886 = AXIS2_PLACEMENT_3D('',#2887,#2888,#2889);
#2887 = CARTESIAN_POINT('',(9.578339871034E-13,8.951719505639E-15,0.));
#2888 = DIRECTION('',(-0.,-0.,-1.));
#2889 = DIRECTION('',(1.,0.,0.));
#2890 = DEFINITIONAL_REPRESENTATION('',(#2891),#2895);
#2891 = LINE('',#2892,#2893);
#2892 = CARTESIAN_POINT('',(-6.28318530718,-93.));
#2893 = VECTOR('',#2894,1.);
#2894 = DIRECTION('',(1.,-0.));
#2895 = ( GEOMETRIC_REPRESENTATION_CONTEXT(2) 
PARAMETRIC_REPRESENTATION_CONTEXT() REPRESENTATION_CONTEXT('2D SPACE',''
  ) );
#2896 = FACE_BOUND('',#2897,.T.);
#2897 = EDGE_LOOP('',(#2898));
#2898 = ORIENTED_EDGE('',*,*,#2778,.F.);
#2899 = ADVANCED_FACE('',(#2900),#2849,.T.);
#2900 = FACE_BOUND('',#2901,.F.);
#2901 = EDGE_LOOP('',(#2902,#2903,#2926,#2957));
#2902 = ORIENTED_EDGE('',*,*,#2835,.F.);
#2903 = ORIENTED_EDGE('',*,*,#2904,.T.);
#2904 = EDGE_CURVE('',#2811,#2905,#2907,.T.);
#2905 = VERTEX_POINT('',#2906);
#2906 = CARTESIAN_POINT('',(203.2,0.,85.));
#2907 = SEAM_CURVE('',#2908,(#2912,#2919),.PCURVE_S1.);
#2908 = LINE('',#2909,#2910);
#2909 = CARTESIAN_POINT('',(203.2,0.,0.));
#2910 = VECTOR('',#2911,1.);
#2911 = DIRECTION('',(0.,0.,1.));
#2912 = PCURVE('',#2849,#2913);
#2913 = DEFINITIONAL_REPRESENTATION('',(#2914),#2918);
#2914 = LINE('',#2915,#2916);
#2915 = CARTESIAN_POINT('',(-6.28318530718,0.));
#2916 = VECTOR('',#2917,1.);
#2917 = DIRECTION('',(-0.,-1.));
#2918 = ( GEOMETRIC_REPRESENTATION_CONTEXT(2) 
PARAMETRIC_REPRESENTATION_CONTEXT() REPRESENTATION_CONTEXT('2D SPACE',''
  ) );
#2919 = PCURVE('',#2849,#2920);
#2920 = DEFINITIONAL_REPRESENTATION('',(#2921),#2925);
#2921 = LINE('',#2922,#2923);
#2922 = CARTESIAN_POINT('',(-0.,0.));
#2923 = VECTOR('',#2924,1.);
#2924 = DIRECTION('',(-0.,-1.));
#2925 = ( GEOMETRIC_REPRESENTATION_CONTEXT(2) 
PARAMETRIC_REPRESENTATION_CONTEXT() REPRESENTATION_CONTEXT('2D SPACE',''
  ) );
#2926 = ORIENTED_EDGE('',*,*,#2927,.F.);
#2927 = EDGE_CURVE('',#2905,#2905,#2928,.T.);
#2928 = SURFACE_CURVE('',#2929,(#2934,#2941),.PCURVE_S1.);
#2929 = CIRCLE('',#2930,203.2);
#2930 = AXIS2_PLACEMENT_3D('',#2931,#2932,#2933);
#2931 = CARTESIAN_POINT('',(0.,0.,85.));
#2932 = DIRECTION('',(0.,0.,-1.));
#2933 = DIRECTION('',(1.,0.,0.));
#2934 = PCURVE('',#2849,#2935);
#2935 = DEFINITIONAL_REPRESENTATION('',(#2936),#2940);
#2936 = LINE('',#2937,#2938);
#2937 = CARTESIAN_POINT('',(-6.28318530718,-85.));
#2938 = VECTOR('',#2939,1.);
#2939 = DIRECTION('',(1.,-0.));
#2940 = ( GEOMETRIC_REPRESENTATION_CONTEXT(2) 
PARAMETRIC_REPRESENTATION_CONTEXT() REPRESENTATION_CONTEXT('2D SPACE',''
  ) );
#2941 = PCURVE('',#2942,#2947);
#2942 = PLANE('',#2943);
#2943 = AXIS2_PLACEMENT_3D('',#2944,#2945,#2946);
#2944 = CARTESIAN_POINT('',(-6.830530223026E-15,1.21231708749E-14,85.));
#2945 = DIRECTION('',(0.,0.,1.));
#2946 = DIRECTION('',(1.,0.,-0.));
#2947 = DEFINITIONAL_REPRESENTATION('',(#2948),#2956);
#2948 = ( BOUNDED_CURVE() B_SPLINE_CURVE(2,(#2949,#2950,#2951,#2952,
#2953,#2954,#2955),.UNSPECIFIED.,.T.,.F.) B_SPLINE_CURVE_WITH_KNOTS((1,2
    ,2,2,2,1),(-2.094395102393,0.,2.094395102393,4.188790204786,
6.28318530718,8.377580409573),.UNSPECIFIED.) CURVE() 
GEOMETRIC_REPRESENTATION_ITEM() RATIONAL_B_SPLINE_CURVE((1.,0.5,1.,0.5,
1.,0.5,1.)) REPRESENTATION_ITEM('') );
#2949 = CARTESIAN_POINT('',(203.2,-1.21231708749E-14));
#2950 = CARTESIAN_POINT('',(203.2,-351.9527240979));
#2951 = CARTESIAN_POINT('',(-101.6,-175.9763620489));
#2952 = CARTESIAN_POINT('',(-406.4,-6.189281679225E-14));
#2953 = CARTESIAN_POINT('',(-101.6,175.97636204899));
#2954 = CARTESIAN_POINT('',(203.2,351.95272409799));
#2955 = CARTESIAN_POINT('',(203.2,-1.21231708749E-14));
#2956 = ( GEOMETRIC_REPRESENTATION_CONTEXT(2) 
PARAMETRIC_REPRESENTATION_CONTEXT() REPRESENTATION_CONTEXT('2D SPACE',''
  ) );
#2957 = ORIENTED_EDGE('',*,*,#2904,.F.);
#2958 = ADVANCED_FACE('',(#2959),#2885,.F.);
#2959 = FACE_BOUND('',#2960,.T.);
#2960 = EDGE_LOOP('',(#2961,#2962,#2985,#3012));
#2961 = ORIENTED_EDGE('',*,*,#2864,.T.);
#2962 = ORIENTED_EDGE('',*,*,#2963,.T.);
#2963 = EDGE_CURVE('',#2865,#2964,#2966,.T.);
#2964 = VERTEX_POINT('',#2965);
#2965 = CARTESIAN_POINT('',(178.,8.951719505639E-15,178.));
#2966 = SEAM_CURVE('',#2967,(#2971,#2978),.PCURVE_S1.);
#2967 = LINE('',#2968,#2969);
#2968 = CARTESIAN_POINT('',(178.,8.951719505639E-15,0.));
#2969 = VECTOR('',#2970,1.);
#2970 = DIRECTION('',(0.,0.,1.));
#2971 = PCURVE('',#2885,#2972);
#2972 = DEFINITIONAL_REPRESENTATION('',(#2973),#2977);
#2973 = LINE('',#2974,#2975);
#2974 = CARTESIAN_POINT('',(-6.28318530718,0.));
#2975 = VECTOR('',#2976,1.);
#2976 = DIRECTION('',(-0.,-1.));
#2977 = ( GEOMETRIC_REPRESENTATION_CONTEXT(2) 
PARAMETRIC_REPRESENTATION_CONTEXT() REPRESENTATION_CONTEXT('2D SPACE',''
  ) );
#2978 = PCURVE('',#2885,#2979);
#2979 = DEFINITIONAL_REPRESENTATION('',(#2980),#2984);
#2980 = LINE('',#2981,#2982);
#2981 = CARTESIAN_POINT('',(-0.,0.));
#2982 = VECTOR('',#2983,1.);
#2983 = DIRECTION('',(-0.,-1.));
#2984 = ( GEOMETRIC_REPRESENTATION_CONTEXT(2) 
PARAMETRIC_REPRESENTATION_CONTEXT() REPRESENTATION_CONTEXT('2D SPACE',''
  ) );
#2985 = ORIENTED_EDGE('',*,*,#2986,.T.);
#2986 = EDGE_CURVE('',#2964,#2964,#2987,.T.);
#2987 = SURFACE_CURVE('',#2988,(#2993,#3000),.PCURVE_S1.);
#2988 = CIRCLE('',#2989,178.);
#2989 = AXIS2_PLACEMENT_3D('',#2990,#2991,#2992);
#2990 = CARTESIAN_POINT('',(9.578339871034E-13,8.951719505639E-15,178.)
  );
#2991 = DIRECTION('',(0.,0.,1.));
#2992 = DIRECTION('',(1.,0.,0.));
#2993 = PCURVE('',#2885,#2994);
#2994 = DEFINITIONAL_REPRESENTATION('',(#2995),#2999);
#2995 = LINE('',#2996,#2997);
#2996 = CARTESIAN_POINT('',(-0.,-178.));
#2997 = VECTOR('',#2998,1.);
#2998 = DIRECTION('',(-1.,0.));
#2999 = ( GEOMETRIC_REPRESENTATION_CONTEXT(2) 
PARAMETRIC_REPRESENTATION_CONTEXT() REPRESENTATION_CONTEXT('2D SPACE',''
  ) );
#3000 = PCURVE('',#3001,#3006);
#3001 = PLANE('',#3002);
#3002 = AXIS2_PLACEMENT_3D('',#3003,#3004,#3005);
#3003 = CARTESIAN_POINT('',(0.,1.926920656733E-14,178.));
#3004 = DIRECTION('',(0.,0.,1.));
#3005 = DIRECTION('',(1.,0.,-0.));
#3006 = DEFINITIONAL_REPRESENTATION('',(#3007),#3011);
#3007 = CIRCLE('',#3008,178.);
#3008 = AXIS2_PLACEMENT_2D('',#3009,#3010);
#3009 = CARTESIAN_POINT('',(9.578339871034E-13,-1.031748706169E-14));
#3010 = DIRECTION('',(1.,0.));
#3011 = ( GEOMETRIC_REPRESENTATION_CONTEXT(2) 
PARAMETRIC_REPRESENTATION_CONTEXT() REPRESENTATION_CONTEXT('2D SPACE',''
  ) );
#3012 = ORIENTED_EDGE('',*,*,#2963,.F.);
#3013 = ADVANCED_FACE('',(#3014,#3045),#2942,.F.);
#3014 = FACE_BOUND('',#3015,.F.);
#3015 = EDGE_LOOP('',(#3016));
#3016 = ORIENTED_EDGE('',*,*,#3017,.T.);
#3017 = EDGE_CURVE('',#3018,#3018,#3020,.T.);
#3018 = VERTEX_POINT('',#3019);
#3019 = CARTESIAN_POINT('',(205.,0.,85.));
#3020 = SURFACE_CURVE('',#3021,(#3026,#3033),.PCURVE_S1.);
#3021 = CIRCLE('',#3022,205.);
#3022 = AXIS2_PLACEMENT_3D('',#3023,#3024,#3025);
#3023 = CARTESIAN_POINT('',(0.,0.,85.));
#3024 = DIRECTION('',(0.,0.,1.));
#3025 = DIRECTION('',(1.,0.,0.));
#3026 = PCURVE('',#2942,#3027);
#3027 = DEFINITIONAL_REPRESENTATION('',(#3028),#3032);
#3028 = CIRCLE('',#3029,205.);
#3029 = AXIS2_PLACEMENT_2D('',#3030,#3031);
#3030 = CARTESIAN_POINT('',(6.830530223026E-15,-1.21231708749E-14));
#3031 = DIRECTION('',(1.,0.));
#3032 = ( GEOMETRIC_REPRESENTATION_CONTEXT(2) 
PARAMETRIC_REPRESENTATION_CONTEXT() REPRESENTATION_CONTEXT('2D SPACE',''
  ) );
#3033 = PCURVE('',#3034,#3039);
#3034 = CYLINDRICAL_SURFACE('',#3035,205.);
#3035 = AXIS2_PLACEMENT_3D('',#3036,#3037,#3038);
#3036 = CARTESIAN_POINT('',(0.,0.,85.));
#3037 = DIRECTION('',(-0.,-0.,-1.));
#3038 = DIRECTION('',(1.,0.,0.));
#3039 = DEFINITIONAL_REPRESENTATION('',(#3040),#3044);
#3040 = LINE('',#3041,#3042);
#3041 = CARTESIAN_POINT('',(-0.,0.));
#3042 = VECTOR('',#3043,1.);
#3043 = DIRECTION('',(-1.,0.));
#3044 = ( GEOMETRIC_REPRESENTATION_CONTEXT(2) 
PARAMETRIC_REPRESENTATION_CONTEXT() REPRESENTATION_CONTEXT('2D SPACE',''
  ) );
#3045 = FACE_BOUND('',#3046,.F.);
#3046 = EDGE_LOOP('',(#3047));
#3047 = ORIENTED_EDGE('',*,*,#2927,.T.);
#3048 = ADVANCED_FACE('',(#3049,#3080),#3001,.T.);
#3049 = FACE_BOUND('',#3050,.T.);
#3050 = EDGE_LOOP('',(#3051));
#3051 = ORIENTED_EDGE('',*,*,#3052,.T.);
#3052 = EDGE_CURVE('',#3053,#3053,#3055,.T.);
#3053 = VERTEX_POINT('',#3054);
#3054 = CARTESIAN_POINT('',(203.2,0.,178.));
#3055 = SURFACE_CURVE('',#3056,(#3061,#3068),.PCURVE_S1.);
#3056 = CIRCLE('',#3057,203.2);
#3057 = AXIS2_PLACEMENT_3D('',#3058,#3059,#3060);
#3058 = CARTESIAN_POINT('',(0.,0.,178.));
#3059 = DIRECTION('',(0.,0.,1.));
#3060 = DIRECTION('',(1.,0.,0.));
#3061 = PCURVE('',#3001,#3062);
#3062 = DEFINITIONAL_REPRESENTATION('',(#3063),#3067);
#3063 = CIRCLE('',#3064,203.2);
#3064 = AXIS2_PLACEMENT_2D('',#3065,#3066);
#3065 = CARTESIAN_POINT('',(0.,-1.926920656733E-14));
#3066 = DIRECTION('',(1.,0.));
#3067 = ( GEOMETRIC_REPRESENTATION_CONTEXT(2) 
PARAMETRIC_REPRESENTATION_CONTEXT() REPRESENTATION_CONTEXT('2D SPACE',''
  ) );
#3068 = PCURVE('',#3069,#3074);
#3069 = CYLINDRICAL_SURFACE('',#3070,203.2);
#3070 = AXIS2_PLACEMENT_3D('',#3071,#3072,#3073);
#3071 = CARTESIAN_POINT('',(0.,0.,0.));
#3072 = DIRECTION('',(-0.,-0.,-1.));
#3073 = DIRECTION('',(1.,0.,0.));
#3074 = DEFINITIONAL_REPRESENTATION('',(#3075),#3079);
#3075 = LINE('',#3076,#3077);
#3076 = CARTESIAN_POINT('',(-0.,-178.));
#3077 = VECTOR('',#3078,1.);
#3078 = DIRECTION('',(-1.,0.));
#3079 = ( GEOMETRIC_REPRESENTATION_CONTEXT(2) 
PARAMETRIC_REPRESENTATION_CONTEXT() REPRESENTATION_CONTEXT('2D SPACE',''
  ) );
#3080 = FACE_BOUND('',#3081,.T.);
#3081 = EDGE_LOOP('',(#3082));
#3082 = ORIENTED_EDGE('',*,*,#2986,.F.);
#3083 = ADVANCED_FACE('',(#3084),#3034,.T.);
#3084 = FACE_BOUND('',#3085,.F.);
#3085 = EDGE_LOOP('',(#3086,#3087,#3110,#3141));
#3086 = ORIENTED_EDGE('',*,*,#3017,.F.);
#3087 = ORIENTED_EDGE('',*,*,#3088,.T.);
#3088 = EDGE_CURVE('',#3018,#3089,#3091,.T.);
#3089 = VERTEX_POINT('',#3090);
#3090 = CARTESIAN_POINT('',(205.,0.,90.5));
#3091 = SEAM_CURVE('',#3092,(#3096,#3103),.PCURVE_S1.);
#3092 = LINE('',#3093,#3094);
#3093 = CARTESIAN_POINT('',(205.,0.,85.));
#3094 = VECTOR('',#3095,1.);
#3095 = DIRECTION('',(0.,0.,1.));
#3096 = PCURVE('',#3034,#3097);
#3097 = DEFINITIONAL_REPRESENTATION('',(#3098),#3102);
#3098 = LINE('',#3099,#3100);
#3099 = CARTESIAN_POINT('',(-6.28318530718,0.));
#3100 = VECTOR('',#3101,1.);
#3101 = DIRECTION('',(-0.,-1.));
#3102 = ( GEOMETRIC_REPRESENTATION_CONTEXT(2) 
PARAMETRIC_REPRESENTATION_CONTEXT() REPRESENTATION_CONTEXT('2D SPACE',''
  ) );
#3103 = PCURVE('',#3034,#3104);
#3104 = DEFINITIONAL_REPRESENTATION('',(#3105),#3109);
#3105 = LINE('',#3106,#3107);
#3106 = CARTESIAN_POINT('',(-0.,0.));
#3107 = VECTOR('',#3108,1.);
#3108 = DIRECTION('',(-0.,-1.));
#3109 = ( GEOMETRIC_REPRESENTATION_CONTEXT(2) 
PARAMETRIC_REPRESENTATION_CONTEXT() REPRESENTATION_CONTEXT('2D SPACE',''
  ) );
#3110 = ORIENTED_EDGE('',*,*,#3111,.F.);
#3111 = EDGE_CURVE('',#3089,#3089,#3112,.T.);
#3112 = SURFACE_CURVE('',#3113,(#3118,#3125),.PCURVE_S1.);
#3113 = CIRCLE('',#3114,205.);
#3114 = AXIS2_PLACEMENT_3D('',#3115,#3116,#3117);
#3115 = CARTESIAN_POINT('',(0.,0.,90.5));
#3116 = DIRECTION('',(0.,0.,-1.));
#3117 = DIRECTION('',(1.,0.,0.));
#3118 = PCURVE('',#3034,#3119);
#3119 = DEFINITIONAL_REPRESENTATION('',(#3120),#3124);
#3120 = LINE('',#3121,#3122);
#3121 = CARTESIAN_POINT('',(-6.28318530718,-5.5));
#3122 = VECTOR('',#3123,1.);
#3123 = DIRECTION('',(1.,-0.));
#3124 = ( GEOMETRIC_REPRESENTATION_CONTEXT(2) 
PARAMETRIC_REPRESENTATION_CONTEXT() REPRESENTATION_CONTEXT('2D SPACE',''
  ) );
#3125 = PCURVE('',#3126,#3131);
#3126 = PLANE('',#3127);
#3127 = AXIS2_PLACEMENT_3D('',#3128,#3129,#3130);
#3128 = CARTESIAN_POINT('',(0.,1.195493229293E-14,90.5));
#3129 = DIRECTION('',(0.,0.,1.));
#3130 = DIRECTION('',(1.,0.,-0.));
#3131 = DEFINITIONAL_REPRESENTATION('',(#3132),#3140);
#3132 = ( BOUNDED_CURVE() B_SPLINE_CURVE(2,(#3133,#3134,#3135,#3136,
#3137,#3138,#3139),.UNSPECIFIED.,.T.,.F.) B_SPLINE_CURVE_WITH_KNOTS((1,2
    ,2,2,2,1),(-2.094395102393,0.,2.094395102393,4.188790204786,
6.28318530718,8.377580409573),.UNSPECIFIED.) CURVE() 
GEOMETRIC_REPRESENTATION_ITEM() RATIONAL_B_SPLINE_CURVE((1.,0.5,1.,0.5,
1.,0.5,1.)) REPRESENTATION_ITEM('') );
#3133 = CARTESIAN_POINT('',(205.,-1.195493229293E-14));
#3134 = CARTESIAN_POINT('',(205.,-355.0704155516));
#3135 = CARTESIAN_POINT('',(-102.5,-177.5352077758));
#3136 = CARTESIAN_POINT('',(-410.,-6.216545105798E-14));
#3137 = CARTESIAN_POINT('',(-102.5,177.53520777581));
#3138 = CARTESIAN_POINT('',(205.,355.07041555162));
#3139 = CARTESIAN_POINT('',(205.,-1.195493229293E-14));
#3140 = ( GEOMETRIC_REPRESENTATION_CONTEXT(2) 
PARAMETRIC_REPRESENTATION_CONTEXT() REPRESENTATION_CONTEXT('2D SPACE',''
  ) );
#3141 = ORIENTED_EDGE('',*,*,#3088,.F.);
#3142 = ADVANCED_FACE('',(#3143),#3069,.T.);
#3143 = FACE_BOUND('',#3144,.F.);
#3144 = EDGE_LOOP('',(#3145,#3178,#3199,#3200));
#3145 = ORIENTED_EDGE('',*,*,#3146,.T.);
#3146 = EDGE_CURVE('',#3147,#3147,#3149,.T.);
#3147 = VERTEX_POINT('',#3148);
#3148 = CARTESIAN_POINT('',(203.2,0.,96.));
#3149 = SURFACE_CURVE('',#3150,(#3155,#3162),.PCURVE_S1.);
#3150 = CIRCLE('',#3151,203.2);
#3151 = AXIS2_PLACEMENT_3D('',#3152,#3153,#3154);
#3152 = CARTESIAN_POINT('',(0.,0.,96.));
#3153 = DIRECTION('',(0.,0.,-1.));
#3154 = DIRECTION('',(1.,0.,0.));
#3155 = PCURVE('',#3069,#3156);
#3156 = DEFINITIONAL_REPRESENTATION('',(#3157),#3161);
#3157 = LINE('',#3158,#3159);
#3158 = CARTESIAN_POINT('',(-6.28318530718,-96.));
#3159 = VECTOR('',#3160,1.);
#3160 = DIRECTION('',(1.,-0.));
#3161 = ( GEOMETRIC_REPRESENTATION_CONTEXT(2) 
PARAMETRIC_REPRESENTATION_CONTEXT() REPRESENTATION_CONTEXT('2D SPACE',''
  ) );
#3162 = PCURVE('',#3163,#3168);
#3163 = PLANE('',#3164);
#3164 = AXIS2_PLACEMENT_3D('',#3165,#3166,#3167);
#3165 = CARTESIAN_POINT('',(-6.807285832379E-15,1.202486261098E-14,96.)
  );
#3166 = DIRECTION('',(0.,0.,1.));
#3167 = DIRECTION('',(1.,0.,-0.));
#3168 = DEFINITIONAL_REPRESENTATION('',(#3169),#3177);
#3169 = ( BOUNDED_CURVE() B_SPLINE_CURVE(2,(#3170,#3171,#3172,#3173,
#3174,#3175,#3176),.UNSPECIFIED.,.T.,.F.) B_SPLINE_CURVE_WITH_KNOTS((1,2
    ,2,2,2,1),(-2.094395102393,0.,2.094395102393,4.188790204786,
6.28318530718,8.377580409573),.UNSPECIFIED.) CURVE() 
GEOMETRIC_REPRESENTATION_ITEM() RATIONAL_B_SPLINE_CURVE((1.,0.5,1.,0.5,
1.,0.5,1.)) REPRESENTATION_ITEM('') );
#3170 = CARTESIAN_POINT('',(203.2,-1.202486261098E-14));
#3171 = CARTESIAN_POINT('',(203.2,-351.9527240979));
#3172 = CARTESIAN_POINT('',(-101.6,-175.9763620489));
#3173 = CARTESIAN_POINT('',(-406.4,-6.179450852833E-14));
#3174 = CARTESIAN_POINT('',(-101.6,175.97636204899));
#3175 = CARTESIAN_POINT('',(203.2,351.95272409799));
#3176 = CARTESIAN_POINT('',(203.2,-1.202486261098E-14));
#3177 = ( GEOMETRIC_REPRESENTATION_CONTEXT(2) 
PARAMETRIC_REPRESENTATION_CONTEXT() REPRESENTATION_CONTEXT('2D SPACE',''
  ) );
#3178 = ORIENTED_EDGE('',*,*,#3179,.T.);
#3179 = EDGE_CURVE('',#3147,#3053,#3180,.T.);
#3180 = SEAM_CURVE('',#3181,(#3185,#3192),.PCURVE_S1.);
#3181 = LINE('',#3182,#3183);
#3182 = CARTESIAN_POINT('',(203.2,0.,0.));
#3183 = VECTOR('',#3184,1.);
#3184 = DIRECTION('',(0.,0.,1.));
#3185 = PCURVE('',#3069,#3186);
#3186 = DEFINITIONAL_REPRESENTATION('',(#3187),#3191);
#3187 = LINE('',#3188,#3189);
#3188 = CARTESIAN_POINT('',(-6.28318530718,0.));
#3189 = VECTOR('',#3190,1.);
#3190 = DIRECTION('',(-0.,-1.));
#3191 = ( GEOMETRIC_REPRESENTATION_CONTEXT(2) 
PARAMETRIC_REPRESENTATION_CONTEXT() REPRESENTATION_CONTEXT('2D SPACE',''
  ) );
#3192 = PCURVE('',#3069,#3193);
#3193 = DEFINITIONAL_REPRESENTATION('',(#3194),#3198);
#3194 = LINE('',#3195,#3196);
#3195 = CARTESIAN_POINT('',(-0.,0.));
#3196 = VECTOR('',#3197,1.);
#3197 = DIRECTION('',(-0.,-1.));
#3198 = ( GEOMETRIC_REPRESENTATION_CONTEXT(2) 
PARAMETRIC_REPRESENTATION_CONTEXT() REPRESENTATION_CONTEXT('2D SPACE',''
  ) );
#3199 = ORIENTED_EDGE('',*,*,#3052,.T.);
#3200 = ORIENTED_EDGE('',*,*,#3179,.F.);
#3201 = ADVANCED_FACE('',(#3202,#3233),#3126,.F.);
#3202 = FACE_BOUND('',#3203,.F.);
#3203 = EDGE_LOOP('',(#3204));
#3204 = ORIENTED_EDGE('',*,*,#3205,.T.);
#3205 = EDGE_CURVE('',#3206,#3206,#3208,.T.);
#3206 = VERTEX_POINT('',#3207);
#3207 = CARTESIAN_POINT('',(206.2,0.,90.5));
#3208 = SURFACE_CURVE('',#3209,(#3214,#3221),.PCURVE_S1.);
#3209 = CIRCLE('',#3210,206.2);
#3210 = AXIS2_PLACEMENT_3D('',#3211,#3212,#3213);
#3211 = CARTESIAN_POINT('',(0.,0.,90.5));
#3212 = DIRECTION('',(0.,0.,1.));
#3213 = DIRECTION('',(1.,0.,0.));
#3214 = PCURVE('',#3126,#3215);
#3215 = DEFINITIONAL_REPRESENTATION('',(#3216),#3220);
#3216 = CIRCLE('',#3217,206.2);
#3217 = AXIS2_PLACEMENT_2D('',#3218,#3219);
#3218 = CARTESIAN_POINT('',(0.,-1.195493229293E-14));
#3219 = DIRECTION('',(1.,0.));
#3220 = ( GEOMETRIC_REPRESENTATION_CONTEXT(2) 
PARAMETRIC_REPRESENTATION_CONTEXT() REPRESENTATION_CONTEXT('2D SPACE',''
  ) );
#3221 = PCURVE('',#3222,#3227);
#3222 = CYLINDRICAL_SURFACE('',#3223,206.2);
#3223 = AXIS2_PLACEMENT_3D('',#3224,#3225,#3226);
#3224 = CARTESIAN_POINT('',(0.,0.,90.5));
#3225 = DIRECTION('',(-0.,-0.,-1.));
#3226 = DIRECTION('',(1.,0.,0.));
#3227 = DEFINITIONAL_REPRESENTATION('',(#3228),#3232);
#3228 = LINE('',#3229,#3230);
#3229 = CARTESIAN_POINT('',(-0.,0.));
#3230 = VECTOR('',#3231,1.);
#3231 = DIRECTION('',(-1.,0.));
#3232 = ( GEOMETRIC_REPRESENTATION_CONTEXT(2) 
PARAMETRIC_REPRESENTATION_CONTEXT() REPRESENTATION_CONTEXT('2D SPACE',''
  ) );
#3233 = FACE_BOUND('',#3234,.F.);
#3234 = EDGE_LOOP('',(#3235));
#3235 = ORIENTED_EDGE('',*,*,#3111,.T.);
#3236 = ADVANCED_FACE('',(#3237,#3268),#3163,.T.);
#3237 = FACE_BOUND('',#3238,.T.);
#3238 = EDGE_LOOP('',(#3239));
#3239 = ORIENTED_EDGE('',*,*,#3240,.T.);
#3240 = EDGE_CURVE('',#3241,#3241,#3243,.T.);
#3241 = VERTEX_POINT('',#3242);
#3242 = CARTESIAN_POINT('',(205.7,0.,96.));
#3243 = SURFACE_CURVE('',#3244,(#3249,#3256),.PCURVE_S1.);
#3244 = CIRCLE('',#3245,205.7);
#3245 = AXIS2_PLACEMENT_3D('',#3246,#3247,#3248);
#3246 = CARTESIAN_POINT('',(0.,0.,96.));
#3247 = DIRECTION('',(0.,0.,1.));
#3248 = DIRECTION('',(1.,0.,0.));
#3249 = PCURVE('',#3163,#3250);
#3250 = DEFINITIONAL_REPRESENTATION('',(#3251),#3255);
#3251 = CIRCLE('',#3252,205.7);
#3252 = AXIS2_PLACEMENT_2D('',#3253,#3254);
#3253 = CARTESIAN_POINT('',(6.807285832379E-15,-1.202486261098E-14));
#3254 = DIRECTION('',(1.,0.));
#3255 = ( GEOMETRIC_REPRESENTATION_CONTEXT(2) 
PARAMETRIC_REPRESENTATION_CONTEXT() REPRESENTATION_CONTEXT('2D SPACE',''
  ) );
#3256 = PCURVE('',#3257,#3262);
#3257 = CYLINDRICAL_SURFACE('',#3258,205.7);
#3258 = AXIS2_PLACEMENT_3D('',#3259,#3260,#3261);
#3259 = CARTESIAN_POINT('',(0.,0.,92.));
#3260 = DIRECTION('',(-0.,-0.,-1.));
#3261 = DIRECTION('',(1.,0.,0.));
#3262 = DEFINITIONAL_REPRESENTATION('',(#3263),#3267);
#3263 = LINE('',#3264,#3265);
#3264 = CARTESIAN_POINT('',(-0.,-4.));
#3265 = VECTOR('',#3266,1.);
#3266 = DIRECTION('',(-1.,0.));
#3267 = ( GEOMETRIC_REPRESENTATION_CONTEXT(2) 
PARAMETRIC_REPRESENTATION_CONTEXT() REPRESENTATION_CONTEXT('2D SPACE',''
  ) );
#3268 = FACE_BOUND('',#3269,.T.);
#3269 = EDGE_LOOP('',(#3270));
#3270 = ORIENTED_EDGE('',*,*,#3146,.T.);
#3271 = ADVANCED_FACE('',(#3272),#3222,.T.);
#3272 = FACE_BOUND('',#3273,.F.);
#3273 = EDGE_LOOP('',(#3274,#3297,#3324,#3325));
#3274 = ORIENTED_EDGE('',*,*,#3275,.T.);
#3275 = EDGE_CURVE('',#3206,#3276,#3278,.T.);
#3276 = VERTEX_POINT('',#3277);
#3277 = CARTESIAN_POINT('',(206.2,0.,95.5));
#3278 = SEAM_CURVE('',#3279,(#3283,#3290),.PCURVE_S1.);
#3279 = LINE('',#3280,#3281);
#3280 = CARTESIAN_POINT('',(206.2,0.,90.5));
#3281 = VECTOR('',#3282,1.);
#3282 = DIRECTION('',(0.,0.,1.));
#3283 = PCURVE('',#3222,#3284);
#3284 = DEFINITIONAL_REPRESENTATION('',(#3285),#3289);
#3285 = LINE('',#3286,#3287);
#3286 = CARTESIAN_POINT('',(-0.,0.));
#3287 = VECTOR('',#3288,1.);
#3288 = DIRECTION('',(-0.,-1.));
#3289 = ( GEOMETRIC_REPRESENTATION_CONTEXT(2) 
PARAMETRIC_REPRESENTATION_CONTEXT() REPRESENTATION_CONTEXT('2D SPACE',''
  ) );
#3290 = PCURVE('',#3222,#3291);
#3291 = DEFINITIONAL_REPRESENTATION('',(#3292),#3296);
#3292 = LINE('',#3293,#3294);
#3293 = CARTESIAN_POINT('',(-6.28318530718,0.));
#3294 = VECTOR('',#3295,1.);
#3295 = DIRECTION('',(-0.,-1.));
#3296 = ( GEOMETRIC_REPRESENTATION_CONTEXT(2) 
PARAMETRIC_REPRESENTATION_CONTEXT() REPRESENTATION_CONTEXT('2D SPACE',''
  ) );
#3297 = ORIENTED_EDGE('',*,*,#3298,.T.);
#3298 = EDGE_CURVE('',#3276,#3276,#3299,.T.);
#3299 = SURFACE_CURVE('',#3300,(#3305,#3312),.PCURVE_S1.);
#3300 = CIRCLE('',#3301,206.2);
#3301 = AXIS2_PLACEMENT_3D('',#3302,#3303,#3304);
#3302 = CARTESIAN_POINT('',(0.,0.,95.5));
#3303 = DIRECTION('',(0.,0.,1.));
#3304 = DIRECTION('',(1.,0.,0.));
#3305 = PCURVE('',#3222,#3306);
#3306 = DEFINITIONAL_REPRESENTATION('',(#3307),#3311);
#3307 = LINE('',#3308,#3309);
#3308 = CARTESIAN_POINT('',(-0.,-5.));
#3309 = VECTOR('',#3310,1.);
#3310 = DIRECTION('',(-1.,0.));
#3311 = ( GEOMETRIC_REPRESENTATION_CONTEXT(2) 
PARAMETRIC_REPRESENTATION_CONTEXT() REPRESENTATION_CONTEXT('2D SPACE',''
  ) );
#3312 = PCURVE('',#3313,#3318);
#3313 = PLANE('',#3314);
#3314 = AXIS2_PLACEMENT_3D('',#3315,#3316,#3317);
#3315 = CARTESIAN_POINT('',(0.,1.195493229293E-14,95.5));
#3316 = DIRECTION('',(0.,0.,1.));
#3317 = DIRECTION('',(1.,0.,-0.));
#3318 = DEFINITIONAL_REPRESENTATION('',(#3319),#3323);
#3319 = CIRCLE('',#3320,206.2);
#3320 = AXIS2_PLACEMENT_2D('',#3321,#3322);
#3321 = CARTESIAN_POINT('',(0.,-1.195493229293E-14));
#3322 = DIRECTION('',(1.,0.));
#3323 = ( GEOMETRIC_REPRESENTATION_CONTEXT(2) 
PARAMETRIC_REPRESENTATION_CONTEXT() REPRESENTATION_CONTEXT('2D SPACE',''
  ) );
#3324 = ORIENTED_EDGE('',*,*,#3275,.F.);
#3325 = ORIENTED_EDGE('',*,*,#3205,.F.);
#3326 = ADVANCED_FACE('',(#3327),#3257,.T.);
#3327 = FACE_BOUND('',#3328,.F.);
#3328 = EDGE_LOOP('',(#3329,#3357,#3378,#3379));
#3329 = ORIENTED_EDGE('',*,*,#3330,.T.);
#3330 = EDGE_CURVE('',#3331,#3331,#3333,.T.);
#3331 = VERTEX_POINT('',#3332);
#3332 = CARTESIAN_POINT('',(205.7,0.,95.5));
#3333 = SURFACE_CURVE('',#3334,(#3339,#3346),.PCURVE_S1.);
#3334 = CIRCLE('',#3335,205.7);
#3335 = AXIS2_PLACEMENT_3D('',#3336,#3337,#3338);
#3336 = CARTESIAN_POINT('',(0.,0.,95.5));
#3337 = DIRECTION('',(0.,0.,-1.));
#3338 = DIRECTION('',(1.,0.,0.));
#3339 = PCURVE('',#3257,#3340);
#3340 = DEFINITIONAL_REPRESENTATION('',(#3341),#3345);
#3341 = LINE('',#3342,#3343);
#3342 = CARTESIAN_POINT('',(-6.28318530718,-3.5));
#3343 = VECTOR('',#3344,1.);
#3344 = DIRECTION('',(1.,-0.));
#3345 = ( GEOMETRIC_REPRESENTATION_CONTEXT(2) 
PARAMETRIC_REPRESENTATION_CONTEXT() REPRESENTATION_CONTEXT('2D SPACE',''
  ) );
#3346 = PCURVE('',#3313,#3347);
#3347 = DEFINITIONAL_REPRESENTATION('',(#3348),#3356);
#3348 = ( BOUNDED_CURVE() B_SPLINE_CURVE(2,(#3349,#3350,#3351,#3352,
#3353,#3354,#3355),.UNSPECIFIED.,.T.,.F.) B_SPLINE_CURVE_WITH_KNOTS((1,2
    ,2,2,2,1),(-2.094395102393,0.,2.094395102393,4.188790204786,
6.28318530718,8.377580409573),.UNSPECIFIED.) CURVE() 
GEOMETRIC_REPRESENTATION_ITEM() RATIONAL_B_SPLINE_CURVE((1.,0.5,1.,0.5,
1.,0.5,1.)) REPRESENTATION_ITEM('') );
#3349 = CARTESIAN_POINT('',(205.7,-1.195493229293E-14));
#3350 = CARTESIAN_POINT('',(205.7,-356.2828511169));
#3351 = CARTESIAN_POINT('',(-102.85,-178.1414255584));
#3352 = CARTESIAN_POINT('',(-411.4,-6.233690160986E-14));
#3353 = CARTESIAN_POINT('',(-102.85,178.14142555845));
#3354 = CARTESIAN_POINT('',(205.7,356.28285111691));
#3355 = CARTESIAN_POINT('',(205.7,-1.195493229293E-14));
#3356 = ( GEOMETRIC_REPRESENTATION_CONTEXT(2) 
PARAMETRIC_REPRESENTATION_CONTEXT() REPRESENTATION_CONTEXT('2D SPACE',''
  ) );
#3357 = ORIENTED_EDGE('',*,*,#3358,.T.);
#3358 = EDGE_CURVE('',#3331,#3241,#3359,.T.);
#3359 = SEAM_CURVE('',#3360,(#3364,#3371),.PCURVE_S1.);
#3360 = LINE('',#3361,#3362);
#3361 = CARTESIAN_POINT('',(205.7,0.,92.));
#3362 = VECTOR('',#3363,1.);
#3363 = DIRECTION('',(0.,0.,1.));
#3364 = PCURVE('',#3257,#3365);
#3365 = DEFINITIONAL_REPRESENTATION('',(#3366),#3370);
#3366 = LINE('',#3367,#3368);
#3367 = CARTESIAN_POINT('',(-6.28318530718,0.));
#3368 = VECTOR('',#3369,1.);
#3369 = DIRECTION('',(-0.,-1.));
#3370 = ( GEOMETRIC_REPRESENTATION_CONTEXT(2) 
PARAMETRIC_REPRESENTATION_CONTEXT() REPRESENTATION_CONTEXT('2D SPACE',''
  ) );
#3371 = PCURVE('',#3257,#3372);
#3372 = DEFINITIONAL_REPRESENTATION('',(#3373),#3377);
#3373 = LINE('',#3374,#3375);
#3374 = CARTESIAN_POINT('',(-0.,0.));
#3375 = VECTOR('',#3376,1.);
#3376 = DIRECTION('',(-0.,-1.));
#3377 = ( GEOMETRIC_REPRESENTATION_CONTEXT(2) 
PARAMETRIC_REPRESENTATION_CONTEXT() REPRESENTATION_CONTEXT('2D SPACE',''
  ) );
#3378 = ORIENTED_EDGE('',*,*,#3240,.T.);
#3379 = ORIENTED_EDGE('',*,*,#3358,.F.);
#3380 = ADVANCED_FACE('',(#3381,#3384),#3313,.T.);
#3381 = FACE_BOUND('',#3382,.T.);
#3382 = EDGE_LOOP('',(#3383));
#3383 = ORIENTED_EDGE('',*,*,#3298,.T.);
#3384 = FACE_BOUND('',#3385,.T.);
#3385 = EDGE_LOOP('',(#3386));
#3386 = ORIENTED_EDGE('',*,*,#3330,.T.);
#3387 = ORIENTED_CLOSED_SHELL('',*,#3388,.F.);
#3388 = CLOSED_SHELL('',(#3389,#3477,#3481));
#3389 = ADVANCED_FACE('',(#3390),#3404,.T.);
#3390 = FACE_BOUND('',#3391,.F.);
#3391 = EDGE_LOOP('',(#3392,#3422,#3449,#3450));
#3392 = ORIENTED_EDGE('',*,*,#3393,.T.);
#3393 = EDGE_CURVE('',#3394,#3396,#3398,.T.);
#3394 = VERTEX_POINT('',#3395);
#3395 = CARTESIAN_POINT('',(175.69847953696,80.297469730733,60.));
#3396 = VERTEX_POINT('',#3397);
#3397 = CARTESIAN_POINT('',(175.69847953696,80.297469730733,90.));
#3398 = SEAM_CURVE('',#3399,(#3403,#3415),.PCURVE_S1.);
#3399 = LINE('',#3400,#3401);
#3400 = CARTESIAN_POINT('',(175.69847953696,80.297469730733,60.));
#3401 = VECTOR('',#3402,1.);
#3402 = DIRECTION('',(0.,0.,1.));
#3403 = PCURVE('',#3404,#3409);
#3404 = CYLINDRICAL_SURFACE('',#3405,3.5);
#3405 = AXIS2_PLACEMENT_3D('',#3406,#3407,#3408);
#3406 = CARTESIAN_POINT('',(172.19847953696,80.297469730733,60.));
#3407 = DIRECTION('',(-0.,-0.,-1.));
#3408 = DIRECTION('',(1.,0.,0.));
#3409 = DEFINITIONAL_REPRESENTATION('',(#3410),#3414);
#3410 = LINE('',#3411,#3412);
#3411 = CARTESIAN_POINT('',(-0.,0.));
#3412 = VECTOR('',#3413,1.);
#3413 = DIRECTION('',(-0.,-1.));
#3414 = ( GEOMETRIC_REPRESENTATION_CONTEXT(2) 
PARAMETRIC_REPRESENTATION_CONTEXT() REPRESENTATION_CONTEXT('2D SPACE',''
  ) );
#3415 = PCURVE('',#3404,#3416);
#3416 = DEFINITIONAL_REPRESENTATION('',(#3417),#3421);
#3417 = LINE('',#3418,#3419);
#3418 = CARTESIAN_POINT('',(-6.28318530718,0.));
#3419 = VECTOR('',#3420,1.);
#3420 = DIRECTION('',(-0.,-1.));
#3421 = ( GEOMETRIC_REPRESENTATION_CONTEXT(2) 
PARAMETRIC_REPRESENTATION_CONTEXT() REPRESENTATION_CONTEXT('2D SPACE',''
  ) );
#3422 = ORIENTED_EDGE('',*,*,#3423,.T.);
#3423 = EDGE_CURVE('',#3396,#3396,#3424,.T.);
#3424 = SURFACE_CURVE('',#3425,(#3430,#3437),.PCURVE_S1.);
#3425 = CIRCLE('',#3426,3.5);
#3426 = AXIS2_PLACEMENT_3D('',#3427,#3428,#3429);
#3427 = CARTESIAN_POINT('',(172.19847953696,80.297469730733,90.));
#3428 = DIRECTION('',(0.,0.,1.));
#3429 = DIRECTION('',(1.,0.,0.));
#3430 = PCURVE('',#3404,#3431);
#3431 = DEFINITIONAL_REPRESENTATION('',(#3432),#3436);
#3432 = LINE('',#3433,#3434);
#3433 = CARTESIAN_POINT('',(-0.,-30.));
#3434 = VECTOR('',#3435,1.);
#3435 = DIRECTION('',(-1.,0.));
#3436 = ( GEOMETRIC_REPRESENTATION_CONTEXT(2) 
PARAMETRIC_REPRESENTATION_CONTEXT() REPRESENTATION_CONTEXT('2D SPACE',''
  ) );
#3437 = PCURVE('',#3438,#3443);
#3438 = PLANE('',#3439);
#3439 = AXIS2_PLACEMENT_3D('',#3440,#3441,#3442);
#3440 = CARTESIAN_POINT('',(172.19847953696,80.297469730733,90.));
#3441 = DIRECTION('',(0.,0.,1.));
#3442 = DIRECTION('',(1.,0.,-0.));
#3443 = DEFINITIONAL_REPRESENTATION('',(#3444),#3448);
#3444 = CIRCLE('',#3445,3.5);
#3445 = AXIS2_PLACEMENT_2D('',#3446,#3447);
#3446 = CARTESIAN_POINT('',(0.,0.));
#3447 = DIRECTION('',(1.,0.));
#3448 = ( GEOMETRIC_REPRESENTATION_CONTEXT(2) 
PARAMETRIC_REPRESENTATION_CONTEXT() REPRESENTATION_CONTEXT('2D SPACE',''
  ) );
#3449 = ORIENTED_EDGE('',*,*,#3393,.F.);
#3450 = ORIENTED_EDGE('',*,*,#3451,.F.);
#3451 = EDGE_CURVE('',#3394,#3394,#3452,.T.);
#3452 = SURFACE_CURVE('',#3453,(#3458,#3465),.PCURVE_S1.);
#3453 = CIRCLE('',#3454,3.5);
#3454 = AXIS2_PLACEMENT_3D('',#3455,#3456,#3457);
#3455 = CARTESIAN_POINT('',(172.19847953696,80.297469730733,60.));
#3456 = DIRECTION('',(0.,0.,1.));
#3457 = DIRECTION('',(1.,0.,0.));
#3458 = PCURVE('',#3404,#3459);
#3459 = DEFINITIONAL_REPRESENTATION('',(#3460),#3464);
#3460 = LINE('',#3461,#3462);
#3461 = CARTESIAN_POINT('',(-0.,0.));
#3462 = VECTOR('',#3463,1.);
#3463 = DIRECTION('',(-1.,0.));
#3464 = ( GEOMETRIC_REPRESENTATION_CONTEXT(2) 
PARAMETRIC_REPRESENTATION_CONTEXT() REPRESENTATION_CONTEXT('2D SPACE',''
  ) );
#3465 = PCURVE('',#3466,#3471);
#3466 = PLANE('',#3467);
#3467 = AXIS2_PLACEMENT_3D('',#3468,#3469,#3470);
#3468 = CARTESIAN_POINT('',(172.19847953696,80.297469730733,60.));
#3469 = DIRECTION('',(0.,0.,1.));
#3470 = DIRECTION('',(1.,0.,-0.));
#3471 = DEFINITIONAL_REPRESENTATION('',(#3472),#3476);
#3472 = CIRCLE('',#3473,3.5);
#3473 = AXIS2_PLACEMENT_2D('',#3474,#3475);
#3474 = CARTESIAN_POINT('',(0.,0.));
#3475 = DIRECTION('',(1.,0.));
#3476 = ( GEOMETRIC_REPRESENTATION_CONTEXT(2) 
PARAMETRIC_REPRESENTATION_CONTEXT() REPRESENTATION_CONTEXT('2D SPACE',''
  ) );
#3477 = ADVANCED_FACE('',(#3478),#3466,.F.);
#3478 = FACE_BOUND('',#3479,.F.);
#3479 = EDGE_LOOP('',(#3480));
#3480 = ORIENTED_EDGE('',*,*,#3451,.T.);
#3481 = ADVANCED_FACE('',(#3482),#3438,.T.);
#3482 = FACE_BOUND('',#3483,.T.);
#3483 = EDGE_LOOP('',(#3484));
#3484 = ORIENTED_EDGE('',*,*,#3423,.T.);
#3485 = ( GEOMETRIC_REPRESENTATION_CONTEXT(3) 
GLOBAL_UNCERTAINTY_ASSIGNED_CONTEXT((#3489)) 
GLOBAL_UNIT_ASSIGNED_CONTEXT((#3486,#3487,#3488)) REPRESENTATION_CONTEXT
('Context #1','3D Context with UNIT and UNCERTAINTY') );
#3486 = ( LENGTH_UNIT() NAMED_UNIT(*) SI_UNIT(.MILLI.,.METRE.) );
#3487 = ( NAMED_UNIT(*) PLANE_ANGLE_UNIT() SI_UNIT($,.RADIAN.) );
#3488 = ( NAMED_UNIT(*) SI_UNIT($,.STERADIAN.) SOLID_ANGLE_UNIT() );
#3489 = UNCERTAINTY_MEASURE_WITH_UNIT(LENGTH_MEASURE(1.E-07),#3486,
  'distance_accuracy_value','confusion accuracy');
#3490 = PRODUCT_RELATED_PRODUCT_CATEGORY('part',$,(#7));
ENDSEC;
END-ISO-10303-21;
