ISO-10303-21;
HEADER;
FILE_DESCRIPTION(('Open CASCADE Model'),'2;1');
FILE_NAME('Open CASCADE Shape Model','2026-09-21T02:35:21',('Author'),(
    'Open CASCADE'),'Open CASCADE STEP processor 7.9','Open CASCADE 7.9'
  ,'Unknown');
FILE_SCHEMA(('AUTOMOTIVE_DESIGN { 1 0 10303 214 1 1 1 1 }'));
ENDSEC;
DATA;
#1 = APPLICATION_PROTOCOL_DEFINITION('international standard',
  'automotive_design',2000,#2);
#2 = APPLICATION_CONTEXT(
  'core data for automotive mechanical design processes');
#3 = SHAPE_DEFINITION_REPRESENTATION(#4,#10);
#4 = PRODUCT_DEFINITION_SHAPE('','',#5);
#5 = PRODUCT_DEFINITION('design','',#6,#9);
#6 = PRODUCT_DEFINITION_FORMATION('','',#7);
#7 = PRODUCT('Open CASCADE STEP translator 7.9 1',
  'Open CASCADE STEP translator 7.9 1','',(#8));
#8 = PRODUCT_CONTEXT('',#2,'mechanical');
#9 = PRODUCT_DEFINITION_CONTEXT('part definition',#2,'design');
#10 = SHAPE_REPRESENTATION('',(#11,#15,#19,#23,#27,#31,#35,#39),#43);
#11 = AXIS2_PLACEMENT_3D('',#12,#13,#14);
#12 = CARTESIAN_POINT('',(0.,0.,0.));
#13 = DIRECTION('',(0.,0.,1.));
#14 = DIRECTION('',(1.,0.,-0.));
#15 = AXIS2_PLACEMENT_3D('',#16,#17,#18);
#16 = CARTESIAN_POINT('',(0.,0.,0.));
#17 = DIRECTION('',(0.,0.,1.));
#18 = DIRECTION('',(1.,0.,-0.));
#19 = AXIS2_PLACEMENT_3D('',#20,#21,#22);
#20 = CARTESIAN_POINT('',(0.,0.,0.));
#21 = DIRECTION('',(0.,0.,1.));
#22 = DIRECTION('',(1.,0.,-0.));
#23 = AXIS2_PLACEMENT_3D('',#24,#25,#26);
#24 = CARTESIAN_POINT('',(0.,0.,0.));
#25 = DIRECTION('',(0.,0.,1.));
#26 = DIRECTION('',(1.,0.,-0.));
#27 = AXIS2_PLACEMENT_3D('',#28,#29,#30);
#28 = CARTESIAN_POINT('',(0.,0.,0.));
#29 = DIRECTION('',(0.,0.,1.));
#30 = DIRECTION('',(1.,0.,-0.));
#31 = AXIS2_PLACEMENT_3D('',#32,#33,#34);
#32 = CARTESIAN_POINT('',(0.,0.,0.));
#33 = DIRECTION('',(0.,0.,1.));
#34 = DIRECTION('',(1.,0.,-0.));
#35 = AXIS2_PLACEMENT_3D('',#36,#37,#38);
#36 = CARTESIAN_POINT('',(0.,0.,0.));
#37 = DIRECTION('',(0.,0.,1.));
#38 = DIRECTION('',(1.,0.,-0.));
#39 = AXIS2_PLACEMENT_3D('',#40,#41,#42);
#40 = CARTESIAN_POINT('',(0.,0.,0.));
#41 = DIRECTION('',(0.,0.,1.));
#42 = DIRECTION('',(1.,0.,-0.));
#43 = ( GEOMETRIC_REPRESENTATION_CONTEXT(3) 
GLOBAL_UNCERTAINTY_ASSIGNED_CONTEXT((#47)) GLOBAL_UNIT_ASSIGNED_CONTEXT(
(#44,#45,#46)) REPRESENTATION_CONTEXT('Context #1',
  '3D Context with UNIT and UNCERTAINTY') );
#44 = ( LENGTH_UNIT() NAMED_UNIT(*) SI_UNIT(.MILLI.,.METRE.) );
#45 = ( NAMED_UNIT(*) PLANE_ANGLE_UNIT() SI_UNIT($,.RADIAN.) );
#46 = ( NAMED_UNIT(*) SI_UNIT($,.STERADIAN.) SOLID_ANGLE_UNIT() );
#47 = UNCERTAINTY_MEASURE_WITH_UNIT(LENGTH_MEASURE(1.E-07),#44,
  'distance_accuracy_value','confusion accuracy');
#48 = PRODUCT_RELATED_PRODUCT_CATEGORY('part',$,(#7));
#49 = SHAPE_DEFINITION_REPRESENTATION(#50,#56);
#50 = PRODUCT_DEFINITION_SHAPE('','',#51);
#51 = PRODUCT_DEFINITION('design','',#52,#55);
#52 = PRODUCT_DEFINITION_FORMATION('','',#53);
#53 = PRODUCT('Open CASCADE STEP translator 7.9 1.1',
  'Open CASCADE STEP translator 7.9 1.1','',(#54));
#54 = PRODUCT_CONTEXT('',#2,'mechanical');
#55 = PRODUCT_DEFINITION_CONTEXT('part definition',#2,'design');
#56 = ADVANCED_BREP_SHAPE_REPRESENTATION('',(#11,#57),#7425);
#57 = MANIFOLD_SOLID_BREP('',#58);
#58 = CLOSED_SHELL('',(#59,#805,#971,#1074,#2089,#2194,#2299,#2372,#2477
    ,#2582,#2655,#2760,#2865,#2938,#3043,#3148,#3221,#3326,#3431,#3504,
    #3577,#3952,#3999,#4540,#4567,#4643,#4670,#4719,#4768,#4817,#4864,
    #5041,#5068,#5117,#5166,#5193,#5240,#5412,#5461,#5510,#5537,#5586,
    #5635,#5682,#5827,#5854,#5881,#5888,#5935,#6080,#6129,#6156,#6206,
    #6259,#6266,#6273,#6327,#6334,#6341,#6392,#6399,#6406,#6460,#6467,
    #6474,#6527,#6534,#6541,#6591,#6619,#6647,#6675,#6703,#6758,#6793,
    #6808,#6843,#6898,#6953,#6988,#7023,#7093,#7158,#7193,#7220,#7255,
    #7310,#7364,#7398));
#59 = ADVANCED_FACE('',(#60),#74,.T.);
#60 = FACE_BOUND('',#61,.F.);
#61 = EDGE_LOOP('',(#62,#92,#119,#120,#153,#179,#208,#234,#267,#293,#317
    ,#343,#376,#402,#426,#452,#485,#511,#535,#561,#594,#620,#644,#670,
    #703,#729,#753,#779));
#62 = ORIENTED_EDGE('',*,*,#63,.F.);
#63 = EDGE_CURVE('',#64,#66,#68,.T.);
#64 = VERTEX_POINT('',#65);
#65 = CARTESIAN_POINT('',(74.,0.,48.));
#66 = VERTEX_POINT('',#67);
#67 = CARTESIAN_POINT('',(74.,0.,52.));
#68 = SEAM_CURVE('',#69,(#73,#85),.PCURVE_S1.);
#69 = LINE('',#70,#71);
#70 = CARTESIAN_POINT('',(74.,0.,48.));
#71 = VECTOR('',#72,1.);
#72 = DIRECTION('',(0.,0.,1.));
#73 = PCURVE('',#74,#79);
#74 = CYLINDRICAL_SURFACE('',#75,74.);
#75 = AXIS2_PLACEMENT_3D('',#76,#77,#78);
#76 = CARTESIAN_POINT('',(0.,0.,48.));
#77 = DIRECTION('',(-0.,-0.,-1.));
#78 = DIRECTION('',(1.,0.,0.));
#79 = DEFINITIONAL_REPRESENTATION('',(#80),#84);
#80 = LINE('',#81,#82);
#81 = CARTESIAN_POINT('',(-6.28318530718,0.));
#82 = VECTOR('',#83,1.);
#83 = DIRECTION('',(-0.,-1.));
#84 = ( GEOMETRIC_REPRESENTATION_CONTEXT(2) 
PARAMETRIC_REPRESENTATION_CONTEXT() REPRESENTATION_CONTEXT('2D SPACE',''
  ) );
#85 = PCURVE('',#74,#86);
#86 = DEFINITIONAL_REPRESENTATION('',(#87),#91);
#87 = LINE('',#88,#89);
#88 = CARTESIAN_POINT('',(-0.,0.));
#89 = VECTOR('',#90,1.);
#90 = DIRECTION('',(-0.,-1.));
#91 = ( GEOMETRIC_REPRESENTATION_CONTEXT(2) 
PARAMETRIC_REPRESENTATION_CONTEXT() REPRESENTATION_CONTEXT('2D SPACE',''
  ) );
#92 = ORIENTED_EDGE('',*,*,#93,.F.);
#93 = EDGE_CURVE('',#64,#64,#94,.T.);
#94 = SURFACE_CURVE('',#95,(#100,#107),.PCURVE_S1.);
#95 = CIRCLE('',#96,74.);
#96 = AXIS2_PLACEMENT_3D('',#97,#98,#99);
#97 = CARTESIAN_POINT('',(0.,0.,48.));
#98 = DIRECTION('',(0.,0.,1.));
#99 = DIRECTION('',(1.,0.,0.));
#100 = PCURVE('',#74,#101);
#101 = DEFINITIONAL_REPRESENTATION('',(#102),#106);
#102 = LINE('',#103,#104);
#103 = CARTESIAN_POINT('',(-0.,0.));
#104 = VECTOR('',#105,1.);
#105 = DIRECTION('',(-1.,0.));
#106 = ( GEOMETRIC_REPRESENTATION_CONTEXT(2) 
PARAMETRIC_REPRESENTATION_CONTEXT() REPRESENTATION_CONTEXT('2D SPACE',''
  ) );
#107 = PCURVE('',#108,#113);
#108 = PLANE('',#109);
#109 = AXIS2_PLACEMENT_3D('',#110,#111,#112);
#110 = CARTESIAN_POINT('',(-4.730603701758E-15,6.440411965619E-15,48.));
#111 = DIRECTION('',(0.,0.,1.));
#112 = DIRECTION('',(1.,0.,-0.));
#113 = DEFINITIONAL_REPRESENTATION('',(#114),#118);
#114 = CIRCLE('',#115,74.);
#115 = AXIS2_PLACEMENT_2D('',#116,#117);
#116 = CARTESIAN_POINT('',(4.730603701758E-15,-6.440411965619E-15));
#117 = DIRECTION('',(1.,0.));
#118 = ( GEOMETRIC_REPRESENTATION_CONTEXT(2) 
PARAMETRIC_REPRESENTATION_CONTEXT() REPRESENTATION_CONTEXT('2D SPACE',''
  ) );
#119 = ORIENTED_EDGE('',*,*,#63,.T.);
#120 = ORIENTED_EDGE('',*,*,#121,.F.);
#121 = EDGE_CURVE('',#122,#66,#124,.T.);
#122 = VERTEX_POINT('',#123);
#123 = CARTESIAN_POINT('',(72.404466272244,15.283758171061,52.));
#124 = SURFACE_CURVE('',#125,(#130,#137),.PCURVE_S1.);
#125 = CIRCLE('',#126,74.);
#126 = AXIS2_PLACEMENT_3D('',#127,#128,#129);
#127 = CARTESIAN_POINT('',(0.,0.,52.));
#128 = DIRECTION('',(0.,0.,-1.));
#129 = DIRECTION('',(1.,0.,0.));
#130 = PCURVE('',#74,#131);
#131 = DEFINITIONAL_REPRESENTATION('',(#132),#136);
#132 = LINE('',#133,#134);
#133 = CARTESIAN_POINT('',(-6.28318530718,-4.));
#134 = VECTOR('',#135,1.);
#135 = DIRECTION('',(1.,-0.));
#136 = ( GEOMETRIC_REPRESENTATION_CONTEXT(2) 
PARAMETRIC_REPRESENTATION_CONTEXT() REPRESENTATION_CONTEXT('2D SPACE',''
  ) );
#137 = PCURVE('',#138,#143);
#138 = PLANE('',#139);
#139 = AXIS2_PLACEMENT_3D('',#140,#141,#142);
#140 = CARTESIAN_POINT('',(111.01459702057,9.948690580139E-16,52.));
#141 = DIRECTION('',(0.,0.,1.));
#142 = DIRECTION('',(1.,0.,-0.));
#143 = DEFINITIONAL_REPRESENTATION('',(#144),#152);
#144 = ( BOUNDED_CURVE() B_SPLINE_CURVE(2,(#145,#146,#147,#148,#149,#150
,#151),.UNSPECIFIED.,.T.,.F.) B_SPLINE_CURVE_WITH_KNOTS((1,2,2,2,2,1),(
    -2.094395102393,0.,2.094395102393,4.188790204786,6.28318530718,
8.377580409573),.UNSPECIFIED.) CURVE() GEOMETRIC_REPRESENTATION_ITEM() 
RATIONAL_B_SPLINE_CURVE((1.,0.5,1.,0.5,1.,0.5,1.)) REPRESENTATION_ITEM(
  '') );
#145 = CARTESIAN_POINT('',(-37.01459702057,-9.948690580139E-16));
#146 = CARTESIAN_POINT('',(-37.01459702057,-128.17175976));
#147 = CARTESIAN_POINT('',(-148.0145970205,-64.08587988004));
#148 = CARTESIAN_POINT('',(-259.0145970205,-1.911964168539E-14));
#149 = CARTESIAN_POINT('',(-148.0145970205,64.085879880048));
#150 = CARTESIAN_POINT('',(-37.01459702057,128.17175976009));
#151 = CARTESIAN_POINT('',(-37.01459702057,-9.948690580139E-16));
#152 = ( GEOMETRIC_REPRESENTATION_CONTEXT(2) 
PARAMETRIC_REPRESENTATION_CONTEXT() REPRESENTATION_CONTEXT('2D SPACE',''
  ) );
#153 = ORIENTED_EDGE('',*,*,#154,.F.);
#154 = EDGE_CURVE('',#155,#122,#157,.T.);
#155 = VERTEX_POINT('',#156);
#156 = CARTESIAN_POINT('',(72.404466272244,15.283758171061,66.));
#157 = SURFACE_CURVE('',#158,(#162,#168),.PCURVE_S1.);
#158 = LINE('',#159,#160);
#159 = CARTESIAN_POINT('',(72.404466272244,15.283758171061,48.));
#160 = VECTOR('',#161,1.);
#161 = DIRECTION('',(-0.,-0.,-1.));
#162 = PCURVE('',#74,#163);
#163 = DEFINITIONAL_REPRESENTATION('',(#164),#167);
#164 = B_SPLINE_CURVE_WITH_KNOTS('',1,(#165,#166),.UNSPECIFIED.,.F.,.F.,
  (2,2),(-18.0000006,-1.6),.PIECEWISE_BEZIER_KNOTS.);
#165 = CARTESIAN_POINT('',(-0.208034595991,-18.0000006));
#166 = CARTESIAN_POINT('',(-0.208034595991,-1.6));
#167 = ( GEOMETRIC_REPRESENTATION_CONTEXT(2) 
PARAMETRIC_REPRESENTATION_CONTEXT() REPRESENTATION_CONTEXT('2D SPACE',''
  ) );
#168 = PCURVE('',#169,#174);
#169 = PLANE('',#170);
#170 = AXIS2_PLACEMENT_3D('',#171,#172,#173);
#171 = CARTESIAN_POINT('',(172.,18.,52.));
#172 = DIRECTION('',(2.726259017756E-02,-0.99962830651,0.));
#173 = DIRECTION('',(-0.99962830651,-2.726259017756E-02,0.));
#174 = DEFINITIONAL_REPRESENTATION('',(#175),#178);
#175 = B_SPLINE_CURVE_WITH_KNOTS('',1,(#176,#177),.UNSPECIFIED.,.F.,.F.,
  (2,2),(-18.0000006,-1.6),.PIECEWISE_BEZIER_KNOTS.);
#176 = CARTESIAN_POINT('',(99.63256650408,-14.0000006));
#177 = CARTESIAN_POINT('',(99.63256650408,2.4));
#178 = ( GEOMETRIC_REPRESENTATION_CONTEXT(2) 
PARAMETRIC_REPRESENTATION_CONTEXT() REPRESENTATION_CONTEXT('2D SPACE',''
  ) );
#179 = ORIENTED_EDGE('',*,*,#180,.T.);
#180 = EDGE_CURVE('',#155,#181,#183,.T.);
#181 = VERTEX_POINT('',#182);
#182 = CARTESIAN_POINT('',(49.438355977559,55.062228053686,66.));
#183 = SURFACE_CURVE('',#184,(#189,#196),.PCURVE_S1.);
#184 = CIRCLE('',#185,74.);
#185 = AXIS2_PLACEMENT_3D('',#186,#187,#188);
#186 = CARTESIAN_POINT('',(0.,0.,66.));
#187 = DIRECTION('',(0.,0.,1.));
#188 = DIRECTION('',(1.,0.,0.));
#189 = PCURVE('',#74,#190);
#190 = DEFINITIONAL_REPRESENTATION('',(#191),#195);
#191 = LINE('',#192,#193);
#192 = CARTESIAN_POINT('',(-0.,-18.));
#193 = VECTOR('',#194,1.);
#194 = DIRECTION('',(-1.,0.));
#195 = ( GEOMETRIC_REPRESENTATION_CONTEXT(2) 
PARAMETRIC_REPRESENTATION_CONTEXT() REPRESENTATION_CONTEXT('2D SPACE',''
  ) );
#196 = PCURVE('',#197,#202);
#197 = PLANE('',#198);
#198 = AXIS2_PLACEMENT_3D('',#199,#200,#201);
#199 = CARTESIAN_POINT('',(-4.730603701758E-15,6.440411965619E-15,66.));
#200 = DIRECTION('',(0.,0.,1.));
#201 = DIRECTION('',(1.,0.,-0.));
#202 = DEFINITIONAL_REPRESENTATION('',(#203),#207);
#203 = CIRCLE('',#204,74.);
#204 = AXIS2_PLACEMENT_2D('',#205,#206);
#205 = CARTESIAN_POINT('',(4.730603701758E-15,-6.440411965619E-15));
#206 = DIRECTION('',(1.,0.));
#207 = ( GEOMETRIC_REPRESENTATION_CONTEXT(2) 
PARAMETRIC_REPRESENTATION_CONTEXT() REPRESENTATION_CONTEXT('2D SPACE',''
  ) );
#208 = ORIENTED_EDGE('',*,*,#209,.T.);
#209 = EDGE_CURVE('',#181,#210,#212,.T.);
#210 = VERTEX_POINT('',#211);
#211 = CARTESIAN_POINT('',(49.438355977559,55.062228053686,52.));
#212 = SURFACE_CURVE('',#213,(#217,#223),.PCURVE_S1.);
#213 = LINE('',#214,#215);
#214 = CARTESIAN_POINT('',(49.438355977559,55.062228053686,48.));
#215 = VECTOR('',#216,1.);
#216 = DIRECTION('',(-0.,-0.,-1.));
#217 = PCURVE('',#74,#218);
#218 = DEFINITIONAL_REPRESENTATION('',(#219),#222);
#219 = B_SPLINE_CURVE_WITH_KNOTS('',1,(#220,#221),.UNSPECIFIED.,.F.,.F.,
  (2,2),(-18.0000006,-1.6),.PIECEWISE_BEZIER_KNOTS.);
#220 = CARTESIAN_POINT('',(-0.839162955206,-18.0000006));
#221 = CARTESIAN_POINT('',(-0.839162955206,-1.6));
#222 = ( GEOMETRIC_REPRESENTATION_CONTEXT(2) 
PARAMETRIC_REPRESENTATION_CONTEXT() REPRESENTATION_CONTEXT('2D SPACE',''
  ) );
#223 = PCURVE('',#224,#229);
#224 = PLANE('',#225);
#225 = AXIS2_PLACEMENT_3D('',#226,#227,#228);
#226 = CARTESIAN_POINT('',(43.990381056767,46.193575034635,52.));
#227 = DIRECTION('',(-0.852072212691,0.523424248922,0.));
#228 = DIRECTION('',(0.523424248922,0.852072212691,0.));
#229 = DEFINITIONAL_REPRESENTATION('',(#230),#233);
#230 = B_SPLINE_CURVE_WITH_KNOTS('',1,(#231,#232),.UNSPECIFIED.,.F.,.F.,
  (2,2),(-18.0000006,-1.6),.PIECEWISE_BEZIER_KNOTS.);
#231 = CARTESIAN_POINT('',(10.408334982595,-14.0000006));
#232 = CARTESIAN_POINT('',(10.408334982595,2.4));
#233 = ( GEOMETRIC_REPRESENTATION_CONTEXT(2) 
PARAMETRIC_REPRESENTATION_CONTEXT() REPRESENTATION_CONTEXT('2D SPACE',''
  ) );
#234 = ORIENTED_EDGE('',*,*,#235,.F.);
#235 = EDGE_CURVE('',#236,#210,#238,.T.);
#236 = VERTEX_POINT('',#237);
#237 = CARTESIAN_POINT('',(22.966110294685,70.345986224747,52.));
#238 = SURFACE_CURVE('',#239,(#244,#251),.PCURVE_S1.);
#239 = CIRCLE('',#240,74.);
#240 = AXIS2_PLACEMENT_3D('',#241,#242,#243);
#241 = CARTESIAN_POINT('',(0.,0.,52.));
#242 = DIRECTION('',(0.,0.,-1.));
#243 = DIRECTION('',(1.,0.,0.));
#244 = PCURVE('',#74,#245);
#245 = DEFINITIONAL_REPRESENTATION('',(#246),#250);
#246 = LINE('',#247,#248);
#247 = CARTESIAN_POINT('',(-6.28318530718,-4.));
#248 = VECTOR('',#249,1.);
#249 = DIRECTION('',(1.,-0.));
#250 = ( GEOMETRIC_REPRESENTATION_CONTEXT(2) 
PARAMETRIC_REPRESENTATION_CONTEXT() REPRESENTATION_CONTEXT('2D SPACE',''
  ) );
#251 = PCURVE('',#252,#257);
#252 = PLANE('',#253);
#253 = AXIS2_PLACEMENT_3D('',#254,#255,#256);
#254 = CARTESIAN_POINT('',(55.507298510289,96.141461210712,52.));
#255 = DIRECTION('',(0.,0.,1.));
#256 = DIRECTION('',(1.,0.,-0.));
#257 = DEFINITIONAL_REPRESENTATION('',(#258),#266);
#258 = ( BOUNDED_CURVE() B_SPLINE_CURVE(2,(#259,#260,#261,#262,#263,#264
,#265),.UNSPECIFIED.,.T.,.F.) B_SPLINE_CURVE_WITH_KNOTS((1,2,2,2,2,1),(
    -2.094395102393,0.,2.094395102393,4.188790204786,6.28318530718,
8.377580409573),.UNSPECIFIED.) CURVE() GEOMETRIC_REPRESENTATION_ITEM() 
RATIONAL_B_SPLINE_CURVE((1.,0.5,1.,0.5,1.,0.5,1.)) REPRESENTATION_ITEM(
  '') );
#259 = CARTESIAN_POINT('',(18.492701489711,-96.14146121071));
#260 = CARTESIAN_POINT('',(18.492701489711,-224.3132209708));
#261 = CARTESIAN_POINT('',(-92.50729851028,-160.2273410907));
#262 = CARTESIAN_POINT('',(-203.5072985102,-96.14146121071));
#263 = CARTESIAN_POINT('',(-92.50729851028,-32.05558133066));
#264 = CARTESIAN_POINT('',(18.492701489711,32.030298549385));
#265 = CARTESIAN_POINT('',(18.492701489711,-96.14146121071));
#266 = ( GEOMETRIC_REPRESENTATION_CONTEXT(2) 
PARAMETRIC_REPRESENTATION_CONTEXT() REPRESENTATION_CONTEXT('2D SPACE',''
  ) );
#267 = ORIENTED_EDGE('',*,*,#268,.F.);
#268 = EDGE_CURVE('',#269,#236,#271,.T.);
#269 = VERTEX_POINT('',#270);
#270 = CARTESIAN_POINT('',(22.966110294685,70.345986224747,66.));
#271 = SURFACE_CURVE('',#272,(#276,#282),.PCURVE_S1.);
#272 = LINE('',#273,#274);
#273 = CARTESIAN_POINT('',(22.966110294685,70.345986224747,48.));
#274 = VECTOR('',#275,1.);
#275 = DIRECTION('',(-0.,-0.,-1.));
#276 = PCURVE('',#74,#277);
#277 = DEFINITIONAL_REPRESENTATION('',(#278),#281);
#278 = B_SPLINE_CURVE_WITH_KNOTS('',1,(#279,#280),.UNSPECIFIED.,.F.,.F.,
  (2,2),(-18.0000006,-1.6),.PIECEWISE_BEZIER_KNOTS.);
#279 = CARTESIAN_POINT('',(-1.255232147187,-18.0000006));
#280 = CARTESIAN_POINT('',(-1.255232147187,-1.6));
#281 = ( GEOMETRIC_REPRESENTATION_CONTEXT(2) 
PARAMETRIC_REPRESENTATION_CONTEXT() REPRESENTATION_CONTEXT('2D SPACE',''
  ) );
#282 = PCURVE('',#283,#288);
#283 = PLANE('',#284);
#284 = AXIS2_PLACEMENT_3D('',#285,#286,#287);
#285 = CARTESIAN_POINT('',(70.41154273188,157.95636945092,52.));
#286 = DIRECTION('',(0.879334802869,-0.476204057588,0.));
#287 = DIRECTION('',(-0.476204057588,-0.879334802869,0.));
#288 = DEFINITIONAL_REPRESENTATION('',(#289),#292);
#289 = B_SPLINE_CURVE_WITH_KNOTS('',1,(#290,#291),.UNSPECIFIED.,.F.,.F.,
  (2,2),(-18.0000006,-1.6),.PIECEWISE_BEZIER_KNOTS.);
#290 = CARTESIAN_POINT('',(99.63256650408,-14.0000006));
#291 = CARTESIAN_POINT('',(99.63256650408,2.4));
#292 = ( GEOMETRIC_REPRESENTATION_CONTEXT(2) 
PARAMETRIC_REPRESENTATION_CONTEXT() REPRESENTATION_CONTEXT('2D SPACE',''
  ) );
#293 = ORIENTED_EDGE('',*,*,#294,.T.);
#294 = EDGE_CURVE('',#269,#295,#297,.T.);
#295 = VERTEX_POINT('',#296);
#296 = CARTESIAN_POINT('',(-22.96611029468,70.345986224747,66.));
#297 = SURFACE_CURVE('',#298,(#303,#310),.PCURVE_S1.);
#298 = CIRCLE('',#299,74.);
#299 = AXIS2_PLACEMENT_3D('',#300,#301,#302);
#300 = CARTESIAN_POINT('',(0.,0.,66.));
#301 = DIRECTION('',(0.,0.,1.));
#302 = DIRECTION('',(1.,0.,0.));
#303 = PCURVE('',#74,#304);
#304 = DEFINITIONAL_REPRESENTATION('',(#305),#309);
#305 = LINE('',#306,#307);
#306 = CARTESIAN_POINT('',(-0.,-18.));
#307 = VECTOR('',#308,1.);
#308 = DIRECTION('',(-1.,0.));
#309 = ( GEOMETRIC_REPRESENTATION_CONTEXT(2) 
PARAMETRIC_REPRESENTATION_CONTEXT() REPRESENTATION_CONTEXT('2D SPACE',''
  ) );
#310 = PCURVE('',#197,#311);
#311 = DEFINITIONAL_REPRESENTATION('',(#312),#316);
#312 = CIRCLE('',#313,74.);
#313 = AXIS2_PLACEMENT_2D('',#314,#315);
#314 = CARTESIAN_POINT('',(4.730603701758E-15,-6.440411965619E-15));
#315 = DIRECTION('',(1.,0.));
#316 = ( GEOMETRIC_REPRESENTATION_CONTEXT(2) 
PARAMETRIC_REPRESENTATION_CONTEXT() REPRESENTATION_CONTEXT('2D SPACE',''
  ) );
#317 = ORIENTED_EDGE('',*,*,#318,.T.);
#318 = EDGE_CURVE('',#295,#319,#321,.T.);
#319 = VERTEX_POINT('',#320);
#320 = CARTESIAN_POINT('',(-22.96611029468,70.345986224747,52.));
#321 = SURFACE_CURVE('',#322,(#326,#332),.PCURVE_S1.);
#322 = LINE('',#323,#324);
#323 = CARTESIAN_POINT('',(-22.96611029468,70.345986224748,48.));
#324 = VECTOR('',#325,1.);
#325 = DIRECTION('',(-0.,-0.,-1.));
#326 = PCURVE('',#74,#327);
#327 = DEFINITIONAL_REPRESENTATION('',(#328),#331);
#328 = B_SPLINE_CURVE_WITH_KNOTS('',1,(#329,#330),.UNSPECIFIED.,.F.,.F.,
  (2,2),(-18.0000006,-1.6),.PIECEWISE_BEZIER_KNOTS.);
#329 = CARTESIAN_POINT('',(-1.886360506403,-18.0000006));
#330 = CARTESIAN_POINT('',(-1.886360506403,-1.6));
#331 = ( GEOMETRIC_REPRESENTATION_CONTEXT(2) 
PARAMETRIC_REPRESENTATION_CONTEXT() REPRESENTATION_CONTEXT('2D SPACE',''
  ) );
#332 = PCURVE('',#333,#338);
#333 = PLANE('',#334);
#334 = AXIS2_PLACEMENT_3D('',#335,#336,#337);
#335 = CARTESIAN_POINT('',(-18.00961894323,61.193575034635,52.));
#336 = DIRECTION('',(-0.879334802869,-0.476204057588,0.));
#337 = DIRECTION('',(-0.476204057588,0.879334802869,0.));
#338 = DEFINITIONAL_REPRESENTATION('',(#339),#342);
#339 = B_SPLINE_CURVE_WITH_KNOTS('',1,(#340,#341),.UNSPECIFIED.,.F.,.F.,
  (2,2),(-18.0000006,-1.6),.PIECEWISE_BEZIER_KNOTS.);
#340 = CARTESIAN_POINT('',(10.408334982595,-14.0000006));
#341 = CARTESIAN_POINT('',(10.408334982595,2.4));
#342 = ( GEOMETRIC_REPRESENTATION_CONTEXT(2) 
PARAMETRIC_REPRESENTATION_CONTEXT() REPRESENTATION_CONTEXT('2D SPACE',''
  ) );
#343 = ORIENTED_EDGE('',*,*,#344,.F.);
#344 = EDGE_CURVE('',#345,#319,#347,.T.);
#345 = VERTEX_POINT('',#346);
#346 = CARTESIAN_POINT('',(-49.43835597755,55.062228053686,52.));
#347 = SURFACE_CURVE('',#348,(#353,#360),.PCURVE_S1.);
#348 = CIRCLE('',#349,74.);
#349 = AXIS2_PLACEMENT_3D('',#350,#351,#352);
#350 = CARTESIAN_POINT('',(0.,0.,52.));
#351 = DIRECTION('',(0.,0.,-1.));
#352 = DIRECTION('',(1.,0.,0.));
#353 = PCURVE('',#74,#354);
#354 = DEFINITIONAL_REPRESENTATION('',(#355),#359);
#355 = LINE('',#356,#357);
#356 = CARTESIAN_POINT('',(-6.28318530718,-4.));
#357 = VECTOR('',#358,1.);
#358 = DIRECTION('',(1.,-0.));
#359 = ( GEOMETRIC_REPRESENTATION_CONTEXT(2) 
PARAMETRIC_REPRESENTATION_CONTEXT() REPRESENTATION_CONTEXT('2D SPACE',''
  ) );
#360 = PCURVE('',#361,#366);
#361 = PLANE('',#362);
#362 = AXIS2_PLACEMENT_3D('',#363,#364,#365);
#363 = CARTESIAN_POINT('',(-55.50729851028,96.141461210712,52.));
#364 = DIRECTION('',(0.,0.,1.));
#365 = DIRECTION('',(1.,0.,-0.));
#366 = DEFINITIONAL_REPRESENTATION('',(#367),#375);
#367 = ( BOUNDED_CURVE() B_SPLINE_CURVE(2,(#368,#369,#370,#371,#372,#373
,#374),.UNSPECIFIED.,.T.,.F.) B_SPLINE_CURVE_WITH_KNOTS((1,2,2,2,2,1),(
    -2.094395102393,0.,2.094395102393,4.188790204786,6.28318530718,
8.377580409573),.UNSPECIFIED.) CURVE() GEOMETRIC_REPRESENTATION_ITEM() 
RATIONAL_B_SPLINE_CURVE((1.,0.5,1.,0.5,1.,0.5,1.)) REPRESENTATION_ITEM(
  '') );
#368 = CARTESIAN_POINT('',(129.50729851028,-96.14146121071));
#369 = CARTESIAN_POINT('',(129.50729851028,-224.3132209708));
#370 = CARTESIAN_POINT('',(18.507298510289,-160.2273410907));
#371 = CARTESIAN_POINT('',(-92.49270148971,-96.14146121071));
#372 = CARTESIAN_POINT('',(18.507298510289,-32.05558133066));
#373 = CARTESIAN_POINT('',(129.50729851028,32.030298549385));
#374 = CARTESIAN_POINT('',(129.50729851028,-96.14146121071));
#375 = ( GEOMETRIC_REPRESENTATION_CONTEXT(2) 
PARAMETRIC_REPRESENTATION_CONTEXT() REPRESENTATION_CONTEXT('2D SPACE',''
  ) );
#376 = ORIENTED_EDGE('',*,*,#377,.F.);
#377 = EDGE_CURVE('',#378,#345,#380,.T.);
#378 = VERTEX_POINT('',#379);
#379 = CARTESIAN_POINT('',(-49.43835597755,55.062228053686,66.));
#380 = SURFACE_CURVE('',#381,(#385,#391),.PCURVE_S1.);
#381 = LINE('',#382,#383);
#382 = CARTESIAN_POINT('',(-49.43835597755,55.062228053686,48.));
#383 = VECTOR('',#384,1.);
#384 = DIRECTION('',(-0.,-0.,-1.));
#385 = PCURVE('',#74,#386);
#386 = DEFINITIONAL_REPRESENTATION('',(#387),#390);
#387 = B_SPLINE_CURVE_WITH_KNOTS('',1,(#388,#389),.UNSPECIFIED.,.F.,.F.,
  (2,2),(-18.0000006,-1.6),.PIECEWISE_BEZIER_KNOTS.);
#388 = CARTESIAN_POINT('',(-2.302429698384,-18.0000006));
#389 = CARTESIAN_POINT('',(-2.302429698384,-1.6));
#390 = ( GEOMETRIC_REPRESENTATION_CONTEXT(2) 
PARAMETRIC_REPRESENTATION_CONTEXT() REPRESENTATION_CONTEXT('2D SPACE',''
  ) );
#391 = PCURVE('',#392,#397);
#392 = PLANE('',#393);
#393 = AXIS2_PLACEMENT_3D('',#394,#395,#396);
#394 = CARTESIAN_POINT('',(-101.5884572681,139.95636945092,52.));
#395 = DIRECTION('',(0.852072212691,0.523424248922,-0.));
#396 = DIRECTION('',(0.523424248922,-0.852072212691,0.));
#397 = DEFINITIONAL_REPRESENTATION('',(#398),#401);
#398 = B_SPLINE_CURVE_WITH_KNOTS('',1,(#399,#400),.UNSPECIFIED.,.F.,.F.,
  (2,2),(-18.0000006,-1.6),.PIECEWISE_BEZIER_KNOTS.);
#399 = CARTESIAN_POINT('',(99.63256650408,-14.0000006));
#400 = CARTESIAN_POINT('',(99.63256650408,2.4));
#401 = ( GEOMETRIC_REPRESENTATION_CONTEXT(2) 
PARAMETRIC_REPRESENTATION_CONTEXT() REPRESENTATION_CONTEXT('2D SPACE',''
  ) );
#402 = ORIENTED_EDGE('',*,*,#403,.T.);
#403 = EDGE_CURVE('',#378,#404,#406,.T.);
#404 = VERTEX_POINT('',#405);
#405 = CARTESIAN_POINT('',(-72.40446627224,15.283758171061,66.));
#406 = SURFACE_CURVE('',#407,(#412,#419),.PCURVE_S1.);
#407 = CIRCLE('',#408,74.);
#408 = AXIS2_PLACEMENT_3D('',#409,#410,#411);
#409 = CARTESIAN_POINT('',(0.,0.,66.));
#410 = DIRECTION('',(0.,0.,1.));
#411 = DIRECTION('',(1.,0.,0.));
#412 = PCURVE('',#74,#413);
#413 = DEFINITIONAL_REPRESENTATION('',(#414),#418);
#414 = LINE('',#415,#416);
#415 = CARTESIAN_POINT('',(-0.,-18.));
#416 = VECTOR('',#417,1.);
#417 = DIRECTION('',(-1.,0.));
#418 = ( GEOMETRIC_REPRESENTATION_CONTEXT(2) 
PARAMETRIC_REPRESENTATION_CONTEXT() REPRESENTATION_CONTEXT('2D SPACE',''
  ) );
#419 = PCURVE('',#197,#420);
#420 = DEFINITIONAL_REPRESENTATION('',(#421),#425);
#421 = CIRCLE('',#422,74.);
#422 = AXIS2_PLACEMENT_2D('',#423,#424);
#423 = CARTESIAN_POINT('',(4.730603701758E-15,-6.440411965619E-15));
#424 = DIRECTION('',(1.,0.));
#425 = ( GEOMETRIC_REPRESENTATION_CONTEXT(2) 
PARAMETRIC_REPRESENTATION_CONTEXT() REPRESENTATION_CONTEXT('2D SPACE',''
  ) );
#426 = ORIENTED_EDGE('',*,*,#427,.T.);
#427 = EDGE_CURVE('',#404,#428,#430,.T.);
#428 = VERTEX_POINT('',#429);
#429 = CARTESIAN_POINT('',(-72.40446627224,15.283758171061,52.));
#430 = SURFACE_CURVE('',#431,(#435,#441),.PCURVE_S1.);
#431 = LINE('',#432,#433);
#432 = CARTESIAN_POINT('',(-72.40446627224,15.283758171061,48.));
#433 = VECTOR('',#434,1.);
#434 = DIRECTION('',(-0.,-0.,-1.));
#435 = PCURVE('',#74,#436);
#436 = DEFINITIONAL_REPRESENTATION('',(#437),#440);
#437 = B_SPLINE_CURVE_WITH_KNOTS('',1,(#438,#439),.UNSPECIFIED.,.F.,.F.,
  (2,2),(-18.0000006,-1.6),.PIECEWISE_BEZIER_KNOTS.);
#438 = CARTESIAN_POINT('',(-2.933558057599,-18.0000006));
#439 = CARTESIAN_POINT('',(-2.933558057599,-1.6));
#440 = ( GEOMETRIC_REPRESENTATION_CONTEXT(2) 
PARAMETRIC_REPRESENTATION_CONTEXT() REPRESENTATION_CONTEXT('2D SPACE',''
  ) );
#441 = PCURVE('',#442,#447);
#442 = PLANE('',#443);
#443 = AXIS2_PLACEMENT_3D('',#444,#445,#446);
#444 = CARTESIAN_POINT('',(-62.,15.,52.));
#445 = DIRECTION('',(-2.726259017756E-02,-0.99962830651,0.));
#446 = DIRECTION('',(-0.99962830651,2.726259017756E-02,0.));
#447 = DEFINITIONAL_REPRESENTATION('',(#448),#451);
#448 = B_SPLINE_CURVE_WITH_KNOTS('',1,(#449,#450),.UNSPECIFIED.,.F.,.F.,
  (2,2),(-18.0000006,-1.6),.PIECEWISE_BEZIER_KNOTS.);
#449 = CARTESIAN_POINT('',(10.408334982595,-14.0000006));
#450 = CARTESIAN_POINT('',(10.408334982595,2.4));
#451 = ( GEOMETRIC_REPRESENTATION_CONTEXT(2) 
PARAMETRIC_REPRESENTATION_CONTEXT() REPRESENTATION_CONTEXT('2D SPACE',''
  ) );
#452 = ORIENTED_EDGE('',*,*,#453,.F.);
#453 = EDGE_CURVE('',#454,#428,#456,.T.);
#454 = VERTEX_POINT('',#455);
#455 = CARTESIAN_POINT('',(-72.40446627224,-15.28375817106,52.));
#456 = SURFACE_CURVE('',#457,(#462,#469),.PCURVE_S1.);
#457 = CIRCLE('',#458,74.);
#458 = AXIS2_PLACEMENT_3D('',#459,#460,#461);
#459 = CARTESIAN_POINT('',(0.,0.,52.));
#460 = DIRECTION('',(0.,0.,-1.));
#461 = DIRECTION('',(1.,0.,0.));
#462 = PCURVE('',#74,#463);
#463 = DEFINITIONAL_REPRESENTATION('',(#464),#468);
#464 = LINE('',#465,#466);
#465 = CARTESIAN_POINT('',(-6.28318530718,-4.));
#466 = VECTOR('',#467,1.);
#467 = DIRECTION('',(1.,-0.));
#468 = ( GEOMETRIC_REPRESENTATION_CONTEXT(2) 
PARAMETRIC_REPRESENTATION_CONTEXT() REPRESENTATION_CONTEXT('2D SPACE',''
  ) );
#469 = PCURVE('',#470,#475);
#470 = PLANE('',#471);
#471 = AXIS2_PLACEMENT_3D('',#472,#473,#474);
#472 = CARTESIAN_POINT('',(-111.0145970205,1.583499917339E-14,52.));
#473 = DIRECTION('',(0.,0.,1.));
#474 = DIRECTION('',(1.,0.,-0.));
#475 = DEFINITIONAL_REPRESENTATION('',(#476),#484);
#476 = ( BOUNDED_CURVE() B_SPLINE_CURVE(2,(#477,#478,#479,#480,#481,#482
,#483),.UNSPECIFIED.,.T.,.F.) B_SPLINE_CURVE_WITH_KNOTS((1,2,2,2,2,1),(
    -2.094395102393,0.,2.094395102393,4.188790204786,6.28318530718,
8.377580409573),.UNSPECIFIED.) CURVE() GEOMETRIC_REPRESENTATION_ITEM() 
RATIONAL_B_SPLINE_CURVE((1.,0.5,1.,0.5,1.,0.5,1.)) REPRESENTATION_ITEM(
  '') );
#477 = CARTESIAN_POINT('',(185.01459702057,-1.583499917339E-14));
#478 = CARTESIAN_POINT('',(185.01459702057,-128.17175976));
#479 = CARTESIAN_POINT('',(74.014597020577,-64.08587988004));
#480 = CARTESIAN_POINT('',(-36.98540297942,-3.395977180077E-14));
#481 = CARTESIAN_POINT('',(74.014597020577,64.085879880048));
#482 = CARTESIAN_POINT('',(185.01459702057,128.17175976009));
#483 = CARTESIAN_POINT('',(185.01459702057,-1.583499917339E-14));
#484 = ( GEOMETRIC_REPRESENTATION_CONTEXT(2) 
PARAMETRIC_REPRESENTATION_CONTEXT() REPRESENTATION_CONTEXT('2D SPACE',''
  ) );
#485 = ORIENTED_EDGE('',*,*,#486,.F.);
#486 = EDGE_CURVE('',#487,#454,#489,.T.);
#487 = VERTEX_POINT('',#488);
#488 = CARTESIAN_POINT('',(-72.40446627224,-15.28375817106,66.));
#489 = SURFACE_CURVE('',#490,(#494,#500),.PCURVE_S1.);
#490 = LINE('',#491,#492);
#491 = CARTESIAN_POINT('',(-72.40446627224,-15.28375817106,48.));
#492 = VECTOR('',#493,1.);
#493 = DIRECTION('',(-0.,-0.,-1.));
#494 = PCURVE('',#74,#495);
#495 = DEFINITIONAL_REPRESENTATION('',(#496),#499);
#496 = B_SPLINE_CURVE_WITH_KNOTS('',1,(#497,#498),.UNSPECIFIED.,.F.,.F.,
  (2,2),(-18.0000006,-1.6),.PIECEWISE_BEZIER_KNOTS.);
#497 = CARTESIAN_POINT('',(-3.34962724958,-18.0000006));
#498 = CARTESIAN_POINT('',(-3.34962724958,-1.6));
#499 = ( GEOMETRIC_REPRESENTATION_CONTEXT(2) 
PARAMETRIC_REPRESENTATION_CONTEXT() REPRESENTATION_CONTEXT('2D SPACE',''
  ) );
#500 = PCURVE('',#501,#506);
#501 = PLANE('',#502);
#502 = AXIS2_PLACEMENT_3D('',#503,#504,#505);
#503 = CARTESIAN_POINT('',(-172.,-18.,52.));
#504 = DIRECTION('',(-2.726259017756E-02,0.99962830651,0.));
#505 = DIRECTION('',(0.99962830651,2.726259017756E-02,0.));
#506 = DEFINITIONAL_REPRESENTATION('',(#507),#510);
#507 = B_SPLINE_CURVE_WITH_KNOTS('',1,(#508,#509),.UNSPECIFIED.,.F.,.F.,
  (2,2),(-18.0000006,-1.6),.PIECEWISE_BEZIER_KNOTS.);
#508 = CARTESIAN_POINT('',(99.63256650408,-14.0000006));
#509 = CARTESIAN_POINT('',(99.63256650408,2.4));
#510 = ( GEOMETRIC_REPRESENTATION_CONTEXT(2) 
PARAMETRIC_REPRESENTATION_CONTEXT() REPRESENTATION_CONTEXT('2D SPACE',''
  ) );
#511 = ORIENTED_EDGE('',*,*,#512,.T.);
#512 = EDGE_CURVE('',#487,#513,#515,.T.);
#513 = VERTEX_POINT('',#514);
#514 = CARTESIAN_POINT('',(-49.43835597755,-55.06222805368,66.));
#515 = SURFACE_CURVE('',#516,(#521,#528),.PCURVE_S1.);
#516 = CIRCLE('',#517,74.);
#517 = AXIS2_PLACEMENT_3D('',#518,#519,#520);
#518 = CARTESIAN_POINT('',(0.,0.,66.));
#519 = DIRECTION('',(0.,0.,1.));
#520 = DIRECTION('',(1.,0.,0.));
#521 = PCURVE('',#74,#522);
#522 = DEFINITIONAL_REPRESENTATION('',(#523),#527);
#523 = LINE('',#524,#525);
#524 = CARTESIAN_POINT('',(-0.,-18.));
#525 = VECTOR('',#526,1.);
#526 = DIRECTION('',(-1.,0.));
#527 = ( GEOMETRIC_REPRESENTATION_CONTEXT(2) 
PARAMETRIC_REPRESENTATION_CONTEXT() REPRESENTATION_CONTEXT('2D SPACE',''
  ) );
#528 = PCURVE('',#197,#529);
#529 = DEFINITIONAL_REPRESENTATION('',(#530),#534);
#530 = CIRCLE('',#531,74.);
#531 = AXIS2_PLACEMENT_2D('',#532,#533);
#532 = CARTESIAN_POINT('',(4.730603701758E-15,-6.440411965619E-15));
#533 = DIRECTION('',(1.,0.));
#534 = ( GEOMETRIC_REPRESENTATION_CONTEXT(2) 
PARAMETRIC_REPRESENTATION_CONTEXT() REPRESENTATION_CONTEXT('2D SPACE',''
  ) );
#535 = ORIENTED_EDGE('',*,*,#536,.T.);
#536 = EDGE_CURVE('',#513,#537,#539,.T.);
#537 = VERTEX_POINT('',#538);
#538 = CARTESIAN_POINT('',(-49.43835597755,-55.06222805368,52.));
#539 = SURFACE_CURVE('',#540,(#544,#550),.PCURVE_S1.);
#540 = LINE('',#541,#542);
#541 = CARTESIAN_POINT('',(-49.43835597755,-55.06222805368,48.));
#542 = VECTOR('',#543,1.);
#543 = DIRECTION('',(-0.,-0.,-1.));
#544 = PCURVE('',#74,#545);
#545 = DEFINITIONAL_REPRESENTATION('',(#546),#549);
#546 = B_SPLINE_CURVE_WITH_KNOTS('',1,(#547,#548),.UNSPECIFIED.,.F.,.F.,
  (2,2),(-18.0000006,-1.6),.PIECEWISE_BEZIER_KNOTS.);
#547 = CARTESIAN_POINT('',(-3.980755608796,-18.0000006));
#548 = CARTESIAN_POINT('',(-3.980755608796,-1.6));
#549 = ( GEOMETRIC_REPRESENTATION_CONTEXT(2) 
PARAMETRIC_REPRESENTATION_CONTEXT() REPRESENTATION_CONTEXT('2D SPACE',''
  ) );
#550 = PCURVE('',#551,#556);
#551 = PLANE('',#552);
#552 = AXIS2_PLACEMENT_3D('',#553,#554,#555);
#553 = CARTESIAN_POINT('',(-43.99038105676,-46.19357503463,52.));
#554 = DIRECTION('',(0.852072212691,-0.523424248922,0.));
#555 = DIRECTION('',(-0.523424248922,-0.852072212691,0.));
#556 = DEFINITIONAL_REPRESENTATION('',(#557),#560);
#557 = B_SPLINE_CURVE_WITH_KNOTS('',1,(#558,#559),.UNSPECIFIED.,.F.,.F.,
  (2,2),(-18.0000006,-1.6),.PIECEWISE_BEZIER_KNOTS.);
#558 = CARTESIAN_POINT('',(10.408334982595,-14.0000006));
#559 = CARTESIAN_POINT('',(10.408334982595,2.4));
#560 = ( GEOMETRIC_REPRESENTATION_CONTEXT(2) 
PARAMETRIC_REPRESENTATION_CONTEXT() REPRESENTATION_CONTEXT('2D SPACE',''
  ) );
#561 = ORIENTED_EDGE('',*,*,#562,.F.);
#562 = EDGE_CURVE('',#563,#537,#565,.T.);
#563 = VERTEX_POINT('',#564);
#564 = CARTESIAN_POINT('',(-22.96611029468,-70.34598622474,52.));
#565 = SURFACE_CURVE('',#566,(#571,#578),.PCURVE_S1.);
#566 = CIRCLE('',#567,74.);
#567 = AXIS2_PLACEMENT_3D('',#568,#569,#570);
#568 = CARTESIAN_POINT('',(0.,0.,52.));
#569 = DIRECTION('',(0.,0.,-1.));
#570 = DIRECTION('',(1.,0.,0.));
#571 = PCURVE('',#74,#572);
#572 = DEFINITIONAL_REPRESENTATION('',(#573),#577);
#573 = LINE('',#574,#575);
#574 = CARTESIAN_POINT('',(-6.28318530718,-4.));
#575 = VECTOR('',#576,1.);
#576 = DIRECTION('',(1.,-0.));
#577 = ( GEOMETRIC_REPRESENTATION_CONTEXT(2) 
PARAMETRIC_REPRESENTATION_CONTEXT() REPRESENTATION_CONTEXT('2D SPACE',''
  ) );
#578 = PCURVE('',#579,#584);
#579 = PLANE('',#580);
#580 = AXIS2_PLACEMENT_3D('',#581,#582,#583);
#581 = CARTESIAN_POINT('',(-55.50729851028,-96.14146121071,52.));
#582 = DIRECTION('',(0.,0.,1.));
#583 = DIRECTION('',(1.,0.,-0.));
#584 = DEFINITIONAL_REPRESENTATION('',(#585),#593);
#585 = ( BOUNDED_CURVE() B_SPLINE_CURVE(2,(#586,#587,#588,#589,#590,#591
,#592),.UNSPECIFIED.,.T.,.F.) B_SPLINE_CURVE_WITH_KNOTS((1,2,2,2,2,1),(
    -2.094395102393,0.,2.094395102393,4.188790204786,6.28318530718,
8.377580409573),.UNSPECIFIED.) CURVE() GEOMETRIC_REPRESENTATION_ITEM() 
RATIONAL_B_SPLINE_CURVE((1.,0.5,1.,0.5,1.,0.5,1.)) REPRESENTATION_ITEM(
  '') );
#586 = CARTESIAN_POINT('',(129.50729851028,96.141461210712));
#587 = CARTESIAN_POINT('',(129.50729851028,-32.03029854938));
#588 = CARTESIAN_POINT('',(18.507298510289,32.055581330664));
#589 = CARTESIAN_POINT('',(-92.49270148971,96.141461210712));
#590 = CARTESIAN_POINT('',(18.507298510289,160.22734109076));
#591 = CARTESIAN_POINT('',(129.50729851028,224.3132209708));
#592 = CARTESIAN_POINT('',(129.50729851028,96.141461210712));
#593 = ( GEOMETRIC_REPRESENTATION_CONTEXT(2) 
PARAMETRIC_REPRESENTATION_CONTEXT() REPRESENTATION_CONTEXT('2D SPACE',''
  ) );
#594 = ORIENTED_EDGE('',*,*,#595,.F.);
#595 = EDGE_CURVE('',#596,#563,#598,.T.);
#596 = VERTEX_POINT('',#597);
#597 = CARTESIAN_POINT('',(-22.96611029468,-70.34598622474,66.));
#598 = SURFACE_CURVE('',#599,(#603,#609),.PCURVE_S1.);
#599 = LINE('',#600,#601);
#600 = CARTESIAN_POINT('',(-22.96611029468,-70.34598622474,48.));
#601 = VECTOR('',#602,1.);
#602 = DIRECTION('',(-0.,-0.,-1.));
#603 = PCURVE('',#74,#604);
#604 = DEFINITIONAL_REPRESENTATION('',(#605),#608);
#605 = B_SPLINE_CURVE_WITH_KNOTS('',1,(#606,#607),.UNSPECIFIED.,.F.,.F.,
  (2,2),(-18.0000006,-1.6),.PIECEWISE_BEZIER_KNOTS.);
#606 = CARTESIAN_POINT('',(-4.396824800777,-18.0000006));
#607 = CARTESIAN_POINT('',(-4.396824800777,-1.6));
#608 = ( GEOMETRIC_REPRESENTATION_CONTEXT(2) 
PARAMETRIC_REPRESENTATION_CONTEXT() REPRESENTATION_CONTEXT('2D SPACE',''
  ) );
#609 = PCURVE('',#610,#615);
#610 = PLANE('',#611);
#611 = AXIS2_PLACEMENT_3D('',#612,#613,#614);
#612 = CARTESIAN_POINT('',(-70.41154273188,-157.9563694509,52.));
#613 = DIRECTION('',(-0.879334802869,0.476204057588,0.));
#614 = DIRECTION('',(0.476204057588,0.879334802869,0.));
#615 = DEFINITIONAL_REPRESENTATION('',(#616),#619);
#616 = B_SPLINE_CURVE_WITH_KNOTS('',1,(#617,#618),.UNSPECIFIED.,.F.,.F.,
  (2,2),(-18.0000006,-1.6),.PIECEWISE_BEZIER_KNOTS.);
#617 = CARTESIAN_POINT('',(99.63256650408,-14.0000006));
#618 = CARTESIAN_POINT('',(99.63256650408,2.4));
#619 = ( GEOMETRIC_REPRESENTATION_CONTEXT(2) 
PARAMETRIC_REPRESENTATION_CONTEXT() REPRESENTATION_CONTEXT('2D SPACE',''
  ) );
#620 = ORIENTED_EDGE('',*,*,#621,.T.);
#621 = EDGE_CURVE('',#596,#622,#624,.T.);
#622 = VERTEX_POINT('',#623);
#623 = CARTESIAN_POINT('',(22.966110294685,-70.34598622474,66.));
#624 = SURFACE_CURVE('',#625,(#630,#637),.PCURVE_S1.);
#625 = CIRCLE('',#626,74.);
#626 = AXIS2_PLACEMENT_3D('',#627,#628,#629);
#627 = CARTESIAN_POINT('',(0.,0.,66.));
#628 = DIRECTION('',(0.,0.,1.));
#629 = DIRECTION('',(1.,0.,0.));
#630 = PCURVE('',#74,#631);
#631 = DEFINITIONAL_REPRESENTATION('',(#632),#636);
#632 = LINE('',#633,#634);
#633 = CARTESIAN_POINT('',(-0.,-18.));
#634 = VECTOR('',#635,1.);
#635 = DIRECTION('',(-1.,0.));
#636 = ( GEOMETRIC_REPRESENTATION_CONTEXT(2) 
PARAMETRIC_REPRESENTATION_CONTEXT() REPRESENTATION_CONTEXT('2D SPACE',''
  ) );
#637 = PCURVE('',#197,#638);
#638 = DEFINITIONAL_REPRESENTATION('',(#639),#643);
#639 = CIRCLE('',#640,74.);
#640 = AXIS2_PLACEMENT_2D('',#641,#642);
#641 = CARTESIAN_POINT('',(4.730603701758E-15,-6.440411965619E-15));
#642 = DIRECTION('',(1.,0.));
#643 = ( GEOMETRIC_REPRESENTATION_CONTEXT(2) 
PARAMETRIC_REPRESENTATION_CONTEXT() REPRESENTATION_CONTEXT('2D SPACE',''
  ) );
#644 = ORIENTED_EDGE('',*,*,#645,.T.);
#645 = EDGE_CURVE('',#622,#646,#648,.T.);
#646 = VERTEX_POINT('',#647);
#647 = CARTESIAN_POINT('',(22.966110294685,-70.34598622474,52.));
#648 = SURFACE_CURVE('',#649,(#653,#659),.PCURVE_S1.);
#649 = LINE('',#650,#651);
#650 = CARTESIAN_POINT('',(22.966110294685,-70.34598622474,48.));
#651 = VECTOR('',#652,1.);
#652 = DIRECTION('',(-0.,-0.,-1.));
#653 = PCURVE('',#74,#654);
#654 = DEFINITIONAL_REPRESENTATION('',(#655),#658);
#655 = B_SPLINE_CURVE_WITH_KNOTS('',1,(#656,#657),.UNSPECIFIED.,.F.,.F.,
  (2,2),(-18.0000006,-1.6),.PIECEWISE_BEZIER_KNOTS.);
#656 = CARTESIAN_POINT('',(-5.027953159992,-18.0000006));
#657 = CARTESIAN_POINT('',(-5.027953159992,-1.6));
#658 = ( GEOMETRIC_REPRESENTATION_CONTEXT(2) 
PARAMETRIC_REPRESENTATION_CONTEXT() REPRESENTATION_CONTEXT('2D SPACE',''
  ) );
#659 = PCURVE('',#660,#665);
#660 = PLANE('',#661);
#661 = AXIS2_PLACEMENT_3D('',#662,#663,#664);
#662 = CARTESIAN_POINT('',(18.009618943233,-61.19357503463,52.));
#663 = DIRECTION('',(0.879334802869,0.476204057588,-0.));
#664 = DIRECTION('',(0.476204057588,-0.879334802869,0.));
#665 = DEFINITIONAL_REPRESENTATION('',(#666),#669);
#666 = B_SPLINE_CURVE_WITH_KNOTS('',1,(#667,#668),.UNSPECIFIED.,.F.,.F.,
  (2,2),(-18.0000006,-1.6),.PIECEWISE_BEZIER_KNOTS.);
#667 = CARTESIAN_POINT('',(10.408334982595,-14.0000006));
#668 = CARTESIAN_POINT('',(10.408334982595,2.4));
#669 = ( GEOMETRIC_REPRESENTATION_CONTEXT(2) 
PARAMETRIC_REPRESENTATION_CONTEXT() REPRESENTATION_CONTEXT('2D SPACE',''
  ) );
#670 = ORIENTED_EDGE('',*,*,#671,.F.);
#671 = EDGE_CURVE('',#672,#646,#674,.T.);
#672 = VERTEX_POINT('',#673);
#673 = CARTESIAN_POINT('',(49.438355977559,-55.06222805368,52.));
#674 = SURFACE_CURVE('',#675,(#680,#687),.PCURVE_S1.);
#675 = CIRCLE('',#676,74.);
#676 = AXIS2_PLACEMENT_3D('',#677,#678,#679);
#677 = CARTESIAN_POINT('',(0.,0.,52.));
#678 = DIRECTION('',(0.,0.,-1.));
#679 = DIRECTION('',(1.,0.,0.));
#680 = PCURVE('',#74,#681);
#681 = DEFINITIONAL_REPRESENTATION('',(#682),#686);
#682 = LINE('',#683,#684);
#683 = CARTESIAN_POINT('',(-6.28318530718,-4.));
#684 = VECTOR('',#685,1.);
#685 = DIRECTION('',(1.,-0.));
#686 = ( GEOMETRIC_REPRESENTATION_CONTEXT(2) 
PARAMETRIC_REPRESENTATION_CONTEXT() REPRESENTATION_CONTEXT('2D SPACE',''
  ) );
#687 = PCURVE('',#688,#693);
#688 = PLANE('',#689);
#689 = AXIS2_PLACEMENT_3D('',#690,#691,#692);
#690 = CARTESIAN_POINT('',(55.507298510289,-96.14146121071,52.));
#691 = DIRECTION('',(0.,0.,1.));
#692 = DIRECTION('',(1.,0.,-0.));
#693 = DEFINITIONAL_REPRESENTATION('',(#694),#702);
#694 = ( BOUNDED_CURVE() B_SPLINE_CURVE(2,(#695,#696,#697,#698,#699,#700
,#701),.UNSPECIFIED.,.T.,.F.) B_SPLINE_CURVE_WITH_KNOTS((1,2,2,2,2,1),(
    -2.094395102393,0.,2.094395102393,4.188790204786,6.28318530718,
8.377580409573),.UNSPECIFIED.) CURVE() GEOMETRIC_REPRESENTATION_ITEM() 
RATIONAL_B_SPLINE_CURVE((1.,0.5,1.,0.5,1.,0.5,1.)) REPRESENTATION_ITEM(
  '') );
#695 = CARTESIAN_POINT('',(18.492701489711,96.141461210712));
#696 = CARTESIAN_POINT('',(18.492701489711,-32.03029854938));
#697 = CARTESIAN_POINT('',(-92.50729851028,32.055581330664));
#698 = CARTESIAN_POINT('',(-203.5072985102,96.141461210712));
#699 = CARTESIAN_POINT('',(-92.50729851028,160.22734109076));
#700 = CARTESIAN_POINT('',(18.492701489711,224.3132209708));
#701 = CARTESIAN_POINT('',(18.492701489711,96.141461210712));
#702 = ( GEOMETRIC_REPRESENTATION_CONTEXT(2) 
PARAMETRIC_REPRESENTATION_CONTEXT() REPRESENTATION_CONTEXT('2D SPACE',''
  ) );
#703 = ORIENTED_EDGE('',*,*,#704,.F.);
#704 = EDGE_CURVE('',#705,#672,#707,.T.);
#705 = VERTEX_POINT('',#706);
#706 = CARTESIAN_POINT('',(49.438355977559,-55.06222805368,66.));
#707 = SURFACE_CURVE('',#708,(#712,#718),.PCURVE_S1.);
#708 = LINE('',#709,#710);
#709 = CARTESIAN_POINT('',(49.438355977559,-55.06222805368,48.));
#710 = VECTOR('',#711,1.);
#711 = DIRECTION('',(-0.,-0.,-1.));
#712 = PCURVE('',#74,#713);
#713 = DEFINITIONAL_REPRESENTATION('',(#714),#717);
#714 = B_SPLINE_CURVE_WITH_KNOTS('',1,(#715,#716),.UNSPECIFIED.,.F.,.F.,
  (2,2),(-18.0000006,-1.6),.PIECEWISE_BEZIER_KNOTS.);
#715 = CARTESIAN_POINT('',(-5.444022351974,-18.0000006));
#716 = CARTESIAN_POINT('',(-5.444022351974,-1.6));
#717 = ( GEOMETRIC_REPRESENTATION_CONTEXT(2) 
PARAMETRIC_REPRESENTATION_CONTEXT() REPRESENTATION_CONTEXT('2D SPACE',''
  ) );
#718 = PCURVE('',#719,#724);
#719 = PLANE('',#720);
#720 = AXIS2_PLACEMENT_3D('',#721,#722,#723);
#721 = CARTESIAN_POINT('',(101.58845726812,-139.9563694509,52.));
#722 = DIRECTION('',(-0.852072212691,-0.523424248922,0.));
#723 = DIRECTION('',(-0.523424248922,0.852072212691,0.));
#724 = DEFINITIONAL_REPRESENTATION('',(#725),#728);
#725 = B_SPLINE_CURVE_WITH_KNOTS('',1,(#726,#727),.UNSPECIFIED.,.F.,.F.,
  (2,2),(-18.0000006,-1.6),.PIECEWISE_BEZIER_KNOTS.);
#726 = CARTESIAN_POINT('',(99.63256650408,-14.0000006));
#727 = CARTESIAN_POINT('',(99.63256650408,2.4));
#728 = ( GEOMETRIC_REPRESENTATION_CONTEXT(2) 
PARAMETRIC_REPRESENTATION_CONTEXT() REPRESENTATION_CONTEXT('2D SPACE',''
  ) );
#729 = ORIENTED_EDGE('',*,*,#730,.T.);
#730 = EDGE_CURVE('',#705,#731,#733,.T.);
#731 = VERTEX_POINT('',#732);
#732 = CARTESIAN_POINT('',(72.404466272244,-15.28375817106,66.));
#733 = SURFACE_CURVE('',#734,(#739,#746),.PCURVE_S1.);
#734 = CIRCLE('',#735,74.);
#735 = AXIS2_PLACEMENT_3D('',#736,#737,#738);
#736 = CARTESIAN_POINT('',(0.,0.,66.));
#737 = DIRECTION('',(0.,0.,1.));
#738 = DIRECTION('',(1.,0.,0.));
#739 = PCURVE('',#74,#740);
#740 = DEFINITIONAL_REPRESENTATION('',(#741),#745);
#741 = LINE('',#742,#743);
#742 = CARTESIAN_POINT('',(-0.,-18.));
#743 = VECTOR('',#744,1.);
#744 = DIRECTION('',(-1.,0.));
#745 = ( GEOMETRIC_REPRESENTATION_CONTEXT(2) 
PARAMETRIC_REPRESENTATION_CONTEXT() REPRESENTATION_CONTEXT('2D SPACE',''
  ) );
#746 = PCURVE('',#197,#747);
#747 = DEFINITIONAL_REPRESENTATION('',(#748),#752);
#748 = CIRCLE('',#749,74.);
#749 = AXIS2_PLACEMENT_2D('',#750,#751);
#750 = CARTESIAN_POINT('',(4.730603701758E-15,-6.440411965619E-15));
#751 = DIRECTION('',(1.,0.));
#752 = ( GEOMETRIC_REPRESENTATION_CONTEXT(2) 
PARAMETRIC_REPRESENTATION_CONTEXT() REPRESENTATION_CONTEXT('2D SPACE',''
  ) );
#753 = ORIENTED_EDGE('',*,*,#754,.T.);
#754 = EDGE_CURVE('',#731,#755,#757,.T.);
#755 = VERTEX_POINT('',#756);
#756 = CARTESIAN_POINT('',(72.404466272244,-15.28375817106,52.));
#757 = SURFACE_CURVE('',#758,(#762,#768),.PCURVE_S1.);
#758 = LINE('',#759,#760);
#759 = CARTESIAN_POINT('',(72.404466272244,-15.28375817106,48.));
#760 = VECTOR('',#761,1.);
#761 = DIRECTION('',(-0.,-0.,-1.));
#762 = PCURVE('',#74,#763);
#763 = DEFINITIONAL_REPRESENTATION('',(#764),#767);
#764 = B_SPLINE_CURVE_WITH_KNOTS('',1,(#765,#766),.UNSPECIFIED.,.F.,.F.,
  (2,2),(-18.0000006,-1.6),.PIECEWISE_BEZIER_KNOTS.);
#765 = CARTESIAN_POINT('',(-6.075150711189,-18.0000006));
#766 = CARTESIAN_POINT('',(-6.075150711189,-1.6));
#767 = ( GEOMETRIC_REPRESENTATION_CONTEXT(2) 
PARAMETRIC_REPRESENTATION_CONTEXT() REPRESENTATION_CONTEXT('2D SPACE',''
  ) );
#768 = PCURVE('',#769,#774);
#769 = PLANE('',#770);
#770 = AXIS2_PLACEMENT_3D('',#771,#772,#773);
#771 = CARTESIAN_POINT('',(62.,-15.,52.));
#772 = DIRECTION('',(2.726259017756E-02,0.99962830651,-0.));
#773 = DIRECTION('',(0.99962830651,-2.726259017756E-02,0.));
#774 = DEFINITIONAL_REPRESENTATION('',(#775),#778);
#775 = B_SPLINE_CURVE_WITH_KNOTS('',1,(#776,#777),.UNSPECIFIED.,.F.,.F.,
  (2,2),(-18.0000006,-1.6),.PIECEWISE_BEZIER_KNOTS.);
#776 = CARTESIAN_POINT('',(10.408334982595,-14.0000006));
#777 = CARTESIAN_POINT('',(10.408334982595,2.4));
#778 = ( GEOMETRIC_REPRESENTATION_CONTEXT(2) 
PARAMETRIC_REPRESENTATION_CONTEXT() REPRESENTATION_CONTEXT('2D SPACE',''
  ) );
#779 = ORIENTED_EDGE('',*,*,#780,.F.);
#780 = EDGE_CURVE('',#66,#755,#781,.T.);
#781 = SURFACE_CURVE('',#782,(#787,#794),.PCURVE_S1.);
#782 = CIRCLE('',#783,74.);
#783 = AXIS2_PLACEMENT_3D('',#784,#785,#786);
#784 = CARTESIAN_POINT('',(0.,0.,52.));
#785 = DIRECTION('',(0.,0.,-1.));
#786 = DIRECTION('',(1.,0.,0.));
#787 = PCURVE('',#74,#788);
#788 = DEFINITIONAL_REPRESENTATION('',(#789),#793);
#789 = LINE('',#790,#791);
#790 = CARTESIAN_POINT('',(-6.28318530718,-4.));
#791 = VECTOR('',#792,1.);
#792 = DIRECTION('',(1.,-0.));
#793 = ( GEOMETRIC_REPRESENTATION_CONTEXT(2) 
PARAMETRIC_REPRESENTATION_CONTEXT() REPRESENTATION_CONTEXT('2D SPACE',''
  ) );
#794 = PCURVE('',#138,#795);
#795 = DEFINITIONAL_REPRESENTATION('',(#796),#804);
#796 = ( BOUNDED_CURVE() B_SPLINE_CURVE(2,(#797,#798,#799,#800,#801,#802
,#803),.UNSPECIFIED.,.T.,.F.) B_SPLINE_CURVE_WITH_KNOTS((1,2,2,2,2,1),(
    -2.094395102393,0.,2.094395102393,4.188790204786,6.28318530718,
8.377580409573),.UNSPECIFIED.) CURVE() GEOMETRIC_REPRESENTATION_ITEM() 
RATIONAL_B_SPLINE_CURVE((1.,0.5,1.,0.5,1.,0.5,1.)) REPRESENTATION_ITEM(
  '') );
#797 = CARTESIAN_POINT('',(-37.01459702057,-9.948690580139E-16));
#798 = CARTESIAN_POINT('',(-37.01459702057,-128.17175976));
#799 = CARTESIAN_POINT('',(-148.0145970205,-64.08587988004));
#800 = CARTESIAN_POINT('',(-259.0145970205,-1.911964168539E-14));
#801 = CARTESIAN_POINT('',(-148.0145970205,64.085879880048));
#802 = CARTESIAN_POINT('',(-37.01459702057,128.17175976009));
#803 = CARTESIAN_POINT('',(-37.01459702057,-9.948690580139E-16));
#804 = ( GEOMETRIC_REPRESENTATION_CONTEXT(2) 
PARAMETRIC_REPRESENTATION_CONTEXT() REPRESENTATION_CONTEXT('2D SPACE',''
  ) );
#805 = ADVANCED_FACE('',(#806),#138,.F.);
#806 = FACE_BOUND('',#807,.F.);
#807 = EDGE_LOOP('',(#808,#809,#832,#860,#893,#921,#949,#970));
#808 = ORIENTED_EDGE('',*,*,#780,.T.);
#809 = ORIENTED_EDGE('',*,*,#810,.T.);
#810 = EDGE_CURVE('',#755,#811,#813,.T.);
#811 = VERTEX_POINT('',#812);
#812 = CARTESIAN_POINT('',(172.,-18.,52.));
#813 = SURFACE_CURVE('',#814,(#818,#825),.PCURVE_S1.);
#814 = LINE('',#815,#816);
#815 = CARTESIAN_POINT('',(62.,-15.,52.));
#816 = VECTOR('',#817,1.);
#817 = DIRECTION('',(0.99962830651,-2.726259017756E-02,0.));
#818 = PCURVE('',#138,#819);
#819 = DEFINITIONAL_REPRESENTATION('',(#820),#824);
#820 = LINE('',#821,#822);
#821 = CARTESIAN_POINT('',(-49.01459702057,-15.));
#822 = VECTOR('',#823,1.);
#823 = DIRECTION('',(0.99962830651,-2.726259017756E-02));
#824 = ( GEOMETRIC_REPRESENTATION_CONTEXT(2) 
PARAMETRIC_REPRESENTATION_CONTEXT() REPRESENTATION_CONTEXT('2D SPACE',''
  ) );
#825 = PCURVE('',#769,#826);
#826 = DEFINITIONAL_REPRESENTATION('',(#827),#831);
#827 = LINE('',#828,#829);
#828 = CARTESIAN_POINT('',(0.,0.));
#829 = VECTOR('',#830,1.);
#830 = DIRECTION('',(1.,0.));
#831 = ( GEOMETRIC_REPRESENTATION_CONTEXT(2) 
PARAMETRIC_REPRESENTATION_CONTEXT() REPRESENTATION_CONTEXT('2D SPACE',''
  ) );
#832 = ORIENTED_EDGE('',*,*,#833,.T.);
#833 = EDGE_CURVE('',#811,#834,#836,.T.);
#834 = VERTEX_POINT('',#835);
#835 = CARTESIAN_POINT('',(179.48283022858,-13.63501569999,52.));
#836 = SURFACE_CURVE('',#837,(#841,#848),.PCURVE_S1.);
#837 = LINE('',#838,#839);
#838 = CARTESIAN_POINT('',(172.,-18.,52.));
#839 = VECTOR('',#840,1.);
#840 = DIRECTION('',(0.863778900898,0.503871025524,0.));
#841 = PCURVE('',#138,#842);
#842 = DEFINITIONAL_REPRESENTATION('',(#843),#847);
#843 = LINE('',#844,#845);
#844 = CARTESIAN_POINT('',(60.985402979423,-18.));
#845 = VECTOR('',#846,1.);
#846 = DIRECTION('',(0.863778900898,0.503871025524));
#847 = ( GEOMETRIC_REPRESENTATION_CONTEXT(2) 
PARAMETRIC_REPRESENTATION_CONTEXT() REPRESENTATION_CONTEXT('2D SPACE',''
  ) );
#848 = PCURVE('',#849,#854);
#849 = PLANE('',#850);
#850 = AXIS2_PLACEMENT_3D('',#851,#852,#853);
#851 = CARTESIAN_POINT('',(172.,-18.,52.));
#852 = DIRECTION('',(-0.503871025524,0.863778900898,0.));
#853 = DIRECTION('',(0.863778900898,0.503871025524,0.));
#854 = DEFINITIONAL_REPRESENTATION('',(#855),#859);
#855 = LINE('',#856,#857);
#856 = CARTESIAN_POINT('',(0.,0.));
#857 = VECTOR('',#858,1.);
#858 = DIRECTION('',(1.,0.));
#859 = ( GEOMETRIC_REPRESENTATION_CONTEXT(2) 
PARAMETRIC_REPRESENTATION_CONTEXT() REPRESENTATION_CONTEXT('2D SPACE',''
  ) );
#860 = ORIENTED_EDGE('',*,*,#861,.F.);
#861 = EDGE_CURVE('',#862,#834,#864,.T.);
#862 = VERTEX_POINT('',#863);
#863 = CARTESIAN_POINT('',(180.,8.951719505639E-15,52.));
#864 = SURFACE_CURVE('',#865,(#870,#881),.PCURVE_S1.);
#865 = CIRCLE('',#866,180.);
#866 = AXIS2_PLACEMENT_3D('',#867,#868,#869);
#867 = CARTESIAN_POINT('',(9.578339871034E-13,8.951719505639E-15,52.));
#868 = DIRECTION('',(0.,0.,-1.));
#869 = DIRECTION('',(1.,0.,0.));
#870 = PCURVE('',#138,#871);
#871 = DEFINITIONAL_REPRESENTATION('',(#872),#880);
#872 = ( BOUNDED_CURVE() B_SPLINE_CURVE(2,(#873,#874,#875,#876,#877,#878
,#879),.UNSPECIFIED.,.T.,.F.) B_SPLINE_CURVE_WITH_KNOTS((1,2,2,2,2,1),(
    -2.094395102393,0.,2.094395102393,4.188790204786,6.28318530718,
8.377580409573),.UNSPECIFIED.) CURVE() GEOMETRIC_REPRESENTATION_ITEM() 
RATIONAL_B_SPLINE_CURVE((1.,0.5,1.,0.5,1.,0.5,1.)) REPRESENTATION_ITEM(
  '') );
#873 = CARTESIAN_POINT('',(68.985402979424,7.956850447625E-15));
#874 = CARTESIAN_POINT('',(68.985402979424,-311.7691453623));
#875 = CARTESIAN_POINT('',(-201.0145970205,-155.8845726811));
#876 = CARTESIAN_POINT('',(-471.0145970205,-3.613043432168E-14));
#877 = CARTESIAN_POINT('',(-201.0145970205,155.88457268119));
#878 = CARTESIAN_POINT('',(68.985402979423,311.76914536239));
#879 = CARTESIAN_POINT('',(68.985402979424,7.956850447625E-15));
#880 = ( GEOMETRIC_REPRESENTATION_CONTEXT(2) 
PARAMETRIC_REPRESENTATION_CONTEXT() REPRESENTATION_CONTEXT('2D SPACE',''
  ) );
#881 = PCURVE('',#882,#887);
#882 = CYLINDRICAL_SURFACE('',#883,180.);
#883 = AXIS2_PLACEMENT_3D('',#884,#885,#886);
#884 = CARTESIAN_POINT('',(9.578339871034E-13,8.951719505639E-15,0.));
#885 = DIRECTION('',(-0.,-0.,-1.));
#886 = DIRECTION('',(1.,0.,0.));
#887 = DEFINITIONAL_REPRESENTATION('',(#888),#892);
#888 = LINE('',#889,#890);
#889 = CARTESIAN_POINT('',(-6.28318530718,-52.));
#890 = VECTOR('',#891,1.);
#891 = DIRECTION('',(1.,-0.));
#892 = ( GEOMETRIC_REPRESENTATION_CONTEXT(2) 
PARAMETRIC_REPRESENTATION_CONTEXT() REPRESENTATION_CONTEXT('2D SPACE',''
  ) );
#893 = ORIENTED_EDGE('',*,*,#894,.F.);
#894 = EDGE_CURVE('',#895,#862,#897,.T.);
#895 = VERTEX_POINT('',#896);
#896 = CARTESIAN_POINT('',(179.48283022858,13.635015699995,52.));
#897 = SURFACE_CURVE('',#898,(#903,#914),.PCURVE_S1.);
#898 = CIRCLE('',#899,180.);
#899 = AXIS2_PLACEMENT_3D('',#900,#901,#902);
#900 = CARTESIAN_POINT('',(9.578339871034E-13,8.951719505639E-15,52.));
#901 = DIRECTION('',(0.,0.,-1.));
#902 = DIRECTION('',(1.,0.,0.));
#903 = PCURVE('',#138,#904);
#904 = DEFINITIONAL_REPRESENTATION('',(#905),#913);
#905 = ( BOUNDED_CURVE() B_SPLINE_CURVE(2,(#906,#907,#908,#909,#910,#911
,#912),.UNSPECIFIED.,.T.,.F.) B_SPLINE_CURVE_WITH_KNOTS((1,2,2,2,2,1),(
    -2.094395102393,0.,2.094395102393,4.188790204786,6.28318530718,
8.377580409573),.UNSPECIFIED.) CURVE() GEOMETRIC_REPRESENTATION_ITEM() 
RATIONAL_B_SPLINE_CURVE((1.,0.5,1.,0.5,1.,0.5,1.)) REPRESENTATION_ITEM(
  '') );
#906 = CARTESIAN_POINT('',(68.985402979424,7.956850447625E-15));
#907 = CARTESIAN_POINT('',(68.985402979424,-311.7691453623));
#908 = CARTESIAN_POINT('',(-201.0145970205,-155.8845726811));
#909 = CARTESIAN_POINT('',(-471.0145970205,-3.613043432168E-14));
#910 = CARTESIAN_POINT('',(-201.0145970205,155.88457268119));
#911 = CARTESIAN_POINT('',(68.985402979423,311.76914536239));
#912 = CARTESIAN_POINT('',(68.985402979424,7.956850447625E-15));
#913 = ( GEOMETRIC_REPRESENTATION_CONTEXT(2) 
PARAMETRIC_REPRESENTATION_CONTEXT() REPRESENTATION_CONTEXT('2D SPACE',''
  ) );
#914 = PCURVE('',#882,#915);
#915 = DEFINITIONAL_REPRESENTATION('',(#916),#920);
#916 = LINE('',#917,#918);
#917 = CARTESIAN_POINT('',(-6.28318530718,-52.));
#918 = VECTOR('',#919,1.);
#919 = DIRECTION('',(1.,-0.));
#920 = ( GEOMETRIC_REPRESENTATION_CONTEXT(2) 
PARAMETRIC_REPRESENTATION_CONTEXT() REPRESENTATION_CONTEXT('2D SPACE',''
  ) );
#921 = ORIENTED_EDGE('',*,*,#922,.T.);
#922 = EDGE_CURVE('',#895,#923,#925,.T.);
#923 = VERTEX_POINT('',#924);
#924 = CARTESIAN_POINT('',(172.,18.,52.));
#925 = SURFACE_CURVE('',#926,(#930,#937),.PCURVE_S1.);
#926 = LINE('',#927,#928);
#927 = CARTESIAN_POINT('',(184.,11.,52.));
#928 = VECTOR('',#929,1.);
#929 = DIRECTION('',(-0.863778900898,0.503871025524,0.));
#930 = PCURVE('',#138,#931);
#931 = DEFINITIONAL_REPRESENTATION('',(#932),#936);
#932 = LINE('',#933,#934);
#933 = CARTESIAN_POINT('',(72.985402979423,11.));
#934 = VECTOR('',#935,1.);
#935 = DIRECTION('',(-0.863778900898,0.503871025524));
#936 = ( GEOMETRIC_REPRESENTATION_CONTEXT(2) 
PARAMETRIC_REPRESENTATION_CONTEXT() REPRESENTATION_CONTEXT('2D SPACE',''
  ) );
#937 = PCURVE('',#938,#943);
#938 = PLANE('',#939);
#939 = AXIS2_PLACEMENT_3D('',#940,#941,#942);
#940 = CARTESIAN_POINT('',(184.,11.,52.));
#941 = DIRECTION('',(-0.503871025524,-0.863778900898,0.));
#942 = DIRECTION('',(-0.863778900898,0.503871025524,0.));
#943 = DEFINITIONAL_REPRESENTATION('',(#944),#948);
#944 = LINE('',#945,#946);
#945 = CARTESIAN_POINT('',(0.,0.));
#946 = VECTOR('',#947,1.);
#947 = DIRECTION('',(1.,0.));
#948 = ( GEOMETRIC_REPRESENTATION_CONTEXT(2) 
PARAMETRIC_REPRESENTATION_CONTEXT() REPRESENTATION_CONTEXT('2D SPACE',''
  ) );
#949 = ORIENTED_EDGE('',*,*,#950,.T.);
#950 = EDGE_CURVE('',#923,#122,#951,.T.);
#951 = SURFACE_CURVE('',#952,(#956,#963),.PCURVE_S1.);
#952 = LINE('',#953,#954);
#953 = CARTESIAN_POINT('',(172.,18.,52.));
#954 = VECTOR('',#955,1.);
#955 = DIRECTION('',(-0.99962830651,-2.726259017756E-02,0.));
#956 = PCURVE('',#138,#957);
#957 = DEFINITIONAL_REPRESENTATION('',(#958),#962);
#958 = LINE('',#959,#960);
#959 = CARTESIAN_POINT('',(60.985402979423,18.));
#960 = VECTOR('',#961,1.);
#961 = DIRECTION('',(-0.99962830651,-2.726259017756E-02));
#962 = ( GEOMETRIC_REPRESENTATION_CONTEXT(2) 
PARAMETRIC_REPRESENTATION_CONTEXT() REPRESENTATION_CONTEXT('2D SPACE',''
  ) );
#963 = PCURVE('',#169,#964);
#964 = DEFINITIONAL_REPRESENTATION('',(#965),#969);
#965 = LINE('',#966,#967);
#966 = CARTESIAN_POINT('',(0.,0.));
#967 = VECTOR('',#968,1.);
#968 = DIRECTION('',(1.,0.));
#969 = ( GEOMETRIC_REPRESENTATION_CONTEXT(2) 
PARAMETRIC_REPRESENTATION_CONTEXT() REPRESENTATION_CONTEXT('2D SPACE',''
  ) );
#970 = ORIENTED_EDGE('',*,*,#121,.T.);
#971 = ADVANCED_FACE('',(#972),#769,.F.);
#972 = FACE_BOUND('',#973,.F.);
#973 = EDGE_LOOP('',(#974,#995,#1023,#1051,#1072,#1073));
#974 = ORIENTED_EDGE('',*,*,#975,.T.);
#975 = EDGE_CURVE('',#731,#976,#978,.T.);
#976 = VERTEX_POINT('',#977);
#977 = CARTESIAN_POINT('',(62.,-15.,66.));
#978 = SURFACE_CURVE('',#979,(#983,#989),.PCURVE_S1.);
#979 = LINE('',#980,#981);
#980 = CARTESIAN_POINT('',(30.818647287142,-14.14959947146,66.));
#981 = VECTOR('',#982,1.);
#982 = DIRECTION('',(-0.99962830651,2.726259017756E-02,0.));
#983 = PCURVE('',#769,#984);
#984 = DEFINITIONAL_REPRESENTATION('',(#985),#988);
#985 = B_SPLINE_CURVE_WITH_KNOTS('',1,(#986,#987),.UNSPECIFIED.,.F.,.F.,
  (2,2),(-43.19740890851,-31.19294692815),.PIECEWISE_BEZIER_KNOTS.);
#986 = CARTESIAN_POINT('',(12.004461980364,-14.));
#987 = CARTESIAN_POINT('',(0.,-14.));
#988 = ( GEOMETRIC_REPRESENTATION_CONTEXT(2) 
PARAMETRIC_REPRESENTATION_CONTEXT() REPRESENTATION_CONTEXT('2D SPACE',''
  ) );
#989 = PCURVE('',#197,#990);
#990 = DEFINITIONAL_REPRESENTATION('',(#991),#994);
#991 = B_SPLINE_CURVE_WITH_KNOTS('',1,(#992,#993),.UNSPECIFIED.,.F.,.F.,
  (2,2),(-43.19740890851,-31.19294692815),.PIECEWISE_BEZIER_KNOTS.);
#992 = CARTESIAN_POINT('',(74.,-15.32727272727));
#993 = CARTESIAN_POINT('',(62.,-15.));
#994 = ( GEOMETRIC_REPRESENTATION_CONTEXT(2) 
PARAMETRIC_REPRESENTATION_CONTEXT() REPRESENTATION_CONTEXT('2D SPACE',''
  ) );
#995 = ORIENTED_EDGE('',*,*,#996,.T.);
#996 = EDGE_CURVE('',#976,#997,#999,.T.);
#997 = VERTEX_POINT('',#998);
#998 = CARTESIAN_POINT('',(62.,-15.,76.));
#999 = SURFACE_CURVE('',#1000,(#1004,#1011),.PCURVE_S1.);
#1000 = LINE('',#1001,#1002);
#1001 = CARTESIAN_POINT('',(62.,-15.,52.));
#1002 = VECTOR('',#1003,1.);
#1003 = DIRECTION('',(0.,0.,1.));
#1004 = PCURVE('',#769,#1005);
#1005 = DEFINITIONAL_REPRESENTATION('',(#1006),#1010);
#1006 = LINE('',#1007,#1008);
#1007 = CARTESIAN_POINT('',(0.,0.));
#1008 = VECTOR('',#1009,1.);
#1009 = DIRECTION('',(0.,-1.));
#1010 = ( GEOMETRIC_REPRESENTATION_CONTEXT(2) 
PARAMETRIC_REPRESENTATION_CONTEXT() REPRESENTATION_CONTEXT('2D SPACE',''
  ) );
#1011 = PCURVE('',#1012,#1017);
#1012 = PLANE('',#1013);
#1013 = AXIS2_PLACEMENT_3D('',#1014,#1015,#1016);
#1014 = CARTESIAN_POINT('',(36.,-10.,52.));
#1015 = DIRECTION('',(0.18884739365,0.982006446981,-0.));
#1016 = DIRECTION('',(0.982006446981,-0.18884739365,0.));
#1017 = DEFINITIONAL_REPRESENTATION('',(#1018),#1022);
#1018 = LINE('',#1019,#1020);
#1019 = CARTESIAN_POINT('',(26.476404589747,0.));
#1020 = VECTOR('',#1021,1.);
#1021 = DIRECTION('',(0.,-1.));
#1022 = ( GEOMETRIC_REPRESENTATION_CONTEXT(2) 
PARAMETRIC_REPRESENTATION_CONTEXT() REPRESENTATION_CONTEXT('2D SPACE',''
  ) );
#1023 = ORIENTED_EDGE('',*,*,#1024,.T.);
#1024 = EDGE_CURVE('',#997,#1025,#1027,.T.);
#1025 = VERTEX_POINT('',#1026);
#1026 = CARTESIAN_POINT('',(172.,-18.,76.));
#1027 = SURFACE_CURVE('',#1028,(#1032,#1039),.PCURVE_S1.);
#1028 = LINE('',#1029,#1030);
#1029 = CARTESIAN_POINT('',(62.,-15.,76.));
#1030 = VECTOR('',#1031,1.);
#1031 = DIRECTION('',(0.99962830651,-2.726259017756E-02,0.));
#1032 = PCURVE('',#769,#1033);
#1033 = DEFINITIONAL_REPRESENTATION('',(#1034),#1038);
#1034 = LINE('',#1035,#1036);
#1035 = CARTESIAN_POINT('',(0.,-24.));
#1036 = VECTOR('',#1037,1.);
#1037 = DIRECTION('',(1.,0.));
#1038 = ( GEOMETRIC_REPRESENTATION_CONTEXT(2) 
PARAMETRIC_REPRESENTATION_CONTEXT() REPRESENTATION_CONTEXT('2D SPACE',''
  ) );
#1039 = PCURVE('',#1040,#1045);
#1040 = PLANE('',#1041);
#1041 = AXIS2_PLACEMENT_3D('',#1042,#1043,#1044);
#1042 = CARTESIAN_POINT('',(111.01459702057,9.948690580139E-16,76.));
#1043 = DIRECTION('',(0.,0.,1.));
#1044 = DIRECTION('',(1.,0.,-0.));
#1045 = DEFINITIONAL_REPRESENTATION('',(#1046),#1050);
#1046 = LINE('',#1047,#1048);
#1047 = CARTESIAN_POINT('',(-49.01459702057,-15.));
#1048 = VECTOR('',#1049,1.);
#1049 = DIRECTION('',(0.99962830651,-2.726259017756E-02));
#1050 = ( GEOMETRIC_REPRESENTATION_CONTEXT(2) 
PARAMETRIC_REPRESENTATION_CONTEXT() REPRESENTATION_CONTEXT('2D SPACE',''
  ) );
#1051 = ORIENTED_EDGE('',*,*,#1052,.F.);
#1052 = EDGE_CURVE('',#811,#1025,#1053,.T.);
#1053 = SURFACE_CURVE('',#1054,(#1058,#1065),.PCURVE_S1.);
#1054 = LINE('',#1055,#1056);
#1055 = CARTESIAN_POINT('',(172.,-18.,52.));
#1056 = VECTOR('',#1057,1.);
#1057 = DIRECTION('',(0.,0.,1.));
#1058 = PCURVE('',#769,#1059);
#1059 = DEFINITIONAL_REPRESENTATION('',(#1060),#1064);
#1060 = LINE('',#1061,#1062);
#1061 = CARTESIAN_POINT('',(110.04090148667,0.));
#1062 = VECTOR('',#1063,1.);
#1063 = DIRECTION('',(0.,-1.));
#1064 = ( GEOMETRIC_REPRESENTATION_CONTEXT(2) 
PARAMETRIC_REPRESENTATION_CONTEXT() REPRESENTATION_CONTEXT('2D SPACE',''
  ) );
#1065 = PCURVE('',#849,#1066);
#1066 = DEFINITIONAL_REPRESENTATION('',(#1067),#1071);
#1067 = LINE('',#1068,#1069);
#1068 = CARTESIAN_POINT('',(0.,0.));
#1069 = VECTOR('',#1070,1.);
#1070 = DIRECTION('',(0.,-1.));
#1071 = ( GEOMETRIC_REPRESENTATION_CONTEXT(2) 
PARAMETRIC_REPRESENTATION_CONTEXT() REPRESENTATION_CONTEXT('2D SPACE',''
  ) );
#1072 = ORIENTED_EDGE('',*,*,#810,.F.);
#1073 = ORIENTED_EDGE('',*,*,#754,.F.);
#1074 = ADVANCED_FACE('',(#1075,#2058),#197,.T.);
#1075 = FACE_BOUND('',#1076,.T.);
#1076 = EDGE_LOOP('',(#1077,#1105,#1131,#1157,#1190,#1218,#1244,#1263,
    #1264,#1265,#1286,#1312,#1338,#1357,#1358,#1379,#1405,#1438,#1466,
    #1492,#1518,#1544,#1563,#1564,#1585,#1611,#1637,#1663,#1696,#1722,
    #1741,#1742,#1763,#1789,#1815,#1841,#1860,#1861,#1882,#1908,#1941,
    #1967,#1993,#2019,#2038,#2039));
#1077 = ORIENTED_EDGE('',*,*,#1078,.T.);
#1078 = EDGE_CURVE('',#1079,#1081,#1083,.T.);
#1079 = VERTEX_POINT('',#1080);
#1080 = CARTESIAN_POINT('',(18.009618943233,-61.19357503463,66.));
#1081 = VERTEX_POINT('',#1082);
#1082 = CARTESIAN_POINT('',(9.339745962156,-36.17691453624,66.));
#1083 = SURFACE_CURVE('',#1084,(#1088,#1094),.PCURVE_S1.);
#1084 = LINE('',#1085,#1086);
#1085 = CARTESIAN_POINT('',(3.242388787161,-18.58317184621,66.));
#1086 = VECTOR('',#1087,1.);
#1087 = DIRECTION('',(-0.327456583151,0.94486622659,0.));
#1088 = PCURVE('',#197,#1089);
#1089 = DEFINITIONAL_REPRESENTATION('',(#1090),#1093);
#1090 = B_SPLINE_CURVE_WITH_KNOTS('',1,(#1091,#1092),.UNSPECIFIED.,.F.,
  .F.,(2,2),(-45.09675760365,-18.6203530139),.PIECEWISE_BEZIER_KNOTS.);
#1091 = CARTESIAN_POINT('',(18.009618943233,-61.19357503463));
#1092 = CARTESIAN_POINT('',(9.339745962156,-36.17691453624));
#1093 = ( GEOMETRIC_REPRESENTATION_CONTEXT(2) 
PARAMETRIC_REPRESENTATION_CONTEXT() REPRESENTATION_CONTEXT('2D SPACE',''
  ) );
#1094 = PCURVE('',#1095,#1100);
#1095 = PLANE('',#1096);
#1096 = AXIS2_PLACEMENT_3D('',#1097,#1098,#1099);
#1097 = CARTESIAN_POINT('',(9.339745962156,-36.17691453624,52.));
#1098 = DIRECTION('',(0.94486622659,0.327456583151,-0.));
#1099 = DIRECTION('',(0.327456583151,-0.94486622659,0.));
#1100 = DEFINITIONAL_REPRESENTATION('',(#1101),#1104);
#1101 = B_SPLINE_CURVE_WITH_KNOTS('',1,(#1102,#1103),.UNSPECIFIED.,.F.,
  .F.,(2,2),(-45.09675760365,-18.6203530139),.PIECEWISE_BEZIER_KNOTS.);
#1102 = CARTESIAN_POINT('',(26.476404589747,-14.));
#1103 = CARTESIAN_POINT('',(0.,-14.));
#1104 = ( GEOMETRIC_REPRESENTATION_CONTEXT(2) 
PARAMETRIC_REPRESENTATION_CONTEXT() REPRESENTATION_CONTEXT('2D SPACE',''
  ) );
#1105 = ORIENTED_EDGE('',*,*,#1106,.T.);
#1106 = EDGE_CURVE('',#1081,#1107,#1109,.T.);
#1107 = VERTEX_POINT('',#1108);
#1108 = CARTESIAN_POINT('',(26.660254037844,-26.17691453624,66.));
#1109 = SURFACE_CURVE('',#1110,(#1114,#1120),.PCURVE_S1.);
#1110 = LINE('',#1111,#1112);
#1111 = CARTESIAN_POINT('',(22.330127018922,-28.67691453624,66.));
#1112 = VECTOR('',#1113,1.);
#1113 = DIRECTION('',(0.866025403784,0.5,-0.));
#1114 = PCURVE('',#197,#1115);
#1115 = DEFINITIONAL_REPRESENTATION('',(#1116),#1119);
#1116 = B_SPLINE_CURVE_WITH_KNOTS('',1,(#1117,#1118),.UNSPECIFIED.,.F.,
  .F.,(2,2),(-15.,5.),.PIECEWISE_BEZIER_KNOTS.);
#1117 = CARTESIAN_POINT('',(9.339745962156,-36.17691453624));
#1118 = CARTESIAN_POINT('',(26.660254037844,-26.17691453624));
#1119 = ( GEOMETRIC_REPRESENTATION_CONTEXT(2) 
PARAMETRIC_REPRESENTATION_CONTEXT() REPRESENTATION_CONTEXT('2D SPACE',''
  ) );
#1120 = PCURVE('',#1121,#1126);
#1121 = PLANE('',#1122);
#1122 = AXIS2_PLACEMENT_3D('',#1123,#1124,#1125);
#1123 = CARTESIAN_POINT('',(26.660254037844,-26.17691453624,52.));
#1124 = DIRECTION('',(0.5,-0.866025403784,0.));
#1125 = DIRECTION('',(-0.866025403784,-0.5,0.));
#1126 = DEFINITIONAL_REPRESENTATION('',(#1127),#1130);
#1127 = B_SPLINE_CURVE_WITH_KNOTS('',1,(#1128,#1129),.UNSPECIFIED.,.F.,
  .F.,(2,2),(-15.,5.),.PIECEWISE_BEZIER_KNOTS.);
#1128 = CARTESIAN_POINT('',(20.,-14.));
#1129 = CARTESIAN_POINT('',(0.,-14.));
#1130 = ( GEOMETRIC_REPRESENTATION_CONTEXT(2) 
PARAMETRIC_REPRESENTATION_CONTEXT() REPRESENTATION_CONTEXT('2D SPACE',''
  ) );
#1131 = ORIENTED_EDGE('',*,*,#1132,.T.);
#1132 = EDGE_CURVE('',#1107,#1133,#1135,.T.);
#1133 = VERTEX_POINT('',#1134);
#1134 = CARTESIAN_POINT('',(30.689080737277,-30.83029394663,66.));
#1135 = SURFACE_CURVE('',#1136,(#1140,#1146),.PCURVE_S1.);
#1136 = LINE('',#1137,#1138);
#1137 = CARTESIAN_POINT('',(23.137368017593,-22.10790723093,66.));
#1138 = VECTOR('',#1139,1.);
#1139 = DIRECTION('',(0.65454986383,-0.75601883294,0.));
#1140 = PCURVE('',#197,#1141);
#1141 = DEFINITIONAL_REPRESENTATION('',(#1142),#1145);
#1142 = B_SPLINE_CURVE_WITH_KNOTS('',1,(#1143,#1144),.UNSPECIFIED.,.F.,
  .F.,(2,2),(5.382150719029,31.858555308776),.PIECEWISE_BEZIER_KNOTS.);
#1143 = CARTESIAN_POINT('',(26.660254037844,-26.17691453624));
#1144 = CARTESIAN_POINT('',(43.990381056767,-46.19357503463));
#1145 = ( GEOMETRIC_REPRESENTATION_CONTEXT(2) 
PARAMETRIC_REPRESENTATION_CONTEXT() REPRESENTATION_CONTEXT('2D SPACE',''
  ) );
#1146 = PCURVE('',#1147,#1152);
#1147 = PLANE('',#1148);
#1148 = AXIS2_PLACEMENT_3D('',#1149,#1150,#1151);
#1149 = CARTESIAN_POINT('',(43.990381056767,-46.19357503463,52.));
#1150 = DIRECTION('',(-0.75601883294,-0.65454986383,0.));
#1151 = DIRECTION('',(-0.65454986383,0.75601883294,0.));
#1152 = DEFINITIONAL_REPRESENTATION('',(#1153),#1156);
#1153 = B_SPLINE_CURVE_WITH_KNOTS('',1,(#1154,#1155),.UNSPECIFIED.,.F.,
  .F.,(2,2),(5.382150719029,31.858555308776),.PIECEWISE_BEZIER_KNOTS.);
#1154 = CARTESIAN_POINT('',(26.476404589747,-14.));
#1155 = CARTESIAN_POINT('',(0.,-14.));
#1156 = ( GEOMETRIC_REPRESENTATION_CONTEXT(2) 
PARAMETRIC_REPRESENTATION_CONTEXT() REPRESENTATION_CONTEXT('2D SPACE',''
  ) );
#1157 = ORIENTED_EDGE('',*,*,#1158,.T.);
#1158 = EDGE_CURVE('',#1133,#1159,#1161,.T.);
#1159 = VERTEX_POINT('',#1160);
#1160 = CARTESIAN_POINT('',(41.855339059327,-35.35533905932,66.));
#1161 = SURFACE_CURVE('',#1162,(#1167,#1178),.PCURVE_S1.);
#1162 = CIRCLE('',#1163,6.5);
#1163 = AXIS2_PLACEMENT_3D('',#1164,#1165,#1166);
#1164 = CARTESIAN_POINT('',(35.355339059327,-35.35533905932,66.));
#1165 = DIRECTION('',(0.,0.,-1.));
#1166 = DIRECTION('',(1.,0.,0.));
#1167 = PCURVE('',#197,#1168);
#1168 = DEFINITIONAL_REPRESENTATION('',(#1169),#1177);
#1169 = ( BOUNDED_CURVE() B_SPLINE_CURVE(2,(#1170,#1171,#1172,#1173,
#1174,#1175,#1176),.UNSPECIFIED.,.T.,.F.) B_SPLINE_CURVE_WITH_KNOTS((1,2
    ,2,2,2,1),(-2.094395102393,0.,2.094395102393,4.188790204786,
6.28318530718,8.377580409573),.UNSPECIFIED.) CURVE() 
GEOMETRIC_REPRESENTATION_ITEM() RATIONAL_B_SPLINE_CURVE((1.,0.5,1.,0.5,
1.,0.5,1.)) REPRESENTATION_ITEM('') );
#1170 = CARTESIAN_POINT('',(41.855339059327,-35.35533905932));
#1171 = CARTESIAN_POINT('',(41.855339059327,-46.61366930852));
#1172 = CARTESIAN_POINT('',(32.105339059327,-40.98450418392));
#1173 = CARTESIAN_POINT('',(22.355339059327,-35.35533905932));
#1174 = CARTESIAN_POINT('',(32.105339059327,-29.72617393472));
#1175 = CARTESIAN_POINT('',(41.855339059327,-24.09700881013));
#1176 = CARTESIAN_POINT('',(41.855339059327,-35.35533905932));
#1177 = ( GEOMETRIC_REPRESENTATION_CONTEXT(2) 
PARAMETRIC_REPRESENTATION_CONTEXT() REPRESENTATION_CONTEXT('2D SPACE',''
  ) );
#1178 = PCURVE('',#1179,#1184);
#1179 = CYLINDRICAL_SURFACE('',#1180,6.5);
#1180 = AXIS2_PLACEMENT_3D('',#1181,#1182,#1183);
#1181 = CARTESIAN_POINT('',(35.355339059327,-35.35533905932,25.));
#1182 = DIRECTION('',(-0.,-0.,-1.));
#1183 = DIRECTION('',(1.,0.,0.));
#1184 = DEFINITIONAL_REPRESENTATION('',(#1185),#1189);
#1185 = LINE('',#1186,#1187);
#1186 = CARTESIAN_POINT('',(-6.28318530718,-41.));
#1187 = VECTOR('',#1188,1.);
#1188 = DIRECTION('',(1.,-0.));
#1189 = ( GEOMETRIC_REPRESENTATION_CONTEXT(2) 
PARAMETRIC_REPRESENTATION_CONTEXT() REPRESENTATION_CONTEXT('2D SPACE',''
  ) );
#1190 = ORIENTED_EDGE('',*,*,#1191,.T.);
#1191 = EDGE_CURVE('',#1159,#1192,#1194,.T.);
#1192 = VERTEX_POINT('',#1193);
#1193 = CARTESIAN_POINT('',(39.165917864973,-40.62121877367,66.));
#1194 = SURFACE_CURVE('',#1195,(#1200,#1211),.PCURVE_S1.);
#1195 = CIRCLE('',#1196,6.5);
#1196 = AXIS2_PLACEMENT_3D('',#1197,#1198,#1199);
#1197 = CARTESIAN_POINT('',(35.355339059327,-35.35533905932,66.));
#1198 = DIRECTION('',(0.,0.,-1.));
#1199 = DIRECTION('',(1.,0.,0.));
#1200 = PCURVE('',#197,#1201);
#1201 = DEFINITIONAL_REPRESENTATION('',(#1202),#1210);
#1202 = ( BOUNDED_CURVE() B_SPLINE_CURVE(2,(#1203,#1204,#1205,#1206,
#1207,#1208,#1209),.UNSPECIFIED.,.T.,.F.) B_SPLINE_CURVE_WITH_KNOTS((1,2
    ,2,2,2,1),(-2.094395102393,0.,2.094395102393,4.188790204786,
6.28318530718,8.377580409573),.UNSPECIFIED.) CURVE() 
GEOMETRIC_REPRESENTATION_ITEM() RATIONAL_B_SPLINE_CURVE((1.,0.5,1.,0.5,
1.,0.5,1.)) REPRESENTATION_ITEM('') );
#1203 = CARTESIAN_POINT('',(41.855339059327,-35.35533905932));
#1204 = CARTESIAN_POINT('',(41.855339059327,-46.61366930852));
#1205 = CARTESIAN_POINT('',(32.105339059327,-40.98450418392));
#1206 = CARTESIAN_POINT('',(22.355339059327,-35.35533905932));
#1207 = CARTESIAN_POINT('',(32.105339059327,-29.72617393472));
#1208 = CARTESIAN_POINT('',(41.855339059327,-24.09700881013));
#1209 = CARTESIAN_POINT('',(41.855339059327,-35.35533905932));
#1210 = ( GEOMETRIC_REPRESENTATION_CONTEXT(2) 
PARAMETRIC_REPRESENTATION_CONTEXT() REPRESENTATION_CONTEXT('2D SPACE',''
  ) );
#1211 = PCURVE('',#1179,#1212);
#1212 = DEFINITIONAL_REPRESENTATION('',(#1213),#1217);
#1213 = LINE('',#1214,#1215);
#1214 = CARTESIAN_POINT('',(-6.28318530718,-41.));
#1215 = VECTOR('',#1216,1.);
#1216 = DIRECTION('',(1.,-0.));
#1217 = ( GEOMETRIC_REPRESENTATION_CONTEXT(2) 
PARAMETRIC_REPRESENTATION_CONTEXT() REPRESENTATION_CONTEXT('2D SPACE',''
  ) );
#1218 = ORIENTED_EDGE('',*,*,#1219,.T.);
#1219 = EDGE_CURVE('',#1192,#1220,#1222,.T.);
#1220 = VERTEX_POINT('',#1221);
#1221 = CARTESIAN_POINT('',(43.990381056767,-46.19357503463,66.));
#1222 = SURFACE_CURVE('',#1223,(#1227,#1233),.PCURVE_S1.);
#1223 = LINE('',#1224,#1225);
#1224 = CARTESIAN_POINT('',(23.137368017593,-22.10790723093,66.));
#1225 = VECTOR('',#1226,1.);
#1226 = DIRECTION('',(0.65454986383,-0.75601883294,0.));
#1227 = PCURVE('',#197,#1228);
#1228 = DEFINITIONAL_REPRESENTATION('',(#1229),#1232);
#1229 = B_SPLINE_CURVE_WITH_KNOTS('',1,(#1230,#1231),.UNSPECIFIED.,.F.,
  .F.,(2,2),(5.382150719029,31.858555308776),.PIECEWISE_BEZIER_KNOTS.);
#1230 = CARTESIAN_POINT('',(26.660254037844,-26.17691453624));
#1231 = CARTESIAN_POINT('',(43.990381056767,-46.19357503463));
#1232 = ( GEOMETRIC_REPRESENTATION_CONTEXT(2) 
PARAMETRIC_REPRESENTATION_CONTEXT() REPRESENTATION_CONTEXT('2D SPACE',''
  ) );
#1233 = PCURVE('',#1234,#1239);
#1234 = PLANE('',#1235);
#1235 = AXIS2_PLACEMENT_3D('',#1236,#1237,#1238);
#1236 = CARTESIAN_POINT('',(43.990381056767,-46.19357503463,52.));
#1237 = DIRECTION('',(-0.75601883294,-0.65454986383,0.));
#1238 = DIRECTION('',(-0.65454986383,0.75601883294,0.));
#1239 = DEFINITIONAL_REPRESENTATION('',(#1240),#1243);
#1240 = B_SPLINE_CURVE_WITH_KNOTS('',1,(#1241,#1242),.UNSPECIFIED.,.F.,
  .F.,(2,2),(5.382150719029,31.858555308776),.PIECEWISE_BEZIER_KNOTS.);
#1241 = CARTESIAN_POINT('',(26.476404589747,-14.));
#1242 = CARTESIAN_POINT('',(0.,-14.));
#1243 = ( GEOMETRIC_REPRESENTATION_CONTEXT(2) 
PARAMETRIC_REPRESENTATION_CONTEXT() REPRESENTATION_CONTEXT('2D SPACE',''
  ) );
#1244 = ORIENTED_EDGE('',*,*,#1245,.T.);
#1245 = EDGE_CURVE('',#1220,#705,#1246,.T.);
#1246 = SURFACE_CURVE('',#1247,(#1251,#1257),.PCURVE_S1.);
#1247 = LINE('',#1248,#1249);
#1248 = CARTESIAN_POINT('',(56.462274344913,-66.49632893334,66.));
#1249 = VECTOR('',#1250,1.);
#1250 = DIRECTION('',(0.523424248922,-0.852072212691,0.));
#1251 = PCURVE('',#197,#1252);
#1252 = DEFINITIONAL_REPRESENTATION('',(#1253),#1256);
#1253 = B_SPLINE_CURVE_WITH_KNOTS('',1,(#1254,#1255),.UNSPECIFIED.,.F.,
  .F.,(2,2),(-23.82750381518,8.806379265617),.PIECEWISE_BEZIER_KNOTS.);
#1254 = CARTESIAN_POINT('',(43.990381056767,-46.19357503463));
#1255 = CARTESIAN_POINT('',(61.07174679774,-74.));
#1256 = ( GEOMETRIC_REPRESENTATION_CONTEXT(2) 
PARAMETRIC_REPRESENTATION_CONTEXT() REPRESENTATION_CONTEXT('2D SPACE',''
  ) );
#1257 = PCURVE('',#719,#1258);
#1258 = DEFINITIONAL_REPRESENTATION('',(#1259),#1262);
#1259 = B_SPLINE_CURVE_WITH_KNOTS('',1,(#1260,#1261),.UNSPECIFIED.,.F.,
  .F.,(2,2),(-23.82750381518,8.806379265617),.PIECEWISE_BEZIER_KNOTS.);
#1260 = CARTESIAN_POINT('',(110.04090148667,-14.));
#1261 = CARTESIAN_POINT('',(77.407018405874,-14.));
#1262 = ( GEOMETRIC_REPRESENTATION_CONTEXT(2) 
PARAMETRIC_REPRESENTATION_CONTEXT() REPRESENTATION_CONTEXT('2D SPACE',''
  ) );
#1263 = ORIENTED_EDGE('',*,*,#730,.T.);
#1264 = ORIENTED_EDGE('',*,*,#975,.T.);
#1265 = ORIENTED_EDGE('',*,*,#1266,.T.);
#1266 = EDGE_CURVE('',#976,#1267,#1269,.T.);
#1267 = VERTEX_POINT('',#1268);
#1268 = CARTESIAN_POINT('',(36.,-10.,66.));
#1269 = SURFACE_CURVE('',#1270,(#1274,#1280),.PCURVE_S1.);
#1270 = LINE('',#1271,#1272);
#1271 = CARTESIAN_POINT('',(17.714693295292,-6.483594864479,66.));
#1272 = VECTOR('',#1273,1.);
#1273 = DIRECTION('',(-0.982006446981,0.18884739365,0.));
#1274 = PCURVE('',#197,#1275);
#1275 = DEFINITIONAL_REPRESENTATION('',(#1276),#1279);
#1276 = B_SPLINE_CURVE_WITH_KNOTS('',1,(#1277,#1278),.UNSPECIFIED.,.F.,
  .F.,(2,2),(-45.09675760365,-18.6203530139),.PIECEWISE_BEZIER_KNOTS.);
#1277 = CARTESIAN_POINT('',(62.,-15.));
#1278 = CARTESIAN_POINT('',(36.,-10.));
#1279 = ( GEOMETRIC_REPRESENTATION_CONTEXT(2) 
PARAMETRIC_REPRESENTATION_CONTEXT() REPRESENTATION_CONTEXT('2D SPACE',''
  ) );
#1280 = PCURVE('',#1012,#1281);
#1281 = DEFINITIONAL_REPRESENTATION('',(#1282),#1285);
#1282 = B_SPLINE_CURVE_WITH_KNOTS('',1,(#1283,#1284),.UNSPECIFIED.,.F.,
  .F.,(2,2),(-45.09675760365,-18.6203530139),.PIECEWISE_BEZIER_KNOTS.);
#1283 = CARTESIAN_POINT('',(26.476404589747,-14.));
#1284 = CARTESIAN_POINT('',(0.,-14.));
#1285 = ( GEOMETRIC_REPRESENTATION_CONTEXT(2) 
PARAMETRIC_REPRESENTATION_CONTEXT() REPRESENTATION_CONTEXT('2D SPACE',''
  ) );
#1286 = ORIENTED_EDGE('',*,*,#1287,.T.);
#1287 = EDGE_CURVE('',#1267,#1288,#1290,.T.);
#1288 = VERTEX_POINT('',#1289);
#1289 = CARTESIAN_POINT('',(36.,10.,66.));
#1290 = SURFACE_CURVE('',#1291,(#1295,#1301),.PCURVE_S1.);
#1291 = LINE('',#1292,#1293);
#1292 = CARTESIAN_POINT('',(36.,5.,66.));
#1293 = VECTOR('',#1294,1.);
#1294 = DIRECTION('',(-0.,1.,0.));
#1295 = PCURVE('',#197,#1296);
#1296 = DEFINITIONAL_REPRESENTATION('',(#1297),#1300);
#1297 = B_SPLINE_CURVE_WITH_KNOTS('',1,(#1298,#1299),.UNSPECIFIED.,.F.,
  .F.,(2,2),(-15.,5.),.PIECEWISE_BEZIER_KNOTS.);
#1298 = CARTESIAN_POINT('',(36.,-10.));
#1299 = CARTESIAN_POINT('',(36.,10.));
#1300 = ( GEOMETRIC_REPRESENTATION_CONTEXT(2) 
PARAMETRIC_REPRESENTATION_CONTEXT() REPRESENTATION_CONTEXT('2D SPACE',''
  ) );
#1301 = PCURVE('',#1302,#1307);
#1302 = PLANE('',#1303);
#1303 = AXIS2_PLACEMENT_3D('',#1304,#1305,#1306);
#1304 = CARTESIAN_POINT('',(36.,10.,52.));
#1305 = DIRECTION('',(1.,0.,-0.));
#1306 = DIRECTION('',(0.,-1.,0.));
#1307 = DEFINITIONAL_REPRESENTATION('',(#1308),#1311);
#1308 = B_SPLINE_CURVE_WITH_KNOTS('',1,(#1309,#1310),.UNSPECIFIED.,.F.,
  .F.,(2,2),(-15.,5.),.PIECEWISE_BEZIER_KNOTS.);
#1309 = CARTESIAN_POINT('',(20.,-14.));
#1310 = CARTESIAN_POINT('',(0.,-14.));
#1311 = ( GEOMETRIC_REPRESENTATION_CONTEXT(2) 
PARAMETRIC_REPRESENTATION_CONTEXT() REPRESENTATION_CONTEXT('2D SPACE',''
  ) );
#1312 = ORIENTED_EDGE('',*,*,#1313,.T.);
#1313 = EDGE_CURVE('',#1288,#1314,#1316,.T.);
#1314 = VERTEX_POINT('',#1315);
#1315 = CARTESIAN_POINT('',(62.,15.,66.));
#1316 = SURFACE_CURVE('',#1317,(#1321,#1327),.PCURVE_S1.);
#1317 = LINE('',#1318,#1319);
#1318 = CARTESIAN_POINT('',(30.714693295292,8.983594864479,66.));
#1319 = VECTOR('',#1320,1.);
#1320 = DIRECTION('',(0.982006446981,0.18884739365,-0.));
#1321 = PCURVE('',#197,#1322);
#1322 = DEFINITIONAL_REPRESENTATION('',(#1323),#1326);
#1323 = B_SPLINE_CURVE_WITH_KNOTS('',1,(#1324,#1325),.UNSPECIFIED.,.F.,
  .F.,(2,2),(5.382150719029,31.858555308776),.PIECEWISE_BEZIER_KNOTS.);
#1324 = CARTESIAN_POINT('',(36.,10.));
#1325 = CARTESIAN_POINT('',(62.,15.));
#1326 = ( GEOMETRIC_REPRESENTATION_CONTEXT(2) 
PARAMETRIC_REPRESENTATION_CONTEXT() REPRESENTATION_CONTEXT('2D SPACE',''
  ) );
#1327 = PCURVE('',#1328,#1333);
#1328 = PLANE('',#1329);
#1329 = AXIS2_PLACEMENT_3D('',#1330,#1331,#1332);
#1330 = CARTESIAN_POINT('',(62.,15.,52.));
#1331 = DIRECTION('',(0.18884739365,-0.982006446981,0.));
#1332 = DIRECTION('',(-0.982006446981,-0.18884739365,0.));
#1333 = DEFINITIONAL_REPRESENTATION('',(#1334),#1337);
#1334 = B_SPLINE_CURVE_WITH_KNOTS('',1,(#1335,#1336),.UNSPECIFIED.,.F.,
  .F.,(2,2),(5.382150719029,31.858555308776),.PIECEWISE_BEZIER_KNOTS.);
#1335 = CARTESIAN_POINT('',(26.476404589747,-14.));
#1336 = CARTESIAN_POINT('',(0.,-14.));
#1337 = ( GEOMETRIC_REPRESENTATION_CONTEXT(2) 
PARAMETRIC_REPRESENTATION_CONTEXT() REPRESENTATION_CONTEXT('2D SPACE',''
  ) );
#1338 = ORIENTED_EDGE('',*,*,#1339,.T.);
#1339 = EDGE_CURVE('',#1314,#155,#1340,.T.);
#1340 = SURFACE_CURVE('',#1341,(#1345,#1351),.PCURVE_S1.);
#1341 = LINE('',#1342,#1343);
#1342 = CARTESIAN_POINT('',(85.818647287142,15.649599471468,66.));
#1343 = VECTOR('',#1344,1.);
#1344 = DIRECTION('',(0.99962830651,2.726259017756E-02,-0.));
#1345 = PCURVE('',#197,#1346);
#1346 = DEFINITIONAL_REPRESENTATION('',(#1347),#1350);
#1347 = B_SPLINE_CURVE_WITH_KNOTS('',1,(#1348,#1349),.UNSPECIFIED.,.F.,
  .F.,(2,2),(-23.82750381518,-11.82304183481),.PIECEWISE_BEZIER_KNOTS.);
#1348 = CARTESIAN_POINT('',(62.,15.));
#1349 = CARTESIAN_POINT('',(74.,15.327272727273));
#1350 = ( GEOMETRIC_REPRESENTATION_CONTEXT(2) 
PARAMETRIC_REPRESENTATION_CONTEXT() REPRESENTATION_CONTEXT('2D SPACE',''
  ) );
#1351 = PCURVE('',#169,#1352);
#1352 = DEFINITIONAL_REPRESENTATION('',(#1353),#1356);
#1353 = B_SPLINE_CURVE_WITH_KNOTS('',1,(#1354,#1355),.UNSPECIFIED.,.F.,
  .F.,(2,2),(-23.82750381518,-11.82304183481),.PIECEWISE_BEZIER_KNOTS.);
#1354 = CARTESIAN_POINT('',(110.04090148667,-14.));
#1355 = CARTESIAN_POINT('',(98.03643950631,-14.));
#1356 = ( GEOMETRIC_REPRESENTATION_CONTEXT(2) 
PARAMETRIC_REPRESENTATION_CONTEXT() REPRESENTATION_CONTEXT('2D SPACE',''
  ) );
#1357 = ORIENTED_EDGE('',*,*,#180,.T.);
#1358 = ORIENTED_EDGE('',*,*,#1359,.T.);
#1359 = EDGE_CURVE('',#181,#1360,#1362,.T.);
#1360 = VERTEX_POINT('',#1361);
#1361 = CARTESIAN_POINT('',(43.990381056767,46.193575034635,66.));
#1362 = SURFACE_CURVE('',#1363,(#1367,#1373),.PCURVE_S1.);
#1363 = LINE('',#1364,#1365);
#1364 = CARTESIAN_POINT('',(27.663236239237,19.614931725203,66.));
#1365 = VECTOR('',#1366,1.);
#1366 = DIRECTION('',(-0.523424248922,-0.852072212691,0.));
#1367 = PCURVE('',#197,#1368);
#1368 = DEFINITIONAL_REPRESENTATION('',(#1369),#1372);
#1369 = B_SPLINE_CURVE_WITH_KNOTS('',1,(#1370,#1371),.UNSPECIFIED.,.F.,
  .F.,(2,2),(-63.82683000895,-31.19294692815),.PIECEWISE_BEZIER_KNOTS.);
#1370 = CARTESIAN_POINT('',(61.07174679774,74.));
#1371 = CARTESIAN_POINT('',(43.990381056767,46.193575034635));
#1372 = ( GEOMETRIC_REPRESENTATION_CONTEXT(2) 
PARAMETRIC_REPRESENTATION_CONTEXT() REPRESENTATION_CONTEXT('2D SPACE',''
  ) );
#1373 = PCURVE('',#224,#1374);
#1374 = DEFINITIONAL_REPRESENTATION('',(#1375),#1378);
#1375 = B_SPLINE_CURVE_WITH_KNOTS('',1,(#1376,#1377),.UNSPECIFIED.,.F.,
  .F.,(2,2),(-63.82683000895,-31.19294692815),.PIECEWISE_BEZIER_KNOTS.);
#1376 = CARTESIAN_POINT('',(32.633883080801,-14.));
#1377 = CARTESIAN_POINT('',(0.,-14.));
#1378 = ( GEOMETRIC_REPRESENTATION_CONTEXT(2) 
PARAMETRIC_REPRESENTATION_CONTEXT() REPRESENTATION_CONTEXT('2D SPACE',''
  ) );
#1379 = ORIENTED_EDGE('',*,*,#1380,.T.);
#1380 = EDGE_CURVE('',#1360,#1381,#1383,.T.);
#1381 = VERTEX_POINT('',#1382);
#1382 = CARTESIAN_POINT('',(39.165917864973,40.621218773674,66.));
#1383 = SURFACE_CURVE('',#1384,(#1388,#1394),.PCURVE_S1.);
#1384 = LINE('',#1385,#1386);
#1385 = CARTESIAN_POINT('',(14.472304508132,12.099576981733,66.));
#1386 = VECTOR('',#1387,1.);
#1387 = DIRECTION('',(-0.65454986383,-0.75601883294,0.));
#1388 = PCURVE('',#197,#1389);
#1389 = DEFINITIONAL_REPRESENTATION('',(#1390),#1393);
#1390 = B_SPLINE_CURVE_WITH_KNOTS('',1,(#1391,#1392),.UNSPECIFIED.,.F.,
  .F.,(2,2),(-45.09675760365,-18.6203530139),.PIECEWISE_BEZIER_KNOTS.);
#1391 = CARTESIAN_POINT('',(43.990381056767,46.193575034635));
#1392 = CARTESIAN_POINT('',(26.660254037844,26.17691453624));
#1393 = ( GEOMETRIC_REPRESENTATION_CONTEXT(2) 
PARAMETRIC_REPRESENTATION_CONTEXT() REPRESENTATION_CONTEXT('2D SPACE',''
  ) );
#1394 = PCURVE('',#1395,#1400);
#1395 = PLANE('',#1396);
#1396 = AXIS2_PLACEMENT_3D('',#1397,#1398,#1399);
#1397 = CARTESIAN_POINT('',(26.660254037844,26.17691453624,52.));
#1398 = DIRECTION('',(-0.75601883294,0.65454986383,0.));
#1399 = DIRECTION('',(0.65454986383,0.75601883294,0.));
#1400 = DEFINITIONAL_REPRESENTATION('',(#1401),#1404);
#1401 = B_SPLINE_CURVE_WITH_KNOTS('',1,(#1402,#1403),.UNSPECIFIED.,.F.,
  .F.,(2,2),(-45.09675760365,-18.6203530139),.PIECEWISE_BEZIER_KNOTS.);
#1402 = CARTESIAN_POINT('',(26.476404589747,-14.));
#1403 = CARTESIAN_POINT('',(0.,-14.));
#1404 = ( GEOMETRIC_REPRESENTATION_CONTEXT(2) 
PARAMETRIC_REPRESENTATION_CONTEXT() REPRESENTATION_CONTEXT('2D SPACE',''
  ) );
#1405 = ORIENTED_EDGE('',*,*,#1406,.T.);
#1406 = EDGE_CURVE('',#1381,#1407,#1409,.T.);
#1407 = VERTEX_POINT('',#1408);
#1408 = CARTESIAN_POINT('',(41.855339059327,35.355339059327,66.));
#1409 = SURFACE_CURVE('',#1410,(#1415,#1426),.PCURVE_S1.);
#1410 = CIRCLE('',#1411,6.5);
#1411 = AXIS2_PLACEMENT_3D('',#1412,#1413,#1414);
#1412 = CARTESIAN_POINT('',(35.355339059327,35.355339059327,66.));
#1413 = DIRECTION('',(0.,0.,-1.));
#1414 = DIRECTION('',(1.,0.,0.));
#1415 = PCURVE('',#197,#1416);
#1416 = DEFINITIONAL_REPRESENTATION('',(#1417),#1425);
#1417 = ( BOUNDED_CURVE() B_SPLINE_CURVE(2,(#1418,#1419,#1420,#1421,
#1422,#1423,#1424),.UNSPECIFIED.,.T.,.F.) B_SPLINE_CURVE_WITH_KNOTS((1,2
    ,2,2,2,1),(-2.094395102393,0.,2.094395102393,4.188790204786,
6.28318530718,8.377580409573),.UNSPECIFIED.) CURVE() 
GEOMETRIC_REPRESENTATION_ITEM() RATIONAL_B_SPLINE_CURVE((1.,0.5,1.,0.5,
1.,0.5,1.)) REPRESENTATION_ITEM('') );
#1418 = CARTESIAN_POINT('',(41.855339059327,35.355339059327));
#1419 = CARTESIAN_POINT('',(41.855339059327,24.09700881013));
#1420 = CARTESIAN_POINT('',(32.105339059327,29.726173934729));
#1421 = CARTESIAN_POINT('',(22.355339059327,35.355339059327));
#1422 = CARTESIAN_POINT('',(32.105339059327,40.984504183926));
#1423 = CARTESIAN_POINT('',(41.855339059327,46.613669308525));
#1424 = CARTESIAN_POINT('',(41.855339059327,35.355339059327));
#1425 = ( GEOMETRIC_REPRESENTATION_CONTEXT(2) 
PARAMETRIC_REPRESENTATION_CONTEXT() REPRESENTATION_CONTEXT('2D SPACE',''
  ) );
#1426 = PCURVE('',#1427,#1432);
#1427 = CYLINDRICAL_SURFACE('',#1428,6.5);
#1428 = AXIS2_PLACEMENT_3D('',#1429,#1430,#1431);
#1429 = CARTESIAN_POINT('',(35.355339059327,35.355339059327,25.));
#1430 = DIRECTION('',(-0.,-0.,-1.));
#1431 = DIRECTION('',(1.,0.,0.));
#1432 = DEFINITIONAL_REPRESENTATION('',(#1433),#1437);
#1433 = LINE('',#1434,#1435);
#1434 = CARTESIAN_POINT('',(-6.28318530718,-41.));
#1435 = VECTOR('',#1436,1.);
#1436 = DIRECTION('',(1.,-0.));
#1437 = ( GEOMETRIC_REPRESENTATION_CONTEXT(2) 
PARAMETRIC_REPRESENTATION_CONTEXT() REPRESENTATION_CONTEXT('2D SPACE',''
  ) );
#1438 = ORIENTED_EDGE('',*,*,#1439,.T.);
#1439 = EDGE_CURVE('',#1407,#1440,#1442,.T.);
#1440 = VERTEX_POINT('',#1441);
#1441 = CARTESIAN_POINT('',(30.689080737277,30.830293946636,66.));
#1442 = SURFACE_CURVE('',#1443,(#1448,#1459),.PCURVE_S1.);
#1443 = CIRCLE('',#1444,6.5);
#1444 = AXIS2_PLACEMENT_3D('',#1445,#1446,#1447);
#1445 = CARTESIAN_POINT('',(35.355339059327,35.355339059327,66.));
#1446 = DIRECTION('',(0.,0.,-1.));
#1447 = DIRECTION('',(1.,0.,0.));
#1448 = PCURVE('',#197,#1449);
#1449 = DEFINITIONAL_REPRESENTATION('',(#1450),#1458);
#1450 = ( BOUNDED_CURVE() B_SPLINE_CURVE(2,(#1451,#1452,#1453,#1454,
#1455,#1456,#1457),.UNSPECIFIED.,.T.,.F.) B_SPLINE_CURVE_WITH_KNOTS((1,2
    ,2,2,2,1),(-2.094395102393,0.,2.094395102393,4.188790204786,
6.28318530718,8.377580409573),.UNSPECIFIED.) CURVE() 
GEOMETRIC_REPRESENTATION_ITEM() RATIONAL_B_SPLINE_CURVE((1.,0.5,1.,0.5,
1.,0.5,1.)) REPRESENTATION_ITEM('') );
#1451 = CARTESIAN_POINT('',(41.855339059327,35.355339059327));
#1452 = CARTESIAN_POINT('',(41.855339059327,24.09700881013));
#1453 = CARTESIAN_POINT('',(32.105339059327,29.726173934729));
#1454 = CARTESIAN_POINT('',(22.355339059327,35.355339059327));
#1455 = CARTESIAN_POINT('',(32.105339059327,40.984504183926));
#1456 = CARTESIAN_POINT('',(41.855339059327,46.613669308525));
#1457 = CARTESIAN_POINT('',(41.855339059327,35.355339059327));
#1458 = ( GEOMETRIC_REPRESENTATION_CONTEXT(2) 
PARAMETRIC_REPRESENTATION_CONTEXT() REPRESENTATION_CONTEXT('2D SPACE',''
  ) );
#1459 = PCURVE('',#1427,#1460);
#1460 = DEFINITIONAL_REPRESENTATION('',(#1461),#1465);
#1461 = LINE('',#1462,#1463);
#1462 = CARTESIAN_POINT('',(-6.28318530718,-41.));
#1463 = VECTOR('',#1464,1.);
#1464 = DIRECTION('',(1.,-0.));
#1465 = ( GEOMETRIC_REPRESENTATION_CONTEXT(2) 
PARAMETRIC_REPRESENTATION_CONTEXT() REPRESENTATION_CONTEXT('2D SPACE',''
  ) );
#1466 = ORIENTED_EDGE('',*,*,#1467,.T.);
#1467 = EDGE_CURVE('',#1440,#1468,#1470,.T.);
#1468 = VERTEX_POINT('',#1469);
#1469 = CARTESIAN_POINT('',(26.660254037844,26.17691453624,66.));
#1470 = SURFACE_CURVE('',#1471,(#1475,#1481),.PCURVE_S1.);
#1471 = LINE('',#1472,#1473);
#1472 = CARTESIAN_POINT('',(14.472304508132,12.099576981733,66.));
#1473 = VECTOR('',#1474,1.);
#1474 = DIRECTION('',(-0.65454986383,-0.75601883294,0.));
#1475 = PCURVE('',#197,#1476);
#1476 = DEFINITIONAL_REPRESENTATION('',(#1477),#1480);
#1477 = B_SPLINE_CURVE_WITH_KNOTS('',1,(#1478,#1479),.UNSPECIFIED.,.F.,
  .F.,(2,2),(-45.09675760365,-18.6203530139),.PIECEWISE_BEZIER_KNOTS.);
#1478 = CARTESIAN_POINT('',(43.990381056767,46.193575034635));
#1479 = CARTESIAN_POINT('',(26.660254037844,26.17691453624));
#1480 = ( GEOMETRIC_REPRESENTATION_CONTEXT(2) 
PARAMETRIC_REPRESENTATION_CONTEXT() REPRESENTATION_CONTEXT('2D SPACE',''
  ) );
#1481 = PCURVE('',#1482,#1487);
#1482 = PLANE('',#1483);
#1483 = AXIS2_PLACEMENT_3D('',#1484,#1485,#1486);
#1484 = CARTESIAN_POINT('',(26.660254037844,26.17691453624,52.));
#1485 = DIRECTION('',(-0.75601883294,0.65454986383,0.));
#1486 = DIRECTION('',(0.65454986383,0.75601883294,0.));
#1487 = DEFINITIONAL_REPRESENTATION('',(#1488),#1491);
#1488 = B_SPLINE_CURVE_WITH_KNOTS('',1,(#1489,#1490),.UNSPECIFIED.,.F.,
  .F.,(2,2),(-45.09675760365,-18.6203530139),.PIECEWISE_BEZIER_KNOTS.);
#1489 = CARTESIAN_POINT('',(26.476404589747,-14.));
#1490 = CARTESIAN_POINT('',(0.,-14.));
#1491 = ( GEOMETRIC_REPRESENTATION_CONTEXT(2) 
PARAMETRIC_REPRESENTATION_CONTEXT() REPRESENTATION_CONTEXT('2D SPACE',''
  ) );
#1492 = ORIENTED_EDGE('',*,*,#1493,.T.);
#1493 = EDGE_CURVE('',#1468,#1494,#1496,.T.);
#1494 = VERTEX_POINT('',#1495);
#1495 = CARTESIAN_POINT('',(9.339745962156,36.17691453624,66.));
#1496 = SURFACE_CURVE('',#1497,(#1501,#1507),.PCURVE_S1.);
#1497 = LINE('',#1498,#1499);
#1498 = CARTESIAN_POINT('',(13.669872981078,33.67691453624,66.));
#1499 = VECTOR('',#1500,1.);
#1500 = DIRECTION('',(-0.866025403784,0.5,0.));
#1501 = PCURVE('',#197,#1502);
#1502 = DEFINITIONAL_REPRESENTATION('',(#1503),#1506);
#1503 = B_SPLINE_CURVE_WITH_KNOTS('',1,(#1504,#1505),.UNSPECIFIED.,.F.,
  .F.,(2,2),(-15.,5.),.PIECEWISE_BEZIER_KNOTS.);
#1504 = CARTESIAN_POINT('',(26.660254037844,26.17691453624));
#1505 = CARTESIAN_POINT('',(9.339745962156,36.17691453624));
#1506 = ( GEOMETRIC_REPRESENTATION_CONTEXT(2) 
PARAMETRIC_REPRESENTATION_CONTEXT() REPRESENTATION_CONTEXT('2D SPACE',''
  ) );
#1507 = PCURVE('',#1508,#1513);
#1508 = PLANE('',#1509);
#1509 = AXIS2_PLACEMENT_3D('',#1510,#1511,#1512);
#1510 = CARTESIAN_POINT('',(9.339745962156,36.17691453624,52.));
#1511 = DIRECTION('',(0.5,0.866025403784,-0.));
#1512 = DIRECTION('',(0.866025403784,-0.5,0.));
#1513 = DEFINITIONAL_REPRESENTATION('',(#1514),#1517);
#1514 = B_SPLINE_CURVE_WITH_KNOTS('',1,(#1515,#1516),.UNSPECIFIED.,.F.,
  .F.,(2,2),(-15.,5.),.PIECEWISE_BEZIER_KNOTS.);
#1515 = CARTESIAN_POINT('',(20.,-14.));
#1516 = CARTESIAN_POINT('',(0.,-14.));
#1517 = ( GEOMETRIC_REPRESENTATION_CONTEXT(2) 
PARAMETRIC_REPRESENTATION_CONTEXT() REPRESENTATION_CONTEXT('2D SPACE',''
  ) );
#1518 = ORIENTED_EDGE('',*,*,#1519,.T.);
#1519 = EDGE_CURVE('',#1494,#1520,#1522,.T.);
#1520 = VERTEX_POINT('',#1521);
#1521 = CARTESIAN_POINT('',(18.009618943233,61.193575034635,66.));
#1522 = SURFACE_CURVE('',#1523,(#1527,#1533),.PCURVE_S1.);
#1523 = LINE('',#1524,#1525);
#1524 = CARTESIAN_POINT('',(7.5773252777,31.09150209541,66.));
#1525 = VECTOR('',#1526,1.);
#1526 = DIRECTION('',(0.327456583151,0.94486622659,-0.));
#1527 = PCURVE('',#197,#1528);
#1528 = DEFINITIONAL_REPRESENTATION('',(#1529),#1532);
#1529 = B_SPLINE_CURVE_WITH_KNOTS('',1,(#1530,#1531),.UNSPECIFIED.,.F.,
  .F.,(2,2),(5.382150719029,31.858555308776),.PIECEWISE_BEZIER_KNOTS.);
#1530 = CARTESIAN_POINT('',(9.339745962156,36.17691453624));
#1531 = CARTESIAN_POINT('',(18.009618943233,61.193575034635));
#1532 = ( GEOMETRIC_REPRESENTATION_CONTEXT(2) 
PARAMETRIC_REPRESENTATION_CONTEXT() REPRESENTATION_CONTEXT('2D SPACE',''
  ) );
#1533 = PCURVE('',#1534,#1539);
#1534 = PLANE('',#1535);
#1535 = AXIS2_PLACEMENT_3D('',#1536,#1537,#1538);
#1536 = CARTESIAN_POINT('',(18.009618943233,61.193575034635,52.));
#1537 = DIRECTION('',(0.94486622659,-0.327456583151,0.));
#1538 = DIRECTION('',(-0.327456583151,-0.94486622659,0.));
#1539 = DEFINITIONAL_REPRESENTATION('',(#1540),#1543);
#1540 = B_SPLINE_CURVE_WITH_KNOTS('',1,(#1541,#1542),.UNSPECIFIED.,.F.,
  .F.,(2,2),(5.382150719029,31.858555308776),.PIECEWISE_BEZIER_KNOTS.);
#1541 = CARTESIAN_POINT('',(26.476404589747,-14.));
#1542 = CARTESIAN_POINT('',(0.,-14.));
#1543 = ( GEOMETRIC_REPRESENTATION_CONTEXT(2) 
PARAMETRIC_REPRESENTATION_CONTEXT() REPRESENTATION_CONTEXT('2D SPACE',''
  ) );
#1544 = ORIENTED_EDGE('',*,*,#1545,.T.);
#1545 = EDGE_CURVE('',#1520,#269,#1546,.T.);
#1546 = SURFACE_CURVE('',#1547,(#1551,#1557),.PCURVE_S1.);
#1547 = LINE('',#1548,#1549);
#1548 = CARTESIAN_POINT('',(29.356372942229,82.145928404815,66.));
#1549 = VECTOR('',#1550,1.);
#1550 = DIRECTION('',(0.476204057588,0.879334802869,-0.));
#1551 = PCURVE('',#197,#1552);
#1552 = DEFINITIONAL_REPRESENTATION('',(#1553),#1556);
#1553 = B_SPLINE_CURVE_WITH_KNOTS('',1,(#1554,#1555),.UNSPECIFIED.,.F.,
  .F.,(2,2),(-23.82750381518,-9.263739338235),.PIECEWISE_BEZIER_KNOTS.);
#1554 = CARTESIAN_POINT('',(18.009618943233,61.193575034635));
#1555 = CARTESIAN_POINT('',(24.944942680919,74.));
#1556 = ( GEOMETRIC_REPRESENTATION_CONTEXT(2) 
PARAMETRIC_REPRESENTATION_CONTEXT() REPRESENTATION_CONTEXT('2D SPACE',''
  ) );
#1557 = PCURVE('',#283,#1558);
#1558 = DEFINITIONAL_REPRESENTATION('',(#1559),#1562);
#1559 = B_SPLINE_CURVE_WITH_KNOTS('',1,(#1560,#1561),.UNSPECIFIED.,.F.,
  .F.,(2,2),(-23.82750381518,-9.263739338235),.PIECEWISE_BEZIER_KNOTS.);
#1560 = CARTESIAN_POINT('',(110.04090148667,-14.));
#1561 = CARTESIAN_POINT('',(95.477137009726,-14.));
#1562 = ( GEOMETRIC_REPRESENTATION_CONTEXT(2) 
PARAMETRIC_REPRESENTATION_CONTEXT() REPRESENTATION_CONTEXT('2D SPACE',''
  ) );
#1563 = ORIENTED_EDGE('',*,*,#294,.T.);
#1564 = ORIENTED_EDGE('',*,*,#1565,.T.);
#1565 = EDGE_CURVE('',#295,#1566,#1568,.T.);
#1566 = VERTEX_POINT('',#1567);
#1567 = CARTESIAN_POINT('',(-18.00961894323,61.193575034635,66.));
#1568 = SURFACE_CURVE('',#1569,(#1573,#1579),.PCURVE_S1.);
#1569 = LINE('',#1570,#1571);
#1570 = CARTESIAN_POINT('',(-3.155411047905,33.764531196671,66.));
#1571 = VECTOR('',#1572,1.);
#1572 = DIRECTION('',(0.476204057588,-0.879334802869,0.));
#1573 = PCURVE('',#197,#1574);
#1574 = DEFINITIONAL_REPRESENTATION('',(#1575),#1578);
#1575 = B_SPLINE_CURVE_WITH_KNOTS('',1,(#1576,#1577),.UNSPECIFIED.,.F.,
  .F.,(2,2),(-45.7567114051,-31.19294692815),.PIECEWISE_BEZIER_KNOTS.);
#1576 = CARTESIAN_POINT('',(-24.94494268091,74.));
#1577 = CARTESIAN_POINT('',(-18.00961894323,61.193575034635));
#1578 = ( GEOMETRIC_REPRESENTATION_CONTEXT(2) 
PARAMETRIC_REPRESENTATION_CONTEXT() REPRESENTATION_CONTEXT('2D SPACE',''
  ) );
#1579 = PCURVE('',#333,#1580);
#1580 = DEFINITIONAL_REPRESENTATION('',(#1581),#1584);
#1581 = B_SPLINE_CURVE_WITH_KNOTS('',1,(#1582,#1583),.UNSPECIFIED.,.F.,
  .F.,(2,2),(-45.7567114051,-31.19294692815),.PIECEWISE_BEZIER_KNOTS.);
#1582 = CARTESIAN_POINT('',(14.563764476948,-14.));
#1583 = CARTESIAN_POINT('',(0.,-14.));
#1584 = ( GEOMETRIC_REPRESENTATION_CONTEXT(2) 
PARAMETRIC_REPRESENTATION_CONTEXT() REPRESENTATION_CONTEXT('2D SPACE',''
  ) );
#1585 = ORIENTED_EDGE('',*,*,#1586,.T.);
#1586 = EDGE_CURVE('',#1566,#1587,#1589,.T.);
#1587 = VERTEX_POINT('',#1588);
#1588 = CARTESIAN_POINT('',(-9.339745962156,36.17691453624,66.));
#1589 = SURFACE_CURVE('',#1590,(#1594,#1600),.PCURVE_S1.);
#1590 = LINE('',#1591,#1592);
#1591 = CARTESIAN_POINT('',(-3.242388787161,18.583171846213,66.));
#1592 = VECTOR('',#1593,1.);
#1593 = DIRECTION('',(0.327456583151,-0.94486622659,0.));
#1594 = PCURVE('',#197,#1595);
#1595 = DEFINITIONAL_REPRESENTATION('',(#1596),#1599);
#1596 = B_SPLINE_CURVE_WITH_KNOTS('',1,(#1597,#1598),.UNSPECIFIED.,.F.,
  .F.,(2,2),(-45.09675760365,-18.6203530139),.PIECEWISE_BEZIER_KNOTS.);
#1597 = CARTESIAN_POINT('',(-18.00961894323,61.193575034635));
#1598 = CARTESIAN_POINT('',(-9.339745962156,36.17691453624));
#1599 = ( GEOMETRIC_REPRESENTATION_CONTEXT(2) 
PARAMETRIC_REPRESENTATION_CONTEXT() REPRESENTATION_CONTEXT('2D SPACE',''
  ) );
#1600 = PCURVE('',#1601,#1606);
#1601 = PLANE('',#1602);
#1602 = AXIS2_PLACEMENT_3D('',#1603,#1604,#1605);
#1603 = CARTESIAN_POINT('',(-9.339745962156,36.17691453624,52.));
#1604 = DIRECTION('',(-0.94486622659,-0.327456583151,0.));
#1605 = DIRECTION('',(-0.327456583151,0.94486622659,0.));
#1606 = DEFINITIONAL_REPRESENTATION('',(#1607),#1610);
#1607 = B_SPLINE_CURVE_WITH_KNOTS('',1,(#1608,#1609),.UNSPECIFIED.,.F.,
  .F.,(2,2),(-45.09675760365,-18.6203530139),.PIECEWISE_BEZIER_KNOTS.);
#1608 = CARTESIAN_POINT('',(26.476404589747,-14.));
#1609 = CARTESIAN_POINT('',(0.,-14.));
#1610 = ( GEOMETRIC_REPRESENTATION_CONTEXT(2) 
PARAMETRIC_REPRESENTATION_CONTEXT() REPRESENTATION_CONTEXT('2D SPACE',''
  ) );
#1611 = ORIENTED_EDGE('',*,*,#1612,.T.);
#1612 = EDGE_CURVE('',#1587,#1613,#1615,.T.);
#1613 = VERTEX_POINT('',#1614);
#1614 = CARTESIAN_POINT('',(-26.66025403784,26.17691453624,66.));
#1615 = SURFACE_CURVE('',#1616,(#1620,#1626),.PCURVE_S1.);
#1616 = LINE('',#1617,#1618);
#1617 = CARTESIAN_POINT('',(-22.33012701892,28.67691453624,66.));
#1618 = VECTOR('',#1619,1.);
#1619 = DIRECTION('',(-0.866025403784,-0.5,0.));
#1620 = PCURVE('',#197,#1621);
#1621 = DEFINITIONAL_REPRESENTATION('',(#1622),#1625);
#1622 = B_SPLINE_CURVE_WITH_KNOTS('',1,(#1623,#1624),.UNSPECIFIED.,.F.,
  .F.,(2,2),(-15.,5.),.PIECEWISE_BEZIER_KNOTS.);
#1623 = CARTESIAN_POINT('',(-9.339745962156,36.17691453624));
#1624 = CARTESIAN_POINT('',(-26.66025403784,26.17691453624));
#1625 = ( GEOMETRIC_REPRESENTATION_CONTEXT(2) 
PARAMETRIC_REPRESENTATION_CONTEXT() REPRESENTATION_CONTEXT('2D SPACE',''
  ) );
#1626 = PCURVE('',#1627,#1632);
#1627 = PLANE('',#1628);
#1628 = AXIS2_PLACEMENT_3D('',#1629,#1630,#1631);
#1629 = CARTESIAN_POINT('',(-26.66025403784,26.17691453624,52.));
#1630 = DIRECTION('',(-0.5,0.866025403784,0.));
#1631 = DIRECTION('',(0.866025403784,0.5,0.));
#1632 = DEFINITIONAL_REPRESENTATION('',(#1633),#1636);
#1633 = B_SPLINE_CURVE_WITH_KNOTS('',1,(#1634,#1635),.UNSPECIFIED.,.F.,
  .F.,(2,2),(-15.,5.),.PIECEWISE_BEZIER_KNOTS.);
#1634 = CARTESIAN_POINT('',(20.,-14.));
#1635 = CARTESIAN_POINT('',(0.,-14.));
#1636 = ( GEOMETRIC_REPRESENTATION_CONTEXT(2) 
PARAMETRIC_REPRESENTATION_CONTEXT() REPRESENTATION_CONTEXT('2D SPACE',''
  ) );
#1637 = ORIENTED_EDGE('',*,*,#1638,.T.);
#1638 = EDGE_CURVE('',#1613,#1639,#1641,.T.);
#1639 = VERTEX_POINT('',#1640);
#1640 = CARTESIAN_POINT('',(-30.68908073727,30.830293946636,66.));
#1641 = SURFACE_CURVE('',#1642,(#1646,#1652),.PCURVE_S1.);
#1642 = LINE('',#1643,#1644);
#1643 = CARTESIAN_POINT('',(-23.13736801759,22.107907230931,66.));
#1644 = VECTOR('',#1645,1.);
#1645 = DIRECTION('',(-0.65454986383,0.75601883294,0.));
#1646 = PCURVE('',#197,#1647);
#1647 = DEFINITIONAL_REPRESENTATION('',(#1648),#1651);
#1648 = B_SPLINE_CURVE_WITH_KNOTS('',1,(#1649,#1650),.UNSPECIFIED.,.F.,
  .F.,(2,2),(5.382150719029,31.858555308776),.PIECEWISE_BEZIER_KNOTS.);
#1649 = CARTESIAN_POINT('',(-26.66025403784,26.17691453624));
#1650 = CARTESIAN_POINT('',(-43.99038105676,46.193575034635));
#1651 = ( GEOMETRIC_REPRESENTATION_CONTEXT(2) 
PARAMETRIC_REPRESENTATION_CONTEXT() REPRESENTATION_CONTEXT('2D SPACE',''
  ) );
#1652 = PCURVE('',#1653,#1658);
#1653 = PLANE('',#1654);
#1654 = AXIS2_PLACEMENT_3D('',#1655,#1656,#1657);
#1655 = CARTESIAN_POINT('',(-43.99038105676,46.193575034635,52.));
#1656 = DIRECTION('',(0.75601883294,0.65454986383,-0.));
#1657 = DIRECTION('',(0.65454986383,-0.75601883294,0.));
#1658 = DEFINITIONAL_REPRESENTATION('',(#1659),#1662);
#1659 = B_SPLINE_CURVE_WITH_KNOTS('',1,(#1660,#1661),.UNSPECIFIED.,.F.,
  .F.,(2,2),(5.382150719029,31.858555308776),.PIECEWISE_BEZIER_KNOTS.);
#1660 = CARTESIAN_POINT('',(26.476404589747,-14.));
#1661 = CARTESIAN_POINT('',(0.,-14.));
#1662 = ( GEOMETRIC_REPRESENTATION_CONTEXT(2) 
PARAMETRIC_REPRESENTATION_CONTEXT() REPRESENTATION_CONTEXT('2D SPACE',''
  ) );
#1663 = ORIENTED_EDGE('',*,*,#1664,.T.);
#1664 = EDGE_CURVE('',#1639,#1665,#1667,.T.);
#1665 = VERTEX_POINT('',#1666);
#1666 = CARTESIAN_POINT('',(-39.16591786497,40.621218773674,66.));
#1667 = SURFACE_CURVE('',#1668,(#1673,#1684),.PCURVE_S1.);
#1668 = CIRCLE('',#1669,6.5);
#1669 = AXIS2_PLACEMENT_3D('',#1670,#1671,#1672);
#1670 = CARTESIAN_POINT('',(-35.35533905932,35.355339059327,66.));
#1671 = DIRECTION('',(0.,0.,-1.));
#1672 = DIRECTION('',(1.,0.,0.));
#1673 = PCURVE('',#197,#1674);
#1674 = DEFINITIONAL_REPRESENTATION('',(#1675),#1683);
#1675 = ( BOUNDED_CURVE() B_SPLINE_CURVE(2,(#1676,#1677,#1678,#1679,
#1680,#1681,#1682),.UNSPECIFIED.,.T.,.F.) B_SPLINE_CURVE_WITH_KNOTS((1,2
    ,2,2,2,1),(-2.094395102393,0.,2.094395102393,4.188790204786,
6.28318530718,8.377580409573),.UNSPECIFIED.) CURVE() 
GEOMETRIC_REPRESENTATION_ITEM() RATIONAL_B_SPLINE_CURVE((1.,0.5,1.,0.5,
1.,0.5,1.)) REPRESENTATION_ITEM('') );
#1676 = CARTESIAN_POINT('',(-28.85533905932,35.355339059327));
#1677 = CARTESIAN_POINT('',(-28.85533905932,24.09700881013));
#1678 = CARTESIAN_POINT('',(-38.60533905932,29.726173934729));
#1679 = CARTESIAN_POINT('',(-48.35533905932,35.355339059327));
#1680 = CARTESIAN_POINT('',(-38.60533905932,40.984504183926));
#1681 = CARTESIAN_POINT('',(-28.85533905932,46.613669308525));
#1682 = CARTESIAN_POINT('',(-28.85533905932,35.355339059327));
#1683 = ( GEOMETRIC_REPRESENTATION_CONTEXT(2) 
PARAMETRIC_REPRESENTATION_CONTEXT() REPRESENTATION_CONTEXT('2D SPACE',''
  ) );
#1684 = PCURVE('',#1685,#1690);
#1685 = CYLINDRICAL_SURFACE('',#1686,6.5);
#1686 = AXIS2_PLACEMENT_3D('',#1687,#1688,#1689);
#1687 = CARTESIAN_POINT('',(-35.35533905932,35.355339059327,25.));
#1688 = DIRECTION('',(-0.,-0.,-1.));
#1689 = DIRECTION('',(1.,0.,0.));
#1690 = DEFINITIONAL_REPRESENTATION('',(#1691),#1695);
#1691 = LINE('',#1692,#1693);
#1692 = CARTESIAN_POINT('',(-6.28318530718,-41.));
#1693 = VECTOR('',#1694,1.);
#1694 = DIRECTION('',(1.,-0.));
#1695 = ( GEOMETRIC_REPRESENTATION_CONTEXT(2) 
PARAMETRIC_REPRESENTATION_CONTEXT() REPRESENTATION_CONTEXT('2D SPACE',''
  ) );
#1696 = ORIENTED_EDGE('',*,*,#1697,.T.);
#1697 = EDGE_CURVE('',#1665,#1698,#1700,.T.);
#1698 = VERTEX_POINT('',#1699);
#1699 = CARTESIAN_POINT('',(-43.99038105676,46.193575034635,66.));
#1700 = SURFACE_CURVE('',#1701,(#1705,#1711),.PCURVE_S1.);
#1701 = LINE('',#1702,#1703);
#1702 = CARTESIAN_POINT('',(-23.13736801759,22.107907230931,66.));
#1703 = VECTOR('',#1704,1.);
#1704 = DIRECTION('',(-0.65454986383,0.75601883294,0.));
#1705 = PCURVE('',#197,#1706);
#1706 = DEFINITIONAL_REPRESENTATION('',(#1707),#1710);
#1707 = B_SPLINE_CURVE_WITH_KNOTS('',1,(#1708,#1709),.UNSPECIFIED.,.F.,
  .F.,(2,2),(5.382150719029,31.858555308776),.PIECEWISE_BEZIER_KNOTS.);
#1708 = CARTESIAN_POINT('',(-26.66025403784,26.17691453624));
#1709 = CARTESIAN_POINT('',(-43.99038105676,46.193575034635));
#1710 = ( GEOMETRIC_REPRESENTATION_CONTEXT(2) 
PARAMETRIC_REPRESENTATION_CONTEXT() REPRESENTATION_CONTEXT('2D SPACE',''
  ) );
#1711 = PCURVE('',#1712,#1717);
#1712 = PLANE('',#1713);
#1713 = AXIS2_PLACEMENT_3D('',#1714,#1715,#1716);
#1714 = CARTESIAN_POINT('',(-43.99038105676,46.193575034635,52.));
#1715 = DIRECTION('',(0.75601883294,0.65454986383,-0.));
#1716 = DIRECTION('',(0.65454986383,-0.75601883294,0.));
#1717 = DEFINITIONAL_REPRESENTATION('',(#1718),#1721);
#1718 = B_SPLINE_CURVE_WITH_KNOTS('',1,(#1719,#1720),.UNSPECIFIED.,.F.,
  .F.,(2,2),(5.382150719029,31.858555308776),.PIECEWISE_BEZIER_KNOTS.);
#1719 = CARTESIAN_POINT('',(26.476404589747,-14.));
#1720 = CARTESIAN_POINT('',(0.,-14.));
#1721 = ( GEOMETRIC_REPRESENTATION_CONTEXT(2) 
PARAMETRIC_REPRESENTATION_CONTEXT() REPRESENTATION_CONTEXT('2D SPACE',''
  ) );
#1722 = ORIENTED_EDGE('',*,*,#1723,.T.);
#1723 = EDGE_CURVE('',#1698,#378,#1724,.T.);
#1724 = SURFACE_CURVE('',#1725,(#1729,#1735),.PCURVE_S1.);
#1725 = LINE('',#1726,#1727);
#1726 = CARTESIAN_POINT('',(-56.46227434491,66.496328933348,66.));
#1727 = VECTOR('',#1728,1.);
#1728 = DIRECTION('',(-0.523424248922,0.852072212691,0.));
#1729 = PCURVE('',#197,#1730);
#1730 = DEFINITIONAL_REPRESENTATION('',(#1731),#1734);
#1731 = B_SPLINE_CURVE_WITH_KNOTS('',1,(#1732,#1733),.UNSPECIFIED.,.F.,
  .F.,(2,2),(-23.82750381518,8.806379265617),.PIECEWISE_BEZIER_KNOTS.);
#1732 = CARTESIAN_POINT('',(-43.99038105676,46.193575034635));
#1733 = CARTESIAN_POINT('',(-61.07174679774,74.));
#1734 = ( GEOMETRIC_REPRESENTATION_CONTEXT(2) 
PARAMETRIC_REPRESENTATION_CONTEXT() REPRESENTATION_CONTEXT('2D SPACE',''
  ) );
#1735 = PCURVE('',#392,#1736);
#1736 = DEFINITIONAL_REPRESENTATION('',(#1737),#1740);
#1737 = B_SPLINE_CURVE_WITH_KNOTS('',1,(#1738,#1739),.UNSPECIFIED.,.F.,
  .F.,(2,2),(-23.82750381518,8.806379265617),.PIECEWISE_BEZIER_KNOTS.);
#1738 = CARTESIAN_POINT('',(110.04090148667,-14.));
#1739 = CARTESIAN_POINT('',(77.407018405874,-14.));
#1740 = ( GEOMETRIC_REPRESENTATION_CONTEXT(2) 
PARAMETRIC_REPRESENTATION_CONTEXT() REPRESENTATION_CONTEXT('2D SPACE',''
  ) );
#1741 = ORIENTED_EDGE('',*,*,#403,.T.);
#1742 = ORIENTED_EDGE('',*,*,#1743,.T.);
#1743 = EDGE_CURVE('',#404,#1744,#1746,.T.);
#1744 = VERTEX_POINT('',#1745);
#1745 = CARTESIAN_POINT('',(-62.,15.,66.));
#1746 = SURFACE_CURVE('',#1747,(#1751,#1757),.PCURVE_S1.);
#1747 = LINE('',#1748,#1749);
#1748 = CARTESIAN_POINT('',(-30.81864728714,14.149599471468,66.));
#1749 = VECTOR('',#1750,1.);
#1750 = DIRECTION('',(0.99962830651,-2.726259017756E-02,0.));
#1751 = PCURVE('',#197,#1752);
#1752 = DEFINITIONAL_REPRESENTATION('',(#1753),#1756);
#1753 = B_SPLINE_CURVE_WITH_KNOTS('',1,(#1754,#1755),.UNSPECIFIED.,.F.,
  .F.,(2,2),(-43.19740890851,-31.19294692815),.PIECEWISE_BEZIER_KNOTS.);
#1754 = CARTESIAN_POINT('',(-74.,15.327272727273));
#1755 = CARTESIAN_POINT('',(-62.,15.));
#1756 = ( GEOMETRIC_REPRESENTATION_CONTEXT(2) 
PARAMETRIC_REPRESENTATION_CONTEXT() REPRESENTATION_CONTEXT('2D SPACE',''
  ) );
#1757 = PCURVE('',#442,#1758);
#1758 = DEFINITIONAL_REPRESENTATION('',(#1759),#1762);
#1759 = B_SPLINE_CURVE_WITH_KNOTS('',1,(#1760,#1761),.UNSPECIFIED.,.F.,
  .F.,(2,2),(-43.19740890851,-31.19294692815),.PIECEWISE_BEZIER_KNOTS.);
#1760 = CARTESIAN_POINT('',(12.004461980364,-14.));
#1761 = CARTESIAN_POINT('',(0.,-14.));
#1762 = ( GEOMETRIC_REPRESENTATION_CONTEXT(2) 
PARAMETRIC_REPRESENTATION_CONTEXT() REPRESENTATION_CONTEXT('2D SPACE',''
  ) );
#1763 = ORIENTED_EDGE('',*,*,#1764,.T.);
#1764 = EDGE_CURVE('',#1744,#1765,#1767,.T.);
#1765 = VERTEX_POINT('',#1766);
#1766 = CARTESIAN_POINT('',(-36.,10.,66.));
#1767 = SURFACE_CURVE('',#1768,(#1772,#1778),.PCURVE_S1.);
#1768 = LINE('',#1769,#1770);
#1769 = CARTESIAN_POINT('',(-17.71469329529,6.483594864479,66.));
#1770 = VECTOR('',#1771,1.);
#1771 = DIRECTION('',(0.982006446981,-0.18884739365,0.));
#1772 = PCURVE('',#197,#1773);
#1773 = DEFINITIONAL_REPRESENTATION('',(#1774),#1777);
#1774 = B_SPLINE_CURVE_WITH_KNOTS('',1,(#1775,#1776),.UNSPECIFIED.,.F.,
  .F.,(2,2),(-45.09675760365,-18.6203530139),.PIECEWISE_BEZIER_KNOTS.);
#1775 = CARTESIAN_POINT('',(-62.,15.));
#1776 = CARTESIAN_POINT('',(-36.,10.));
#1777 = ( GEOMETRIC_REPRESENTATION_CONTEXT(2) 
PARAMETRIC_REPRESENTATION_CONTEXT() REPRESENTATION_CONTEXT('2D SPACE',''
  ) );
#1778 = PCURVE('',#1779,#1784);
#1779 = PLANE('',#1780);
#1780 = AXIS2_PLACEMENT_3D('',#1781,#1782,#1783);
#1781 = CARTESIAN_POINT('',(-36.,10.,52.));
#1782 = DIRECTION('',(-0.18884739365,-0.982006446981,0.));
#1783 = DIRECTION('',(-0.982006446981,0.18884739365,0.));
#1784 = DEFINITIONAL_REPRESENTATION('',(#1785),#1788);
#1785 = B_SPLINE_CURVE_WITH_KNOTS('',1,(#1786,#1787),.UNSPECIFIED.,.F.,
  .F.,(2,2),(-45.09675760365,-18.6203530139),.PIECEWISE_BEZIER_KNOTS.);
#1786 = CARTESIAN_POINT('',(26.476404589747,-14.));
#1787 = CARTESIAN_POINT('',(0.,-14.));
#1788 = ( GEOMETRIC_REPRESENTATION_CONTEXT(2) 
PARAMETRIC_REPRESENTATION_CONTEXT() REPRESENTATION_CONTEXT('2D SPACE',''
  ) );
#1789 = ORIENTED_EDGE('',*,*,#1790,.T.);
#1790 = EDGE_CURVE('',#1765,#1791,#1793,.T.);
#1791 = VERTEX_POINT('',#1792);
#1792 = CARTESIAN_POINT('',(-36.,-10.,66.));
#1793 = SURFACE_CURVE('',#1794,(#1798,#1804),.PCURVE_S1.);
#1794 = LINE('',#1795,#1796);
#1795 = CARTESIAN_POINT('',(-36.,-5.,66.));
#1796 = VECTOR('',#1797,1.);
#1797 = DIRECTION('',(0.,-1.,0.));
#1798 = PCURVE('',#197,#1799);
#1799 = DEFINITIONAL_REPRESENTATION('',(#1800),#1803);
#1800 = B_SPLINE_CURVE_WITH_KNOTS('',1,(#1801,#1802),.UNSPECIFIED.,.F.,
  .F.,(2,2),(-15.,5.),.PIECEWISE_BEZIER_KNOTS.);
#1801 = CARTESIAN_POINT('',(-36.,10.));
#1802 = CARTESIAN_POINT('',(-36.,-10.));
#1803 = ( GEOMETRIC_REPRESENTATION_CONTEXT(2) 
PARAMETRIC_REPRESENTATION_CONTEXT() REPRESENTATION_CONTEXT('2D SPACE',''
  ) );
#1804 = PCURVE('',#1805,#1810);
#1805 = PLANE('',#1806);
#1806 = AXIS2_PLACEMENT_3D('',#1807,#1808,#1809);
#1807 = CARTESIAN_POINT('',(-36.,-10.,52.));
#1808 = DIRECTION('',(-1.,0.,0.));
#1809 = DIRECTION('',(0.,1.,0.));
#1810 = DEFINITIONAL_REPRESENTATION('',(#1811),#1814);
#1811 = B_SPLINE_CURVE_WITH_KNOTS('',1,(#1812,#1813),.UNSPECIFIED.,.F.,
  .F.,(2,2),(-15.,5.),.PIECEWISE_BEZIER_KNOTS.);
#1812 = CARTESIAN_POINT('',(20.,-14.));
#1813 = CARTESIAN_POINT('',(0.,-14.));
#1814 = ( GEOMETRIC_REPRESENTATION_CONTEXT(2) 
PARAMETRIC_REPRESENTATION_CONTEXT() REPRESENTATION_CONTEXT('2D SPACE',''
  ) );
#1815 = ORIENTED_EDGE('',*,*,#1816,.T.);
#1816 = EDGE_CURVE('',#1791,#1817,#1819,.T.);
#1817 = VERTEX_POINT('',#1818);
#1818 = CARTESIAN_POINT('',(-62.,-15.,66.));
#1819 = SURFACE_CURVE('',#1820,(#1824,#1830),.PCURVE_S1.);
#1820 = LINE('',#1821,#1822);
#1821 = CARTESIAN_POINT('',(-30.71469329529,-8.983594864479,66.));
#1822 = VECTOR('',#1823,1.);
#1823 = DIRECTION('',(-0.982006446981,-0.18884739365,0.));
#1824 = PCURVE('',#197,#1825);
#1825 = DEFINITIONAL_REPRESENTATION('',(#1826),#1829);
#1826 = B_SPLINE_CURVE_WITH_KNOTS('',1,(#1827,#1828),.UNSPECIFIED.,.F.,
  .F.,(2,2),(5.382150719029,31.858555308776),.PIECEWISE_BEZIER_KNOTS.);
#1827 = CARTESIAN_POINT('',(-36.,-10.));
#1828 = CARTESIAN_POINT('',(-62.,-15.));
#1829 = ( GEOMETRIC_REPRESENTATION_CONTEXT(2) 
PARAMETRIC_REPRESENTATION_CONTEXT() REPRESENTATION_CONTEXT('2D SPACE',''
  ) );
#1830 = PCURVE('',#1831,#1836);
#1831 = PLANE('',#1832);
#1832 = AXIS2_PLACEMENT_3D('',#1833,#1834,#1835);
#1833 = CARTESIAN_POINT('',(-62.,-15.,52.));
#1834 = DIRECTION('',(-0.18884739365,0.982006446981,0.));
#1835 = DIRECTION('',(0.982006446981,0.18884739365,0.));
#1836 = DEFINITIONAL_REPRESENTATION('',(#1837),#1840);
#1837 = B_SPLINE_CURVE_WITH_KNOTS('',1,(#1838,#1839),.UNSPECIFIED.,.F.,
  .F.,(2,2),(5.382150719029,31.858555308776),.PIECEWISE_BEZIER_KNOTS.);
#1838 = CARTESIAN_POINT('',(26.476404589747,-14.));
#1839 = CARTESIAN_POINT('',(0.,-14.));
#1840 = ( GEOMETRIC_REPRESENTATION_CONTEXT(2) 
PARAMETRIC_REPRESENTATION_CONTEXT() REPRESENTATION_CONTEXT('2D SPACE',''
  ) );
#1841 = ORIENTED_EDGE('',*,*,#1842,.T.);
#1842 = EDGE_CURVE('',#1817,#487,#1843,.T.);
#1843 = SURFACE_CURVE('',#1844,(#1848,#1854),.PCURVE_S1.);
#1844 = LINE('',#1845,#1846);
#1845 = CARTESIAN_POINT('',(-85.81864728714,-15.64959947146,66.));
#1846 = VECTOR('',#1847,1.);
#1847 = DIRECTION('',(-0.99962830651,-2.726259017756E-02,0.));
#1848 = PCURVE('',#197,#1849);
#1849 = DEFINITIONAL_REPRESENTATION('',(#1850),#1853);
#1850 = B_SPLINE_CURVE_WITH_KNOTS('',1,(#1851,#1852),.UNSPECIFIED.,.F.,
  .F.,(2,2),(-23.82750381518,-11.82304183481),.PIECEWISE_BEZIER_KNOTS.);
#1851 = CARTESIAN_POINT('',(-62.,-15.));
#1852 = CARTESIAN_POINT('',(-74.,-15.32727272727));
#1853 = ( GEOMETRIC_REPRESENTATION_CONTEXT(2) 
PARAMETRIC_REPRESENTATION_CONTEXT() REPRESENTATION_CONTEXT('2D SPACE',''
  ) );
#1854 = PCURVE('',#501,#1855);
#1855 = DEFINITIONAL_REPRESENTATION('',(#1856),#1859);
#1856 = B_SPLINE_CURVE_WITH_KNOTS('',1,(#1857,#1858),.UNSPECIFIED.,.F.,
  .F.,(2,2),(-23.82750381518,-11.82304183481),.PIECEWISE_BEZIER_KNOTS.);
#1857 = CARTESIAN_POINT('',(110.04090148667,-14.));
#1858 = CARTESIAN_POINT('',(98.03643950631,-14.));
#1859 = ( GEOMETRIC_REPRESENTATION_CONTEXT(2) 
PARAMETRIC_REPRESENTATION_CONTEXT() REPRESENTATION_CONTEXT('2D SPACE',''
  ) );
#1860 = ORIENTED_EDGE('',*,*,#512,.T.);
#1861 = ORIENTED_EDGE('',*,*,#1862,.T.);
#1862 = EDGE_CURVE('',#513,#1863,#1865,.T.);
#1863 = VERTEX_POINT('',#1864);
#1864 = CARTESIAN_POINT('',(-43.99038105676,-46.19357503463,66.));
#1865 = SURFACE_CURVE('',#1866,(#1870,#1876),.PCURVE_S1.);
#1866 = LINE('',#1867,#1868);
#1867 = CARTESIAN_POINT('',(-27.66323623923,-19.6149317252,66.));
#1868 = VECTOR('',#1869,1.);
#1869 = DIRECTION('',(0.523424248922,0.852072212691,-0.));
#1870 = PCURVE('',#197,#1871);
#1871 = DEFINITIONAL_REPRESENTATION('',(#1872),#1875);
#1872 = B_SPLINE_CURVE_WITH_KNOTS('',1,(#1873,#1874),.UNSPECIFIED.,.F.,
  .F.,(2,2),(-63.82683000895,-31.19294692815),.PIECEWISE_BEZIER_KNOTS.);
#1873 = CARTESIAN_POINT('',(-61.07174679774,-74.));
#1874 = CARTESIAN_POINT('',(-43.99038105676,-46.19357503463));
#1875 = ( GEOMETRIC_REPRESENTATION_CONTEXT(2) 
PARAMETRIC_REPRESENTATION_CONTEXT() REPRESENTATION_CONTEXT('2D SPACE',''
  ) );
#1876 = PCURVE('',#551,#1877);
#1877 = DEFINITIONAL_REPRESENTATION('',(#1878),#1881);
#1878 = B_SPLINE_CURVE_WITH_KNOTS('',1,(#1879,#1880),.UNSPECIFIED.,.F.,
  .F.,(2,2),(-63.82683000895,-31.19294692815),.PIECEWISE_BEZIER_KNOTS.);
#1879 = CARTESIAN_POINT('',(32.633883080801,-14.));
#1880 = CARTESIAN_POINT('',(0.,-14.));
#1881 = ( GEOMETRIC_REPRESENTATION_CONTEXT(2) 
PARAMETRIC_REPRESENTATION_CONTEXT() REPRESENTATION_CONTEXT('2D SPACE',''
  ) );
#1882 = ORIENTED_EDGE('',*,*,#1883,.T.);
#1883 = EDGE_CURVE('',#1863,#1884,#1886,.T.);
#1884 = VERTEX_POINT('',#1885);
#1885 = CARTESIAN_POINT('',(-39.16591786497,-40.62121877367,66.));
#1886 = SURFACE_CURVE('',#1887,(#1891,#1897),.PCURVE_S1.);
#1887 = LINE('',#1888,#1889);
#1888 = CARTESIAN_POINT('',(-14.47230450813,-12.09957698173,66.));
#1889 = VECTOR('',#1890,1.);
#1890 = DIRECTION('',(0.65454986383,0.75601883294,-0.));
#1891 = PCURVE('',#197,#1892);
#1892 = DEFINITIONAL_REPRESENTATION('',(#1893),#1896);
#1893 = B_SPLINE_CURVE_WITH_KNOTS('',1,(#1894,#1895),.UNSPECIFIED.,.F.,
  .F.,(2,2),(-45.09675760365,-18.6203530139),.PIECEWISE_BEZIER_KNOTS.);
#1894 = CARTESIAN_POINT('',(-43.99038105676,-46.19357503463));
#1895 = CARTESIAN_POINT('',(-26.66025403784,-26.17691453624));
#1896 = ( GEOMETRIC_REPRESENTATION_CONTEXT(2) 
PARAMETRIC_REPRESENTATION_CONTEXT() REPRESENTATION_CONTEXT('2D SPACE',''
  ) );
#1897 = PCURVE('',#1898,#1903);
#1898 = PLANE('',#1899);
#1899 = AXIS2_PLACEMENT_3D('',#1900,#1901,#1902);
#1900 = CARTESIAN_POINT('',(-26.66025403784,-26.17691453624,52.));
#1901 = DIRECTION('',(0.75601883294,-0.65454986383,0.));
#1902 = DIRECTION('',(-0.65454986383,-0.75601883294,0.));
#1903 = DEFINITIONAL_REPRESENTATION('',(#1904),#1907);
#1904 = B_SPLINE_CURVE_WITH_KNOTS('',1,(#1905,#1906),.UNSPECIFIED.,.F.,
  .F.,(2,2),(-45.09675760365,-18.6203530139),.PIECEWISE_BEZIER_KNOTS.);
#1905 = CARTESIAN_POINT('',(26.476404589747,-14.));
#1906 = CARTESIAN_POINT('',(0.,-14.));
#1907 = ( GEOMETRIC_REPRESENTATION_CONTEXT(2) 
PARAMETRIC_REPRESENTATION_CONTEXT() REPRESENTATION_CONTEXT('2D SPACE',''
  ) );
#1908 = ORIENTED_EDGE('',*,*,#1909,.T.);
#1909 = EDGE_CURVE('',#1884,#1910,#1912,.T.);
#1910 = VERTEX_POINT('',#1911);
#1911 = CARTESIAN_POINT('',(-30.68908073727,-30.83029394663,66.));
#1912 = SURFACE_CURVE('',#1913,(#1918,#1929),.PCURVE_S1.);
#1913 = CIRCLE('',#1914,6.5);
#1914 = AXIS2_PLACEMENT_3D('',#1915,#1916,#1917);
#1915 = CARTESIAN_POINT('',(-35.35533905932,-35.35533905932,66.));
#1916 = DIRECTION('',(0.,0.,-1.));
#1917 = DIRECTION('',(1.,0.,0.));
#1918 = PCURVE('',#197,#1919);
#1919 = DEFINITIONAL_REPRESENTATION('',(#1920),#1928);
#1920 = ( BOUNDED_CURVE() B_SPLINE_CURVE(2,(#1921,#1922,#1923,#1924,
#1925,#1926,#1927),.UNSPECIFIED.,.T.,.F.) B_SPLINE_CURVE_WITH_KNOTS((1,2
    ,2,2,2,1),(-2.094395102393,0.,2.094395102393,4.188790204786,
6.28318530718,8.377580409573),.UNSPECIFIED.) CURVE() 
GEOMETRIC_REPRESENTATION_ITEM() RATIONAL_B_SPLINE_CURVE((1.,0.5,1.,0.5,
1.,0.5,1.)) REPRESENTATION_ITEM('') );
#1921 = CARTESIAN_POINT('',(-28.85533905932,-35.35533905932));
#1922 = CARTESIAN_POINT('',(-28.85533905932,-46.61366930852));
#1923 = CARTESIAN_POINT('',(-38.60533905932,-40.98450418392));
#1924 = CARTESIAN_POINT('',(-48.35533905932,-35.35533905932));
#1925 = CARTESIAN_POINT('',(-38.60533905932,-29.72617393472));
#1926 = CARTESIAN_POINT('',(-28.85533905932,-24.09700881013));
#1927 = CARTESIAN_POINT('',(-28.85533905932,-35.35533905932));
#1928 = ( GEOMETRIC_REPRESENTATION_CONTEXT(2) 
PARAMETRIC_REPRESENTATION_CONTEXT() REPRESENTATION_CONTEXT('2D SPACE',''
  ) );
#1929 = PCURVE('',#1930,#1935);
#1930 = CYLINDRICAL_SURFACE('',#1931,6.5);
#1931 = AXIS2_PLACEMENT_3D('',#1932,#1933,#1934);
#1932 = CARTESIAN_POINT('',(-35.35533905932,-35.35533905932,25.));
#1933 = DIRECTION('',(-0.,-0.,-1.));
#1934 = DIRECTION('',(1.,0.,0.));
#1935 = DEFINITIONAL_REPRESENTATION('',(#1936),#1940);
#1936 = LINE('',#1937,#1938);
#1937 = CARTESIAN_POINT('',(-6.28318530718,-41.));
#1938 = VECTOR('',#1939,1.);
#1939 = DIRECTION('',(1.,-0.));
#1940 = ( GEOMETRIC_REPRESENTATION_CONTEXT(2) 
PARAMETRIC_REPRESENTATION_CONTEXT() REPRESENTATION_CONTEXT('2D SPACE',''
  ) );
#1941 = ORIENTED_EDGE('',*,*,#1942,.T.);
#1942 = EDGE_CURVE('',#1910,#1943,#1945,.T.);
#1943 = VERTEX_POINT('',#1944);
#1944 = CARTESIAN_POINT('',(-26.66025403784,-26.17691453624,66.));
#1945 = SURFACE_CURVE('',#1946,(#1950,#1956),.PCURVE_S1.);
#1946 = LINE('',#1947,#1948);
#1947 = CARTESIAN_POINT('',(-14.47230450813,-12.09957698173,66.));
#1948 = VECTOR('',#1949,1.);
#1949 = DIRECTION('',(0.65454986383,0.75601883294,-0.));
#1950 = PCURVE('',#197,#1951);
#1951 = DEFINITIONAL_REPRESENTATION('',(#1952),#1955);
#1952 = B_SPLINE_CURVE_WITH_KNOTS('',1,(#1953,#1954),.UNSPECIFIED.,.F.,
  .F.,(2,2),(-45.09675760365,-18.6203530139),.PIECEWISE_BEZIER_KNOTS.);
#1953 = CARTESIAN_POINT('',(-43.99038105676,-46.19357503463));
#1954 = CARTESIAN_POINT('',(-26.66025403784,-26.17691453624));
#1955 = ( GEOMETRIC_REPRESENTATION_CONTEXT(2) 
PARAMETRIC_REPRESENTATION_CONTEXT() REPRESENTATION_CONTEXT('2D SPACE',''
  ) );
#1956 = PCURVE('',#1957,#1962);
#1957 = PLANE('',#1958);
#1958 = AXIS2_PLACEMENT_3D('',#1959,#1960,#1961);
#1959 = CARTESIAN_POINT('',(-26.66025403784,-26.17691453624,52.));
#1960 = DIRECTION('',(0.75601883294,-0.65454986383,0.));
#1961 = DIRECTION('',(-0.65454986383,-0.75601883294,0.));
#1962 = DEFINITIONAL_REPRESENTATION('',(#1963),#1966);
#1963 = B_SPLINE_CURVE_WITH_KNOTS('',1,(#1964,#1965),.UNSPECIFIED.,.F.,
  .F.,(2,2),(-45.09675760365,-18.6203530139),.PIECEWISE_BEZIER_KNOTS.);
#1964 = CARTESIAN_POINT('',(26.476404589747,-14.));
#1965 = CARTESIAN_POINT('',(0.,-14.));
#1966 = ( GEOMETRIC_REPRESENTATION_CONTEXT(2) 
PARAMETRIC_REPRESENTATION_CONTEXT() REPRESENTATION_CONTEXT('2D SPACE',''
  ) );
#1967 = ORIENTED_EDGE('',*,*,#1968,.T.);
#1968 = EDGE_CURVE('',#1943,#1969,#1971,.T.);
#1969 = VERTEX_POINT('',#1970);
#1970 = CARTESIAN_POINT('',(-9.339745962156,-36.17691453624,66.));
#1971 = SURFACE_CURVE('',#1972,(#1976,#1982),.PCURVE_S1.);
#1972 = LINE('',#1973,#1974);
#1973 = CARTESIAN_POINT('',(-13.66987298107,-33.67691453624,66.));
#1974 = VECTOR('',#1975,1.);
#1975 = DIRECTION('',(0.866025403784,-0.5,0.));
#1976 = PCURVE('',#197,#1977);
#1977 = DEFINITIONAL_REPRESENTATION('',(#1978),#1981);
#1978 = B_SPLINE_CURVE_WITH_KNOTS('',1,(#1979,#1980),.UNSPECIFIED.,.F.,
  .F.,(2,2),(-15.,5.),.PIECEWISE_BEZIER_KNOTS.);
#1979 = CARTESIAN_POINT('',(-26.66025403784,-26.17691453624));
#1980 = CARTESIAN_POINT('',(-9.339745962156,-36.17691453624));
#1981 = ( GEOMETRIC_REPRESENTATION_CONTEXT(2) 
PARAMETRIC_REPRESENTATION_CONTEXT() REPRESENTATION_CONTEXT('2D SPACE',''
  ) );
#1982 = PCURVE('',#1983,#1988);
#1983 = PLANE('',#1984);
#1984 = AXIS2_PLACEMENT_3D('',#1985,#1986,#1987);
#1985 = CARTESIAN_POINT('',(-9.339745962156,-36.17691453624,52.));
#1986 = DIRECTION('',(-0.5,-0.866025403784,0.));
#1987 = DIRECTION('',(-0.866025403784,0.5,0.));
#1988 = DEFINITIONAL_REPRESENTATION('',(#1989),#1992);
#1989 = B_SPLINE_CURVE_WITH_KNOTS('',1,(#1990,#1991),.UNSPECIFIED.,.F.,
  .F.,(2,2),(-15.,5.),.PIECEWISE_BEZIER_KNOTS.);
#1990 = CARTESIAN_POINT('',(20.,-14.));
#1991 = CARTESIAN_POINT('',(0.,-14.));
#1992 = ( GEOMETRIC_REPRESENTATION_CONTEXT(2) 
PARAMETRIC_REPRESENTATION_CONTEXT() REPRESENTATION_CONTEXT('2D SPACE',''
  ) );
#1993 = ORIENTED_EDGE('',*,*,#1994,.T.);
#1994 = EDGE_CURVE('',#1969,#1995,#1997,.T.);
#1995 = VERTEX_POINT('',#1996);
#1996 = CARTESIAN_POINT('',(-18.00961894323,-61.19357503463,66.));
#1997 = SURFACE_CURVE('',#1998,(#2002,#2008),.PCURVE_S1.);
#1998 = LINE('',#1999,#2000);
#1999 = CARTESIAN_POINT('',(-7.5773252777,-31.09150209541,66.));
#2000 = VECTOR('',#2001,1.);
#2001 = DIRECTION('',(-0.327456583151,-0.94486622659,0.));
#2002 = PCURVE('',#197,#2003);
#2003 = DEFINITIONAL_REPRESENTATION('',(#2004),#2007);
#2004 = B_SPLINE_CURVE_WITH_KNOTS('',1,(#2005,#2006),.UNSPECIFIED.,.F.,
  .F.,(2,2),(5.382150719029,31.858555308776),.PIECEWISE_BEZIER_KNOTS.);
#2005 = CARTESIAN_POINT('',(-9.339745962156,-36.17691453624));
#2006 = CARTESIAN_POINT('',(-18.00961894323,-61.19357503463));
#2007 = ( GEOMETRIC_REPRESENTATION_CONTEXT(2) 
PARAMETRIC_REPRESENTATION_CONTEXT() REPRESENTATION_CONTEXT('2D SPACE',''
  ) );
#2008 = PCURVE('',#2009,#2014);
#2009 = PLANE('',#2010);
#2010 = AXIS2_PLACEMENT_3D('',#2011,#2012,#2013);
#2011 = CARTESIAN_POINT('',(-18.00961894323,-61.19357503463,52.));
#2012 = DIRECTION('',(-0.94486622659,0.327456583151,0.));
#2013 = DIRECTION('',(0.327456583151,0.94486622659,0.));
#2014 = DEFINITIONAL_REPRESENTATION('',(#2015),#2018);
#2015 = B_SPLINE_CURVE_WITH_KNOTS('',1,(#2016,#2017),.UNSPECIFIED.,.F.,
  .F.,(2,2),(5.382150719029,31.858555308776),.PIECEWISE_BEZIER_KNOTS.);
#2016 = CARTESIAN_POINT('',(26.476404589747,-14.));
#2017 = CARTESIAN_POINT('',(0.,-14.));
#2018 = ( GEOMETRIC_REPRESENTATION_CONTEXT(2) 
PARAMETRIC_REPRESENTATION_CONTEXT() REPRESENTATION_CONTEXT('2D SPACE',''
  ) );
#2019 = ORIENTED_EDGE('',*,*,#2020,.T.);
#2020 = EDGE_CURVE('',#1995,#596,#2021,.T.);
#2021 = SURFACE_CURVE('',#2022,(#2026,#2032),.PCURVE_S1.);
#2022 = LINE('',#2023,#2024);
#2023 = CARTESIAN_POINT('',(-29.35637294222,-82.14592840481,66.));
#2024 = VECTOR('',#2025,1.);
#2025 = DIRECTION('',(-0.476204057588,-0.879334802869,0.));
#2026 = PCURVE('',#197,#2027);
#2027 = DEFINITIONAL_REPRESENTATION('',(#2028),#2031);
#2028 = B_SPLINE_CURVE_WITH_KNOTS('',1,(#2029,#2030),.UNSPECIFIED.,.F.,
  .F.,(2,2),(-23.82750381518,-9.263739338235),.PIECEWISE_BEZIER_KNOTS.);
#2029 = CARTESIAN_POINT('',(-18.00961894323,-61.19357503463));
#2030 = CARTESIAN_POINT('',(-24.94494268091,-74.));
#2031 = ( GEOMETRIC_REPRESENTATION_CONTEXT(2) 
PARAMETRIC_REPRESENTATION_CONTEXT() REPRESENTATION_CONTEXT('2D SPACE',''
  ) );
#2032 = PCURVE('',#610,#2033);
#2033 = DEFINITIONAL_REPRESENTATION('',(#2034),#2037);
#2034 = B_SPLINE_CURVE_WITH_KNOTS('',1,(#2035,#2036),.UNSPECIFIED.,.F.,
  .F.,(2,2),(-23.82750381518,-9.263739338235),.PIECEWISE_BEZIER_KNOTS.);
#2035 = CARTESIAN_POINT('',(110.04090148667,-14.));
#2036 = CARTESIAN_POINT('',(95.477137009726,-14.));
#2037 = ( GEOMETRIC_REPRESENTATION_CONTEXT(2) 
PARAMETRIC_REPRESENTATION_CONTEXT() REPRESENTATION_CONTEXT('2D SPACE',''
  ) );
#2038 = ORIENTED_EDGE('',*,*,#621,.T.);
#2039 = ORIENTED_EDGE('',*,*,#2040,.T.);
#2040 = EDGE_CURVE('',#622,#1079,#2041,.T.);
#2041 = SURFACE_CURVE('',#2042,(#2046,#2052),.PCURVE_S1.);
#2042 = LINE('',#2043,#2044);
#2043 = CARTESIAN_POINT('',(3.155411047905,-33.76453119667,66.));
#2044 = VECTOR('',#2045,1.);
#2045 = DIRECTION('',(-0.476204057588,0.879334802869,0.));
#2046 = PCURVE('',#197,#2047);
#2047 = DEFINITIONAL_REPRESENTATION('',(#2048),#2051);
#2048 = B_SPLINE_CURVE_WITH_KNOTS('',1,(#2049,#2050),.UNSPECIFIED.,.F.,
  .F.,(2,2),(-45.7567114051,-31.19294692815),.PIECEWISE_BEZIER_KNOTS.);
#2049 = CARTESIAN_POINT('',(24.944942680919,-74.));
#2050 = CARTESIAN_POINT('',(18.009618943233,-61.19357503463));
#2051 = ( GEOMETRIC_REPRESENTATION_CONTEXT(2) 
PARAMETRIC_REPRESENTATION_CONTEXT() REPRESENTATION_CONTEXT('2D SPACE',''
  ) );
#2052 = PCURVE('',#660,#2053);
#2053 = DEFINITIONAL_REPRESENTATION('',(#2054),#2057);
#2054 = B_SPLINE_CURVE_WITH_KNOTS('',1,(#2055,#2056),.UNSPECIFIED.,.F.,
  .F.,(2,2),(-45.7567114051,-31.19294692815),.PIECEWISE_BEZIER_KNOTS.);
#2055 = CARTESIAN_POINT('',(14.563764476948,-14.));
#2056 = CARTESIAN_POINT('',(0.,-14.));
#2057 = ( GEOMETRIC_REPRESENTATION_CONTEXT(2) 
PARAMETRIC_REPRESENTATION_CONTEXT() REPRESENTATION_CONTEXT('2D SPACE',''
  ) );
#2058 = FACE_BOUND('',#2059,.T.);
#2059 = EDGE_LOOP('',(#2060));
#2060 = ORIENTED_EDGE('',*,*,#2061,.F.);
#2061 = EDGE_CURVE('',#2062,#2062,#2064,.T.);
#2062 = VERTEX_POINT('',#2063);
#2063 = CARTESIAN_POINT('',(28.55,3.072617235719E-15,66.));
#2064 = SURFACE_CURVE('',#2065,(#2070,#2077),.PCURVE_S1.);
#2065 = CIRCLE('',#2066,28.55);
#2066 = AXIS2_PLACEMENT_3D('',#2067,#2068,#2069);
#2067 = CARTESIAN_POINT('',(3.50278364872E-13,3.072617235719E-15,66.));
#2068 = DIRECTION('',(0.,0.,1.));
#2069 = DIRECTION('',(1.,0.,0.));
#2070 = PCURVE('',#197,#2071);
#2071 = DEFINITIONAL_REPRESENTATION('',(#2072),#2076);
#2072 = CIRCLE('',#2073,28.55);
#2073 = AXIS2_PLACEMENT_2D('',#2074,#2075);
#2074 = CARTESIAN_POINT('',(3.550089685738E-13,-3.3677947299E-15));
#2075 = DIRECTION('',(1.,0.));
#2076 = ( GEOMETRIC_REPRESENTATION_CONTEXT(2) 
PARAMETRIC_REPRESENTATION_CONTEXT() REPRESENTATION_CONTEXT('2D SPACE',''
  ) );
#2077 = PCURVE('',#2078,#2083);
#2078 = CYLINDRICAL_SURFACE('',#2079,28.55);
#2079 = AXIS2_PLACEMENT_3D('',#2080,#2081,#2082);
#2080 = CARTESIAN_POINT('',(3.50278364872E-13,3.072617235719E-15,48.));
#2081 = DIRECTION('',(-0.,-0.,-1.));
#2082 = DIRECTION('',(1.,0.,0.));
#2083 = DEFINITIONAL_REPRESENTATION('',(#2084),#2088);
#2084 = LINE('',#2085,#2086);
#2085 = CARTESIAN_POINT('',(-0.,-18.));
#2086 = VECTOR('',#2087,1.);
#2087 = DIRECTION('',(-1.,0.));
#2088 = ( GEOMETRIC_REPRESENTATION_CONTEXT(2) 
PARAMETRIC_REPRESENTATION_CONTEXT() REPRESENTATION_CONTEXT('2D SPACE',''
  ) );
#2089 = ADVANCED_FACE('',(#2090),#719,.F.);
#2090 = FACE_BOUND('',#2091,.F.);
#2091 = EDGE_LOOP('',(#2092,#2115,#2143,#2171,#2192,#2193));
#2092 = ORIENTED_EDGE('',*,*,#2093,.F.);
#2093 = EDGE_CURVE('',#2094,#672,#2096,.T.);
#2094 = VERTEX_POINT('',#2095);
#2095 = CARTESIAN_POINT('',(101.58845726812,-139.9563694509,52.));
#2096 = SURFACE_CURVE('',#2097,(#2101,#2108),.PCURVE_S1.);
#2097 = LINE('',#2098,#2099);
#2098 = CARTESIAN_POINT('',(101.58845726812,-139.9563694509,52.));
#2099 = VECTOR('',#2100,1.);
#2100 = DIRECTION('',(-0.523424248922,0.852072212691,0.));
#2101 = PCURVE('',#719,#2102);
#2102 = DEFINITIONAL_REPRESENTATION('',(#2103),#2107);
#2103 = LINE('',#2104,#2105);
#2104 = CARTESIAN_POINT('',(0.,0.));
#2105 = VECTOR('',#2106,1.);
#2106 = DIRECTION('',(1.,0.));
#2107 = ( GEOMETRIC_REPRESENTATION_CONTEXT(2) 
PARAMETRIC_REPRESENTATION_CONTEXT() REPRESENTATION_CONTEXT('2D SPACE',''
  ) );
#2108 = PCURVE('',#688,#2109);
#2109 = DEFINITIONAL_REPRESENTATION('',(#2110),#2114);
#2110 = LINE('',#2111,#2112);
#2111 = CARTESIAN_POINT('',(46.081158757831,-43.81490824021));
#2112 = VECTOR('',#2113,1.);
#2113 = DIRECTION('',(-0.523424248922,0.852072212691));
#2114 = ( GEOMETRIC_REPRESENTATION_CONTEXT(2) 
PARAMETRIC_REPRESENTATION_CONTEXT() REPRESENTATION_CONTEXT('2D SPACE',''
  ) );
#2115 = ORIENTED_EDGE('',*,*,#2116,.T.);
#2116 = EDGE_CURVE('',#2094,#2117,#2119,.T.);
#2117 = VERTEX_POINT('',#2118);
#2118 = CARTESIAN_POINT('',(101.58845726812,-139.9563694509,76.));
#2119 = SURFACE_CURVE('',#2120,(#2124,#2131),.PCURVE_S1.);
#2120 = LINE('',#2121,#2122);
#2121 = CARTESIAN_POINT('',(101.58845726812,-139.9563694509,52.));
#2122 = VECTOR('',#2123,1.);
#2123 = DIRECTION('',(0.,0.,1.));
#2124 = PCURVE('',#719,#2125);
#2125 = DEFINITIONAL_REPRESENTATION('',(#2126),#2130);
#2126 = LINE('',#2127,#2128);
#2127 = CARTESIAN_POINT('',(0.,0.));
#2128 = VECTOR('',#2129,1.);
#2129 = DIRECTION('',(0.,-1.));
#2130 = ( GEOMETRIC_REPRESENTATION_CONTEXT(2) 
PARAMETRIC_REPRESENTATION_CONTEXT() REPRESENTATION_CONTEXT('2D SPACE',''
  ) );
#2131 = PCURVE('',#2132,#2137);
#2132 = PLANE('',#2133);
#2133 = AXIS2_PLACEMENT_3D('',#2134,#2135,#2136);
#2134 = CARTESIAN_POINT('',(101.52627944162,-153.8486742963,52.));
#2135 = DIRECTION('',(-0.999989984193,4.475657885559E-03,0.));
#2136 = DIRECTION('',(4.475657885559E-03,0.999989984193,0.));
#2137 = DEFINITIONAL_REPRESENTATION('',(#2138),#2142);
#2138 = LINE('',#2139,#2140);
#2139 = CARTESIAN_POINT('',(13.89244398945,0.));
#2140 = VECTOR('',#2141,1.);
#2141 = DIRECTION('',(0.,-1.));
#2142 = ( GEOMETRIC_REPRESENTATION_CONTEXT(2) 
PARAMETRIC_REPRESENTATION_CONTEXT() REPRESENTATION_CONTEXT('2D SPACE',''
  ) );
#2143 = ORIENTED_EDGE('',*,*,#2144,.T.);
#2144 = EDGE_CURVE('',#2117,#2145,#2147,.T.);
#2145 = VERTEX_POINT('',#2146);
#2146 = CARTESIAN_POINT('',(43.990381056767,-46.19357503463,76.));
#2147 = SURFACE_CURVE('',#2148,(#2152,#2159),.PCURVE_S1.);
#2148 = LINE('',#2149,#2150);
#2149 = CARTESIAN_POINT('',(101.58845726812,-139.9563694509,76.));
#2150 = VECTOR('',#2151,1.);
#2151 = DIRECTION('',(-0.523424248922,0.852072212691,0.));
#2152 = PCURVE('',#719,#2153);
#2153 = DEFINITIONAL_REPRESENTATION('',(#2154),#2158);
#2154 = LINE('',#2155,#2156);
#2155 = CARTESIAN_POINT('',(0.,-24.));
#2156 = VECTOR('',#2157,1.);
#2157 = DIRECTION('',(1.,0.));
#2158 = ( GEOMETRIC_REPRESENTATION_CONTEXT(2) 
PARAMETRIC_REPRESENTATION_CONTEXT() REPRESENTATION_CONTEXT('2D SPACE',''
  ) );
#2159 = PCURVE('',#2160,#2165);
#2160 = PLANE('',#2161);
#2161 = AXIS2_PLACEMENT_3D('',#2162,#2163,#2164);
#2162 = CARTESIAN_POINT('',(55.507298510289,-96.14146121071,76.));
#2163 = DIRECTION('',(0.,0.,1.));
#2164 = DIRECTION('',(1.,0.,-0.));
#2165 = DEFINITIONAL_REPRESENTATION('',(#2166),#2170);
#2166 = LINE('',#2167,#2168);
#2167 = CARTESIAN_POINT('',(46.081158757831,-43.81490824021));
#2168 = VECTOR('',#2169,1.);
#2169 = DIRECTION('',(-0.523424248922,0.852072212691));
#2170 = ( GEOMETRIC_REPRESENTATION_CONTEXT(2) 
PARAMETRIC_REPRESENTATION_CONTEXT() REPRESENTATION_CONTEXT('2D SPACE',''
  ) );
#2171 = ORIENTED_EDGE('',*,*,#2172,.F.);
#2172 = EDGE_CURVE('',#1220,#2145,#2173,.T.);
#2173 = SURFACE_CURVE('',#2174,(#2178,#2185),.PCURVE_S1.);
#2174 = LINE('',#2175,#2176);
#2175 = CARTESIAN_POINT('',(43.990381056767,-46.19357503463,52.));
#2176 = VECTOR('',#2177,1.);
#2177 = DIRECTION('',(0.,0.,1.));
#2178 = PCURVE('',#719,#2179);
#2179 = DEFINITIONAL_REPRESENTATION('',(#2180),#2184);
#2180 = LINE('',#2181,#2182);
#2181 = CARTESIAN_POINT('',(110.04090148667,0.));
#2182 = VECTOR('',#2183,1.);
#2183 = DIRECTION('',(0.,-1.));
#2184 = ( GEOMETRIC_REPRESENTATION_CONTEXT(2) 
PARAMETRIC_REPRESENTATION_CONTEXT() REPRESENTATION_CONTEXT('2D SPACE',''
  ) );
#2185 = PCURVE('',#1234,#2186);
#2186 = DEFINITIONAL_REPRESENTATION('',(#2187),#2191);
#2187 = LINE('',#2188,#2189);
#2188 = CARTESIAN_POINT('',(0.,0.));
#2189 = VECTOR('',#2190,1.);
#2190 = DIRECTION('',(0.,-1.));
#2191 = ( GEOMETRIC_REPRESENTATION_CONTEXT(2) 
PARAMETRIC_REPRESENTATION_CONTEXT() REPRESENTATION_CONTEXT('2D SPACE',''
  ) );
#2192 = ORIENTED_EDGE('',*,*,#1245,.T.);
#2193 = ORIENTED_EDGE('',*,*,#704,.T.);
#2194 = ADVANCED_FACE('',(#2195),#688,.F.);
#2195 = FACE_BOUND('',#2196,.F.);
#2196 = EDGE_LOOP('',(#2197,#2198,#2221,#2249,#2277,#2298));
#2197 = ORIENTED_EDGE('',*,*,#671,.T.);
#2198 = ORIENTED_EDGE('',*,*,#2199,.T.);
#2199 = EDGE_CURVE('',#646,#2200,#2202,.T.);
#2200 = VERTEX_POINT('',#2201);
#2201 = CARTESIAN_POINT('',(70.41154273188,-157.9563694509,52.));
#2202 = SURFACE_CURVE('',#2203,(#2207,#2214),.PCURVE_S1.);
#2203 = LINE('',#2204,#2205);
#2204 = CARTESIAN_POINT('',(18.009618943233,-61.19357503463,52.));
#2205 = VECTOR('',#2206,1.);
#2206 = DIRECTION('',(0.476204057588,-0.879334802869,0.));
#2207 = PCURVE('',#688,#2208);
#2208 = DEFINITIONAL_REPRESENTATION('',(#2209),#2213);
#2209 = LINE('',#2210,#2211);
#2210 = CARTESIAN_POINT('',(-37.49767956705,34.947886176077));
#2211 = VECTOR('',#2212,1.);
#2212 = DIRECTION('',(0.476204057588,-0.879334802869));
#2213 = ( GEOMETRIC_REPRESENTATION_CONTEXT(2) 
PARAMETRIC_REPRESENTATION_CONTEXT() REPRESENTATION_CONTEXT('2D SPACE',''
  ) );
#2214 = PCURVE('',#660,#2215);
#2215 = DEFINITIONAL_REPRESENTATION('',(#2216),#2220);
#2216 = LINE('',#2217,#2218);
#2217 = CARTESIAN_POINT('',(0.,0.));
#2218 = VECTOR('',#2219,1.);
#2219 = DIRECTION('',(1.,0.));
#2220 = ( GEOMETRIC_REPRESENTATION_CONTEXT(2) 
PARAMETRIC_REPRESENTATION_CONTEXT() REPRESENTATION_CONTEXT('2D SPACE',''
  ) );
#2221 = ORIENTED_EDGE('',*,*,#2222,.T.);
#2222 = EDGE_CURVE('',#2200,#2223,#2225,.T.);
#2223 = VERTEX_POINT('',#2224);
#2224 = CARTESIAN_POINT('',(77.933145137094,-162.254198371,52.));
#2225 = SURFACE_CURVE('',#2226,(#2230,#2237),.PCURVE_S1.);
#2226 = LINE('',#2227,#2228);
#2227 = CARTESIAN_POINT('',(70.41154273188,-157.9563694509,52.));
#2228 = VECTOR('',#2229,1.);
#2229 = DIRECTION('',(0.868254558784,-0.496118958669,0.));
#2230 = PCURVE('',#688,#2231);
#2231 = DEFINITIONAL_REPRESENTATION('',(#2232),#2236);
#2232 = LINE('',#2233,#2234);
#2233 = CARTESIAN_POINT('',(14.904244221592,-61.81490824021));
#2234 = VECTOR('',#2235,1.);
#2235 = DIRECTION('',(0.868254558784,-0.496118958669));
#2236 = ( GEOMETRIC_REPRESENTATION_CONTEXT(2) 
PARAMETRIC_REPRESENTATION_CONTEXT() REPRESENTATION_CONTEXT('2D SPACE',''
  ) );
#2237 = PCURVE('',#2238,#2243);
#2238 = PLANE('',#2239);
#2239 = AXIS2_PLACEMENT_3D('',#2240,#2241,#2242);
#2240 = CARTESIAN_POINT('',(70.41154273188,-157.9563694509,52.));
#2241 = DIRECTION('',(0.496118958669,0.868254558784,-0.));
#2242 = DIRECTION('',(0.868254558784,-0.496118958669,0.));
#2243 = DEFINITIONAL_REPRESENTATION('',(#2244),#2248);
#2244 = LINE('',#2245,#2246);
#2245 = CARTESIAN_POINT('',(0.,0.));
#2246 = VECTOR('',#2247,1.);
#2247 = DIRECTION('',(1.,0.));
#2248 = ( GEOMETRIC_REPRESENTATION_CONTEXT(2) 
PARAMETRIC_REPRESENTATION_CONTEXT() REPRESENTATION_CONTEXT('2D SPACE',''
  ) );
#2249 = ORIENTED_EDGE('',*,*,#2250,.F.);
#2250 = EDGE_CURVE('',#2251,#2223,#2253,.T.);
#2251 = VERTEX_POINT('',#2252);
#2252 = CARTESIAN_POINT('',(101.54968509148,-148.619182671,52.));
#2253 = SURFACE_CURVE('',#2254,(#2259,#2270),.PCURVE_S1.);
#2254 = CIRCLE('',#2255,180.);
#2255 = AXIS2_PLACEMENT_3D('',#2256,#2257,#2258);
#2256 = CARTESIAN_POINT('',(9.578339871034E-13,8.951719505639E-15,52.));
#2257 = DIRECTION('',(0.,0.,-1.));
#2258 = DIRECTION('',(1.,0.,0.));
#2259 = PCURVE('',#688,#2260);
#2260 = DEFINITIONAL_REPRESENTATION('',(#2261),#2269);
#2261 = ( BOUNDED_CURVE() B_SPLINE_CURVE(2,(#2262,#2263,#2264,#2265,
#2266,#2267,#2268),.UNSPECIFIED.,.T.,.F.) B_SPLINE_CURVE_WITH_KNOTS((1,2
    ,2,2,2,1),(-2.094395102393,0.,2.094395102393,4.188790204786,
6.28318530718,8.377580409573),.UNSPECIFIED.) CURVE() 
GEOMETRIC_REPRESENTATION_ITEM() RATIONAL_B_SPLINE_CURVE((1.,0.5,1.,0.5,
1.,0.5,1.)) REPRESENTATION_ITEM('') );
#2262 = CARTESIAN_POINT('',(124.49270148971,96.141461210712));
#2263 = CARTESIAN_POINT('',(124.49270148971,-215.6276841516));
#2264 = CARTESIAN_POINT('',(-145.5072985102,-59.74311147048));
#2265 = CARTESIAN_POINT('',(-415.5072985102,96.141461210712));
#2266 = CARTESIAN_POINT('',(-145.5072985102,252.02603389191));
#2267 = CARTESIAN_POINT('',(124.49270148971,407.91060657311));
#2268 = CARTESIAN_POINT('',(124.49270148971,96.141461210712));
#2269 = ( GEOMETRIC_REPRESENTATION_CONTEXT(2) 
PARAMETRIC_REPRESENTATION_CONTEXT() REPRESENTATION_CONTEXT('2D SPACE',''
  ) );
#2270 = PCURVE('',#882,#2271);
#2271 = DEFINITIONAL_REPRESENTATION('',(#2272),#2276);
#2272 = LINE('',#2273,#2274);
#2273 = CARTESIAN_POINT('',(-6.28318530718,-52.));
#2274 = VECTOR('',#2275,1.);
#2275 = DIRECTION('',(1.,-0.));
#2276 = ( GEOMETRIC_REPRESENTATION_CONTEXT(2) 
PARAMETRIC_REPRESENTATION_CONTEXT() REPRESENTATION_CONTEXT('2D SPACE',''
  ) );
#2277 = ORIENTED_EDGE('',*,*,#2278,.T.);
#2278 = EDGE_CURVE('',#2251,#2094,#2279,.T.);
#2279 = SURFACE_CURVE('',#2280,(#2284,#2291),.PCURVE_S1.);
#2280 = LINE('',#2281,#2282);
#2281 = CARTESIAN_POINT('',(101.52627944162,-153.8486742963,52.));
#2282 = VECTOR('',#2283,1.);
#2283 = DIRECTION('',(4.475657885559E-03,0.999989984193,0.));
#2284 = PCURVE('',#688,#2285);
#2285 = DEFINITIONAL_REPRESENTATION('',(#2286),#2290);
#2286 = LINE('',#2287,#2288);
#2287 = CARTESIAN_POINT('',(46.01898093134,-57.70721308562));
#2288 = VECTOR('',#2289,1.);
#2289 = DIRECTION('',(4.475657885559E-03,0.999989984193));
#2290 = ( GEOMETRIC_REPRESENTATION_CONTEXT(2) 
PARAMETRIC_REPRESENTATION_CONTEXT() REPRESENTATION_CONTEXT('2D SPACE',''
  ) );
#2291 = PCURVE('',#2132,#2292);
#2292 = DEFINITIONAL_REPRESENTATION('',(#2293),#2297);
#2293 = LINE('',#2294,#2295);
#2294 = CARTESIAN_POINT('',(0.,0.));
#2295 = VECTOR('',#2296,1.);
#2296 = DIRECTION('',(1.,0.));
#2297 = ( GEOMETRIC_REPRESENTATION_CONTEXT(2) 
PARAMETRIC_REPRESENTATION_CONTEXT() REPRESENTATION_CONTEXT('2D SPACE',''
  ) );
#2298 = ORIENTED_EDGE('',*,*,#2093,.T.);
#2299 = ADVANCED_FACE('',(#2300),#660,.F.);
#2300 = FACE_BOUND('',#2301,.F.);
#2301 = EDGE_LOOP('',(#2302,#2303,#2326,#2349,#2370,#2371));
#2302 = ORIENTED_EDGE('',*,*,#2040,.T.);
#2303 = ORIENTED_EDGE('',*,*,#2304,.T.);
#2304 = EDGE_CURVE('',#1079,#2305,#2307,.T.);
#2305 = VERTEX_POINT('',#2306);
#2306 = CARTESIAN_POINT('',(18.009618943233,-61.19357503463,76.));
#2307 = SURFACE_CURVE('',#2308,(#2312,#2319),.PCURVE_S1.);
#2308 = LINE('',#2309,#2310);
#2309 = CARTESIAN_POINT('',(18.009618943233,-61.19357503463,52.));
#2310 = VECTOR('',#2311,1.);
#2311 = DIRECTION('',(0.,0.,1.));
#2312 = PCURVE('',#660,#2313);
#2313 = DEFINITIONAL_REPRESENTATION('',(#2314),#2318);
#2314 = LINE('',#2315,#2316);
#2315 = CARTESIAN_POINT('',(0.,0.));
#2316 = VECTOR('',#2317,1.);
#2317 = DIRECTION('',(0.,-1.));
#2318 = ( GEOMETRIC_REPRESENTATION_CONTEXT(2) 
PARAMETRIC_REPRESENTATION_CONTEXT() REPRESENTATION_CONTEXT('2D SPACE',''
  ) );
#2319 = PCURVE('',#1095,#2320);
#2320 = DEFINITIONAL_REPRESENTATION('',(#2321),#2325);
#2321 = LINE('',#2322,#2323);
#2322 = CARTESIAN_POINT('',(26.476404589747,0.));
#2323 = VECTOR('',#2324,1.);
#2324 = DIRECTION('',(0.,-1.));
#2325 = ( GEOMETRIC_REPRESENTATION_CONTEXT(2) 
PARAMETRIC_REPRESENTATION_CONTEXT() REPRESENTATION_CONTEXT('2D SPACE',''
  ) );
#2326 = ORIENTED_EDGE('',*,*,#2327,.T.);
#2327 = EDGE_CURVE('',#2305,#2328,#2330,.T.);
#2328 = VERTEX_POINT('',#2329);
#2329 = CARTESIAN_POINT('',(70.41154273188,-157.9563694509,76.));
#2330 = SURFACE_CURVE('',#2331,(#2335,#2342),.PCURVE_S1.);
#2331 = LINE('',#2332,#2333);
#2332 = CARTESIAN_POINT('',(18.009618943233,-61.19357503463,76.));
#2333 = VECTOR('',#2334,1.);
#2334 = DIRECTION('',(0.476204057588,-0.879334802869,0.));
#2335 = PCURVE('',#660,#2336);
#2336 = DEFINITIONAL_REPRESENTATION('',(#2337),#2341);
#2337 = LINE('',#2338,#2339);
#2338 = CARTESIAN_POINT('',(0.,-24.));
#2339 = VECTOR('',#2340,1.);
#2340 = DIRECTION('',(1.,0.));
#2341 = ( GEOMETRIC_REPRESENTATION_CONTEXT(2) 
PARAMETRIC_REPRESENTATION_CONTEXT() REPRESENTATION_CONTEXT('2D SPACE',''
  ) );
#2342 = PCURVE('',#2160,#2343);
#2343 = DEFINITIONAL_REPRESENTATION('',(#2344),#2348);
#2344 = LINE('',#2345,#2346);
#2345 = CARTESIAN_POINT('',(-37.49767956705,34.947886176077));
#2346 = VECTOR('',#2347,1.);
#2347 = DIRECTION('',(0.476204057588,-0.879334802869));
#2348 = ( GEOMETRIC_REPRESENTATION_CONTEXT(2) 
PARAMETRIC_REPRESENTATION_CONTEXT() REPRESENTATION_CONTEXT('2D SPACE',''
  ) );
#2349 = ORIENTED_EDGE('',*,*,#2350,.F.);
#2350 = EDGE_CURVE('',#2200,#2328,#2351,.T.);
#2351 = SURFACE_CURVE('',#2352,(#2356,#2363),.PCURVE_S1.);
#2352 = LINE('',#2353,#2354);
#2353 = CARTESIAN_POINT('',(70.41154273188,-157.9563694509,52.));
#2354 = VECTOR('',#2355,1.);
#2355 = DIRECTION('',(0.,0.,1.));
#2356 = PCURVE('',#660,#2357);
#2357 = DEFINITIONAL_REPRESENTATION('',(#2358),#2362);
#2358 = LINE('',#2359,#2360);
#2359 = CARTESIAN_POINT('',(110.04090148667,0.));
#2360 = VECTOR('',#2361,1.);
#2361 = DIRECTION('',(0.,-1.));
#2362 = ( GEOMETRIC_REPRESENTATION_CONTEXT(2) 
PARAMETRIC_REPRESENTATION_CONTEXT() REPRESENTATION_CONTEXT('2D SPACE',''
  ) );
#2363 = PCURVE('',#2238,#2364);
#2364 = DEFINITIONAL_REPRESENTATION('',(#2365),#2369);
#2365 = LINE('',#2366,#2367);
#2366 = CARTESIAN_POINT('',(0.,0.));
#2367 = VECTOR('',#2368,1.);
#2368 = DIRECTION('',(0.,-1.));
#2369 = ( GEOMETRIC_REPRESENTATION_CONTEXT(2) 
PARAMETRIC_REPRESENTATION_CONTEXT() REPRESENTATION_CONTEXT('2D SPACE',''
  ) );
#2370 = ORIENTED_EDGE('',*,*,#2199,.F.);
#2371 = ORIENTED_EDGE('',*,*,#645,.F.);
#2372 = ADVANCED_FACE('',(#2373),#610,.F.);
#2373 = FACE_BOUND('',#2374,.F.);
#2374 = EDGE_LOOP('',(#2375,#2398,#2426,#2454,#2475,#2476));
#2375 = ORIENTED_EDGE('',*,*,#2376,.F.);
#2376 = EDGE_CURVE('',#2377,#563,#2379,.T.);
#2377 = VERTEX_POINT('',#2378);
#2378 = CARTESIAN_POINT('',(-70.41154273188,-157.9563694509,52.));
#2379 = SURFACE_CURVE('',#2380,(#2384,#2391),.PCURVE_S1.);
#2380 = LINE('',#2381,#2382);
#2381 = CARTESIAN_POINT('',(-70.41154273188,-157.9563694509,52.));
#2382 = VECTOR('',#2383,1.);
#2383 = DIRECTION('',(0.476204057588,0.879334802869,0.));
#2384 = PCURVE('',#610,#2385);
#2385 = DEFINITIONAL_REPRESENTATION('',(#2386),#2390);
#2386 = LINE('',#2387,#2388);
#2387 = CARTESIAN_POINT('',(0.,0.));
#2388 = VECTOR('',#2389,1.);
#2389 = DIRECTION('',(1.,0.));
#2390 = ( GEOMETRIC_REPRESENTATION_CONTEXT(2) 
PARAMETRIC_REPRESENTATION_CONTEXT() REPRESENTATION_CONTEXT('2D SPACE',''
  ) );
#2391 = PCURVE('',#579,#2392);
#2392 = DEFINITIONAL_REPRESENTATION('',(#2393),#2397);
#2393 = LINE('',#2394,#2395);
#2394 = CARTESIAN_POINT('',(-14.90424422159,-61.81490824021));
#2395 = VECTOR('',#2396,1.);
#2396 = DIRECTION('',(0.476204057588,0.879334802869));
#2397 = ( GEOMETRIC_REPRESENTATION_CONTEXT(2) 
PARAMETRIC_REPRESENTATION_CONTEXT() REPRESENTATION_CONTEXT('2D SPACE',''
  ) );
#2398 = ORIENTED_EDGE('',*,*,#2399,.T.);
#2399 = EDGE_CURVE('',#2377,#2400,#2402,.T.);
#2400 = VERTEX_POINT('',#2401);
#2401 = CARTESIAN_POINT('',(-70.41154273188,-157.9563694509,76.));
#2402 = SURFACE_CURVE('',#2403,(#2407,#2414),.PCURVE_S1.);
#2403 = LINE('',#2404,#2405);
#2404 = CARTESIAN_POINT('',(-70.41154273188,-157.9563694509,52.));
#2405 = VECTOR('',#2406,1.);
#2406 = DIRECTION('',(0.,0.,1.));
#2407 = PCURVE('',#610,#2408);
#2408 = DEFINITIONAL_REPRESENTATION('',(#2409),#2413);
#2409 = LINE('',#2410,#2411);
#2410 = CARTESIAN_POINT('',(0.,0.));
#2411 = VECTOR('',#2412,1.);
#2412 = DIRECTION('',(0.,-1.));
#2413 = ( GEOMETRIC_REPRESENTATION_CONTEXT(2) 
PARAMETRIC_REPRESENTATION_CONTEXT() REPRESENTATION_CONTEXT('2D SPACE',''
  ) );
#2414 = PCURVE('',#2415,#2420);
#2415 = PLANE('',#2416);
#2416 = AXIS2_PLACEMENT_3D('',#2417,#2418,#2419);
#2417 = CARTESIAN_POINT('',(-82.47372055837,-164.8486742963,52.));
#2418 = DIRECTION('',(-0.496118958669,0.868254558784,0.));
#2419 = DIRECTION('',(0.868254558784,0.496118958669,0.));
#2420 = DEFINITIONAL_REPRESENTATION('',(#2421),#2425);
#2421 = LINE('',#2422,#2423);
#2422 = CARTESIAN_POINT('',(13.89244398945,0.));
#2423 = VECTOR('',#2424,1.);
#2424 = DIRECTION('',(0.,-1.));
#2425 = ( GEOMETRIC_REPRESENTATION_CONTEXT(2) 
PARAMETRIC_REPRESENTATION_CONTEXT() REPRESENTATION_CONTEXT('2D SPACE',''
  ) );
#2426 = ORIENTED_EDGE('',*,*,#2427,.T.);
#2427 = EDGE_CURVE('',#2400,#2428,#2430,.T.);
#2428 = VERTEX_POINT('',#2429);
#2429 = CARTESIAN_POINT('',(-18.00961894323,-61.19357503463,76.));
#2430 = SURFACE_CURVE('',#2431,(#2435,#2442),.PCURVE_S1.);
#2431 = LINE('',#2432,#2433);
#2432 = CARTESIAN_POINT('',(-70.41154273188,-157.9563694509,76.));
#2433 = VECTOR('',#2434,1.);
#2434 = DIRECTION('',(0.476204057588,0.879334802869,0.));
#2435 = PCURVE('',#610,#2436);
#2436 = DEFINITIONAL_REPRESENTATION('',(#2437),#2441);
#2437 = LINE('',#2438,#2439);
#2438 = CARTESIAN_POINT('',(0.,-24.));
#2439 = VECTOR('',#2440,1.);
#2440 = DIRECTION('',(1.,0.));
#2441 = ( GEOMETRIC_REPRESENTATION_CONTEXT(2) 
PARAMETRIC_REPRESENTATION_CONTEXT() REPRESENTATION_CONTEXT('2D SPACE',''
  ) );
#2442 = PCURVE('',#2443,#2448);
#2443 = PLANE('',#2444);
#2444 = AXIS2_PLACEMENT_3D('',#2445,#2446,#2447);
#2445 = CARTESIAN_POINT('',(-55.50729851028,-96.14146121071,76.));
#2446 = DIRECTION('',(0.,0.,1.));
#2447 = DIRECTION('',(1.,0.,-0.));
#2448 = DEFINITIONAL_REPRESENTATION('',(#2449),#2453);
#2449 = LINE('',#2450,#2451);
#2450 = CARTESIAN_POINT('',(-14.90424422159,-61.81490824021));
#2451 = VECTOR('',#2452,1.);
#2452 = DIRECTION('',(0.476204057588,0.879334802869));
#2453 = ( GEOMETRIC_REPRESENTATION_CONTEXT(2) 
PARAMETRIC_REPRESENTATION_CONTEXT() REPRESENTATION_CONTEXT('2D SPACE',''
  ) );
#2454 = ORIENTED_EDGE('',*,*,#2455,.F.);
#2455 = EDGE_CURVE('',#1995,#2428,#2456,.T.);
#2456 = SURFACE_CURVE('',#2457,(#2461,#2468),.PCURVE_S1.);
#2457 = LINE('',#2458,#2459);
#2458 = CARTESIAN_POINT('',(-18.00961894323,-61.19357503463,52.));
#2459 = VECTOR('',#2460,1.);
#2460 = DIRECTION('',(0.,0.,1.));
#2461 = PCURVE('',#610,#2462);
#2462 = DEFINITIONAL_REPRESENTATION('',(#2463),#2467);
#2463 = LINE('',#2464,#2465);
#2464 = CARTESIAN_POINT('',(110.04090148667,0.));
#2465 = VECTOR('',#2466,1.);
#2466 = DIRECTION('',(0.,-1.));
#2467 = ( GEOMETRIC_REPRESENTATION_CONTEXT(2) 
PARAMETRIC_REPRESENTATION_CONTEXT() REPRESENTATION_CONTEXT('2D SPACE',''
  ) );
#2468 = PCURVE('',#2009,#2469);
#2469 = DEFINITIONAL_REPRESENTATION('',(#2470),#2474);
#2470 = LINE('',#2471,#2472);
#2471 = CARTESIAN_POINT('',(0.,0.));
#2472 = VECTOR('',#2473,1.);
#2473 = DIRECTION('',(0.,-1.));
#2474 = ( GEOMETRIC_REPRESENTATION_CONTEXT(2) 
PARAMETRIC_REPRESENTATION_CONTEXT() REPRESENTATION_CONTEXT('2D SPACE',''
  ) );
#2475 = ORIENTED_EDGE('',*,*,#2020,.T.);
#2476 = ORIENTED_EDGE('',*,*,#595,.T.);
#2477 = ADVANCED_FACE('',(#2478),#579,.F.);
#2478 = FACE_BOUND('',#2479,.F.);
#2479 = EDGE_LOOP('',(#2480,#2481,#2504,#2532,#2560,#2581));
#2480 = ORIENTED_EDGE('',*,*,#562,.T.);
#2481 = ORIENTED_EDGE('',*,*,#2482,.T.);
#2482 = EDGE_CURVE('',#537,#2483,#2485,.T.);
#2483 = VERTEX_POINT('',#2484);
#2484 = CARTESIAN_POINT('',(-101.5884572681,-139.9563694509,52.));
#2485 = SURFACE_CURVE('',#2486,(#2490,#2497),.PCURVE_S1.);
#2486 = LINE('',#2487,#2488);
#2487 = CARTESIAN_POINT('',(-43.99038105676,-46.19357503463,52.));
#2488 = VECTOR('',#2489,1.);
#2489 = DIRECTION('',(-0.523424248922,-0.852072212691,0.));
#2490 = PCURVE('',#579,#2491);
#2491 = DEFINITIONAL_REPRESENTATION('',(#2492),#2496);
#2492 = LINE('',#2493,#2494);
#2493 = CARTESIAN_POINT('',(11.516917453522,49.947886176077));
#2494 = VECTOR('',#2495,1.);
#2495 = DIRECTION('',(-0.523424248922,-0.852072212691));
#2496 = ( GEOMETRIC_REPRESENTATION_CONTEXT(2) 
PARAMETRIC_REPRESENTATION_CONTEXT() REPRESENTATION_CONTEXT('2D SPACE',''
  ) );
#2497 = PCURVE('',#551,#2498);
#2498 = DEFINITIONAL_REPRESENTATION('',(#2499),#2503);
#2499 = LINE('',#2500,#2501);
#2500 = CARTESIAN_POINT('',(0.,0.));
#2501 = VECTOR('',#2502,1.);
#2502 = DIRECTION('',(1.,0.));
#2503 = ( GEOMETRIC_REPRESENTATION_CONTEXT(2) 
PARAMETRIC_REPRESENTATION_CONTEXT() REPRESENTATION_CONTEXT('2D SPACE',''
  ) );
#2504 = ORIENTED_EDGE('',*,*,#2505,.T.);
#2505 = EDGE_CURVE('',#2483,#2506,#2508,.T.);
#2506 = VERTEX_POINT('',#2507);
#2507 = CARTESIAN_POINT('',(-101.5496850914,-148.619182671,52.));
#2508 = SURFACE_CURVE('',#2509,(#2513,#2520),.PCURVE_S1.);
#2509 = LINE('',#2510,#2511);
#2510 = CARTESIAN_POINT('',(-101.5884572681,-139.9563694509,52.));
#2511 = VECTOR('',#2512,1.);
#2512 = DIRECTION('',(4.475657885559E-03,-0.999989984193,0.));
#2513 = PCURVE('',#579,#2514);
#2514 = DEFINITIONAL_REPRESENTATION('',(#2515),#2519);
#2515 = LINE('',#2516,#2517);
#2516 = CARTESIAN_POINT('',(-46.08115875783,-43.81490824021));
#2517 = VECTOR('',#2518,1.);
#2518 = DIRECTION('',(4.475657885559E-03,-0.999989984193));
#2519 = ( GEOMETRIC_REPRESENTATION_CONTEXT(2) 
PARAMETRIC_REPRESENTATION_CONTEXT() REPRESENTATION_CONTEXT('2D SPACE',''
  ) );
#2520 = PCURVE('',#2521,#2526);
#2521 = PLANE('',#2522);
#2522 = AXIS2_PLACEMENT_3D('',#2523,#2524,#2525);
#2523 = CARTESIAN_POINT('',(-101.5884572681,-139.9563694509,52.));
#2524 = DIRECTION('',(0.999989984193,4.475657885559E-03,-0.));
#2525 = DIRECTION('',(4.475657885559E-03,-0.999989984193,0.));
#2526 = DEFINITIONAL_REPRESENTATION('',(#2527),#2531);
#2527 = LINE('',#2528,#2529);
#2528 = CARTESIAN_POINT('',(0.,0.));
#2529 = VECTOR('',#2530,1.);
#2530 = DIRECTION('',(1.,0.));
#2531 = ( GEOMETRIC_REPRESENTATION_CONTEXT(2) 
PARAMETRIC_REPRESENTATION_CONTEXT() REPRESENTATION_CONTEXT('2D SPACE',''
  ) );
#2532 = ORIENTED_EDGE('',*,*,#2533,.F.);
#2533 = EDGE_CURVE('',#2534,#2506,#2536,.T.);
#2534 = VERTEX_POINT('',#2535);
#2535 = CARTESIAN_POINT('',(-77.93314513709,-162.254198371,52.));
#2536 = SURFACE_CURVE('',#2537,(#2542,#2553),.PCURVE_S1.);
#2537 = CIRCLE('',#2538,180.);
#2538 = AXIS2_PLACEMENT_3D('',#2539,#2540,#2541);
#2539 = CARTESIAN_POINT('',(9.578339871034E-13,8.951719505639E-15,52.));
#2540 = DIRECTION('',(0.,0.,-1.));
#2541 = DIRECTION('',(1.,0.,0.));
#2542 = PCURVE('',#579,#2543);
#2543 = DEFINITIONAL_REPRESENTATION('',(#2544),#2552);
#2544 = ( BOUNDED_CURVE() B_SPLINE_CURVE(2,(#2545,#2546,#2547,#2548,
#2549,#2550,#2551),.UNSPECIFIED.,.T.,.F.) B_SPLINE_CURVE_WITH_KNOTS((1,2
    ,2,2,2,1),(-2.094395102393,0.,2.094395102393,4.188790204786,
6.28318530718,8.377580409573),.UNSPECIFIED.) CURVE() 
GEOMETRIC_REPRESENTATION_ITEM() RATIONAL_B_SPLINE_CURVE((1.,0.5,1.,0.5,
1.,0.5,1.)) REPRESENTATION_ITEM('') );
#2545 = CARTESIAN_POINT('',(235.50729851029,96.141461210712));
#2546 = CARTESIAN_POINT('',(235.50729851029,-215.6276841516));
#2547 = CARTESIAN_POINT('',(-34.49270148971,-59.74311147048));
#2548 = CARTESIAN_POINT('',(-304.4927014897,96.141461210712));
#2549 = CARTESIAN_POINT('',(-34.49270148971,252.02603389191));
#2550 = CARTESIAN_POINT('',(235.50729851028,407.91060657311));
#2551 = CARTESIAN_POINT('',(235.50729851029,96.141461210712));
#2552 = ( GEOMETRIC_REPRESENTATION_CONTEXT(2) 
PARAMETRIC_REPRESENTATION_CONTEXT() REPRESENTATION_CONTEXT('2D SPACE',''
  ) );
#2553 = PCURVE('',#882,#2554);
#2554 = DEFINITIONAL_REPRESENTATION('',(#2555),#2559);
#2555 = LINE('',#2556,#2557);
#2556 = CARTESIAN_POINT('',(-6.28318530718,-52.));
#2557 = VECTOR('',#2558,1.);
#2558 = DIRECTION('',(1.,-0.));
#2559 = ( GEOMETRIC_REPRESENTATION_CONTEXT(2) 
PARAMETRIC_REPRESENTATION_CONTEXT() REPRESENTATION_CONTEXT('2D SPACE',''
  ) );
#2560 = ORIENTED_EDGE('',*,*,#2561,.T.);
#2561 = EDGE_CURVE('',#2534,#2377,#2562,.T.);
#2562 = SURFACE_CURVE('',#2563,(#2567,#2574),.PCURVE_S1.);
#2563 = LINE('',#2564,#2565);
#2564 = CARTESIAN_POINT('',(-82.47372055837,-164.8486742963,52.));
#2565 = VECTOR('',#2566,1.);
#2566 = DIRECTION('',(0.868254558784,0.496118958669,0.));
#2567 = PCURVE('',#579,#2568);
#2568 = DEFINITIONAL_REPRESENTATION('',(#2569),#2573);
#2569 = LINE('',#2570,#2571);
#2570 = CARTESIAN_POINT('',(-26.96642204808,-68.70721308562));
#2571 = VECTOR('',#2572,1.);
#2572 = DIRECTION('',(0.868254558784,0.496118958669));
#2573 = ( GEOMETRIC_REPRESENTATION_CONTEXT(2) 
PARAMETRIC_REPRESENTATION_CONTEXT() REPRESENTATION_CONTEXT('2D SPACE',''
  ) );
#2574 = PCURVE('',#2415,#2575);
#2575 = DEFINITIONAL_REPRESENTATION('',(#2576),#2580);
#2576 = LINE('',#2577,#2578);
#2577 = CARTESIAN_POINT('',(0.,0.));
#2578 = VECTOR('',#2579,1.);
#2579 = DIRECTION('',(1.,0.));
#2580 = ( GEOMETRIC_REPRESENTATION_CONTEXT(2) 
PARAMETRIC_REPRESENTATION_CONTEXT() REPRESENTATION_CONTEXT('2D SPACE',''
  ) );
#2581 = ORIENTED_EDGE('',*,*,#2376,.T.);
#2582 = ADVANCED_FACE('',(#2583),#551,.F.);
#2583 = FACE_BOUND('',#2584,.F.);
#2584 = EDGE_LOOP('',(#2585,#2586,#2609,#2632,#2653,#2654));
#2585 = ORIENTED_EDGE('',*,*,#1862,.T.);
#2586 = ORIENTED_EDGE('',*,*,#2587,.T.);
#2587 = EDGE_CURVE('',#1863,#2588,#2590,.T.);
#2588 = VERTEX_POINT('',#2589);
#2589 = CARTESIAN_POINT('',(-43.99038105676,-46.19357503463,76.));
#2590 = SURFACE_CURVE('',#2591,(#2595,#2602),.PCURVE_S1.);
#2591 = LINE('',#2592,#2593);
#2592 = CARTESIAN_POINT('',(-43.99038105676,-46.19357503463,52.));
#2593 = VECTOR('',#2594,1.);
#2594 = DIRECTION('',(0.,0.,1.));
#2595 = PCURVE('',#551,#2596);
#2596 = DEFINITIONAL_REPRESENTATION('',(#2597),#2601);
#2597 = LINE('',#2598,#2599);
#2598 = CARTESIAN_POINT('',(0.,0.));
#2599 = VECTOR('',#2600,1.);
#2600 = DIRECTION('',(0.,-1.));
#2601 = ( GEOMETRIC_REPRESENTATION_CONTEXT(2) 
PARAMETRIC_REPRESENTATION_CONTEXT() REPRESENTATION_CONTEXT('2D SPACE',''
  ) );
#2602 = PCURVE('',#1898,#2603);
#2603 = DEFINITIONAL_REPRESENTATION('',(#2604),#2608);
#2604 = LINE('',#2605,#2606);
#2605 = CARTESIAN_POINT('',(26.476404589747,0.));
#2606 = VECTOR('',#2607,1.);
#2607 = DIRECTION('',(0.,-1.));
#2608 = ( GEOMETRIC_REPRESENTATION_CONTEXT(2) 
PARAMETRIC_REPRESENTATION_CONTEXT() REPRESENTATION_CONTEXT('2D SPACE',''
  ) );
#2609 = ORIENTED_EDGE('',*,*,#2610,.T.);
#2610 = EDGE_CURVE('',#2588,#2611,#2613,.T.);
#2611 = VERTEX_POINT('',#2612);
#2612 = CARTESIAN_POINT('',(-101.5884572681,-139.9563694509,76.));
#2613 = SURFACE_CURVE('',#2614,(#2618,#2625),.PCURVE_S1.);
#2614 = LINE('',#2615,#2616);
#2615 = CARTESIAN_POINT('',(-43.99038105676,-46.19357503463,76.));
#2616 = VECTOR('',#2617,1.);
#2617 = DIRECTION('',(-0.523424248922,-0.852072212691,0.));
#2618 = PCURVE('',#551,#2619);
#2619 = DEFINITIONAL_REPRESENTATION('',(#2620),#2624);
#2620 = LINE('',#2621,#2622);
#2621 = CARTESIAN_POINT('',(0.,-24.));
#2622 = VECTOR('',#2623,1.);
#2623 = DIRECTION('',(1.,0.));
#2624 = ( GEOMETRIC_REPRESENTATION_CONTEXT(2) 
PARAMETRIC_REPRESENTATION_CONTEXT() REPRESENTATION_CONTEXT('2D SPACE',''
  ) );
#2625 = PCURVE('',#2443,#2626);
#2626 = DEFINITIONAL_REPRESENTATION('',(#2627),#2631);
#2627 = LINE('',#2628,#2629);
#2628 = CARTESIAN_POINT('',(11.516917453522,49.947886176077));
#2629 = VECTOR('',#2630,1.);
#2630 = DIRECTION('',(-0.523424248922,-0.852072212691));
#2631 = ( GEOMETRIC_REPRESENTATION_CONTEXT(2) 
PARAMETRIC_REPRESENTATION_CONTEXT() REPRESENTATION_CONTEXT('2D SPACE',''
  ) );
#2632 = ORIENTED_EDGE('',*,*,#2633,.F.);
#2633 = EDGE_CURVE('',#2483,#2611,#2634,.T.);
#2634 = SURFACE_CURVE('',#2635,(#2639,#2646),.PCURVE_S1.);
#2635 = LINE('',#2636,#2637);
#2636 = CARTESIAN_POINT('',(-101.5884572681,-139.9563694509,52.));
#2637 = VECTOR('',#2638,1.);
#2638 = DIRECTION('',(0.,0.,1.));
#2639 = PCURVE('',#551,#2640);
#2640 = DEFINITIONAL_REPRESENTATION('',(#2641),#2645);
#2641 = LINE('',#2642,#2643);
#2642 = CARTESIAN_POINT('',(110.04090148667,0.));
#2643 = VECTOR('',#2644,1.);
#2644 = DIRECTION('',(0.,-1.));
#2645 = ( GEOMETRIC_REPRESENTATION_CONTEXT(2) 
PARAMETRIC_REPRESENTATION_CONTEXT() REPRESENTATION_CONTEXT('2D SPACE',''
  ) );
#2646 = PCURVE('',#2521,#2647);
#2647 = DEFINITIONAL_REPRESENTATION('',(#2648),#2652);
#2648 = LINE('',#2649,#2650);
#2649 = CARTESIAN_POINT('',(0.,0.));
#2650 = VECTOR('',#2651,1.);
#2651 = DIRECTION('',(0.,-1.));
#2652 = ( GEOMETRIC_REPRESENTATION_CONTEXT(2) 
PARAMETRIC_REPRESENTATION_CONTEXT() REPRESENTATION_CONTEXT('2D SPACE',''
  ) );
#2653 = ORIENTED_EDGE('',*,*,#2482,.F.);
#2654 = ORIENTED_EDGE('',*,*,#536,.F.);
#2655 = ADVANCED_FACE('',(#2656),#501,.F.);
#2656 = FACE_BOUND('',#2657,.F.);
#2657 = EDGE_LOOP('',(#2658,#2681,#2709,#2737,#2758,#2759));
#2658 = ORIENTED_EDGE('',*,*,#2659,.F.);
#2659 = EDGE_CURVE('',#2660,#454,#2662,.T.);
#2660 = VERTEX_POINT('',#2661);
#2661 = CARTESIAN_POINT('',(-172.,-18.,52.));
#2662 = SURFACE_CURVE('',#2663,(#2667,#2674),.PCURVE_S1.);
#2663 = LINE('',#2664,#2665);
#2664 = CARTESIAN_POINT('',(-172.,-18.,52.));
#2665 = VECTOR('',#2666,1.);
#2666 = DIRECTION('',(0.99962830651,2.726259017756E-02,0.));
#2667 = PCURVE('',#501,#2668);
#2668 = DEFINITIONAL_REPRESENTATION('',(#2669),#2673);
#2669 = LINE('',#2670,#2671);
#2670 = CARTESIAN_POINT('',(0.,0.));
#2671 = VECTOR('',#2672,1.);
#2672 = DIRECTION('',(1.,0.));
#2673 = ( GEOMETRIC_REPRESENTATION_CONTEXT(2) 
PARAMETRIC_REPRESENTATION_CONTEXT() REPRESENTATION_CONTEXT('2D SPACE',''
  ) );
#2674 = PCURVE('',#470,#2675);
#2675 = DEFINITIONAL_REPRESENTATION('',(#2676),#2680);
#2676 = LINE('',#2677,#2678);
#2677 = CARTESIAN_POINT('',(-60.98540297942,-18.));
#2678 = VECTOR('',#2679,1.);
#2679 = DIRECTION('',(0.99962830651,2.726259017756E-02));
#2680 = ( GEOMETRIC_REPRESENTATION_CONTEXT(2) 
PARAMETRIC_REPRESENTATION_CONTEXT() REPRESENTATION_CONTEXT('2D SPACE',''
  ) );
#2681 = ORIENTED_EDGE('',*,*,#2682,.T.);
#2682 = EDGE_CURVE('',#2660,#2683,#2685,.T.);
#2683 = VERTEX_POINT('',#2684);
#2684 = CARTESIAN_POINT('',(-172.,-18.,76.));
#2685 = SURFACE_CURVE('',#2686,(#2690,#2697),.PCURVE_S1.);
#2686 = LINE('',#2687,#2688);
#2687 = CARTESIAN_POINT('',(-172.,-18.,52.));
#2688 = VECTOR('',#2689,1.);
#2689 = DIRECTION('',(0.,0.,1.));
#2690 = PCURVE('',#501,#2691);
#2691 = DEFINITIONAL_REPRESENTATION('',(#2692),#2696);
#2692 = LINE('',#2693,#2694);
#2693 = CARTESIAN_POINT('',(0.,0.));
#2694 = VECTOR('',#2695,1.);
#2695 = DIRECTION('',(0.,-1.));
#2696 = ( GEOMETRIC_REPRESENTATION_CONTEXT(2) 
PARAMETRIC_REPRESENTATION_CONTEXT() REPRESENTATION_CONTEXT('2D SPACE',''
  ) );
#2697 = PCURVE('',#2698,#2703);
#2698 = PLANE('',#2699);
#2699 = AXIS2_PLACEMENT_3D('',#2700,#2701,#2702);
#2700 = CARTESIAN_POINT('',(-184.,-11.,52.));
#2701 = DIRECTION('',(0.503871025524,0.863778900898,-0.));
#2702 = DIRECTION('',(0.863778900898,-0.503871025524,0.));
#2703 = DEFINITIONAL_REPRESENTATION('',(#2704),#2708);
#2704 = LINE('',#2705,#2706);
#2705 = CARTESIAN_POINT('',(13.89244398945,0.));
#2706 = VECTOR('',#2707,1.);
#2707 = DIRECTION('',(0.,-1.));
#2708 = ( GEOMETRIC_REPRESENTATION_CONTEXT(2) 
PARAMETRIC_REPRESENTATION_CONTEXT() REPRESENTATION_CONTEXT('2D SPACE',''
  ) );
#2709 = ORIENTED_EDGE('',*,*,#2710,.T.);
#2710 = EDGE_CURVE('',#2683,#2711,#2713,.T.);
#2711 = VERTEX_POINT('',#2712);
#2712 = CARTESIAN_POINT('',(-62.,-15.,76.));
#2713 = SURFACE_CURVE('',#2714,(#2718,#2725),.PCURVE_S1.);
#2714 = LINE('',#2715,#2716);
#2715 = CARTESIAN_POINT('',(-172.,-18.,76.));
#2716 = VECTOR('',#2717,1.);
#2717 = DIRECTION('',(0.99962830651,2.726259017756E-02,0.));
#2718 = PCURVE('',#501,#2719);
#2719 = DEFINITIONAL_REPRESENTATION('',(#2720),#2724);
#2720 = LINE('',#2721,#2722);
#2721 = CARTESIAN_POINT('',(0.,-24.));
#2722 = VECTOR('',#2723,1.);
#2723 = DIRECTION('',(1.,0.));
#2724 = ( GEOMETRIC_REPRESENTATION_CONTEXT(2) 
PARAMETRIC_REPRESENTATION_CONTEXT() REPRESENTATION_CONTEXT('2D SPACE',''
  ) );
#2725 = PCURVE('',#2726,#2731);
#2726 = PLANE('',#2727);
#2727 = AXIS2_PLACEMENT_3D('',#2728,#2729,#2730);
#2728 = CARTESIAN_POINT('',(-111.0145970205,1.583499917339E-14,76.));
#2729 = DIRECTION('',(0.,0.,1.));
#2730 = DIRECTION('',(1.,0.,-0.));
#2731 = DEFINITIONAL_REPRESENTATION('',(#2732),#2736);
#2732 = LINE('',#2733,#2734);
#2733 = CARTESIAN_POINT('',(-60.98540297942,-18.));
#2734 = VECTOR('',#2735,1.);
#2735 = DIRECTION('',(0.99962830651,2.726259017756E-02));
#2736 = ( GEOMETRIC_REPRESENTATION_CONTEXT(2) 
PARAMETRIC_REPRESENTATION_CONTEXT() REPRESENTATION_CONTEXT('2D SPACE',''
  ) );
#2737 = ORIENTED_EDGE('',*,*,#2738,.F.);
#2738 = EDGE_CURVE('',#1817,#2711,#2739,.T.);
#2739 = SURFACE_CURVE('',#2740,(#2744,#2751),.PCURVE_S1.);
#2740 = LINE('',#2741,#2742);
#2741 = CARTESIAN_POINT('',(-62.,-15.,52.));
#2742 = VECTOR('',#2743,1.);
#2743 = DIRECTION('',(0.,0.,1.));
#2744 = PCURVE('',#501,#2745);
#2745 = DEFINITIONAL_REPRESENTATION('',(#2746),#2750);
#2746 = LINE('',#2747,#2748);
#2747 = CARTESIAN_POINT('',(110.04090148667,0.));
#2748 = VECTOR('',#2749,1.);
#2749 = DIRECTION('',(0.,-1.));
#2750 = ( GEOMETRIC_REPRESENTATION_CONTEXT(2) 
PARAMETRIC_REPRESENTATION_CONTEXT() REPRESENTATION_CONTEXT('2D SPACE',''
  ) );
#2751 = PCURVE('',#1831,#2752);
#2752 = DEFINITIONAL_REPRESENTATION('',(#2753),#2757);
#2753 = LINE('',#2754,#2755);
#2754 = CARTESIAN_POINT('',(0.,0.));
#2755 = VECTOR('',#2756,1.);
#2756 = DIRECTION('',(0.,-1.));
#2757 = ( GEOMETRIC_REPRESENTATION_CONTEXT(2) 
PARAMETRIC_REPRESENTATION_CONTEXT() REPRESENTATION_CONTEXT('2D SPACE',''
  ) );
#2758 = ORIENTED_EDGE('',*,*,#1842,.T.);
#2759 = ORIENTED_EDGE('',*,*,#486,.T.);
#2760 = ADVANCED_FACE('',(#2761),#470,.F.);
#2761 = FACE_BOUND('',#2762,.F.);
#2762 = EDGE_LOOP('',(#2763,#2764,#2787,#2815,#2843,#2864));
#2763 = ORIENTED_EDGE('',*,*,#453,.T.);
#2764 = ORIENTED_EDGE('',*,*,#2765,.T.);
#2765 = EDGE_CURVE('',#428,#2766,#2768,.T.);
#2766 = VERTEX_POINT('',#2767);
#2767 = CARTESIAN_POINT('',(-172.,18.,52.));
#2768 = SURFACE_CURVE('',#2769,(#2773,#2780),.PCURVE_S1.);
#2769 = LINE('',#2770,#2771);
#2770 = CARTESIAN_POINT('',(-62.,15.,52.));
#2771 = VECTOR('',#2772,1.);
#2772 = DIRECTION('',(-0.99962830651,2.726259017756E-02,0.));
#2773 = PCURVE('',#470,#2774);
#2774 = DEFINITIONAL_REPRESENTATION('',(#2775),#2779);
#2775 = LINE('',#2776,#2777);
#2776 = CARTESIAN_POINT('',(49.014597020577,15.));
#2777 = VECTOR('',#2778,1.);
#2778 = DIRECTION('',(-0.99962830651,2.726259017756E-02));
#2779 = ( GEOMETRIC_REPRESENTATION_CONTEXT(2) 
PARAMETRIC_REPRESENTATION_CONTEXT() REPRESENTATION_CONTEXT('2D SPACE',''
  ) );
#2780 = PCURVE('',#442,#2781);
#2781 = DEFINITIONAL_REPRESENTATION('',(#2782),#2786);
#2782 = LINE('',#2783,#2784);
#2783 = CARTESIAN_POINT('',(0.,0.));
#2784 = VECTOR('',#2785,1.);
#2785 = DIRECTION('',(1.,0.));
#2786 = ( GEOMETRIC_REPRESENTATION_CONTEXT(2) 
PARAMETRIC_REPRESENTATION_CONTEXT() REPRESENTATION_CONTEXT('2D SPACE',''
  ) );
#2787 = ORIENTED_EDGE('',*,*,#2788,.T.);
#2788 = EDGE_CURVE('',#2766,#2789,#2791,.T.);
#2789 = VERTEX_POINT('',#2790);
#2790 = CARTESIAN_POINT('',(-179.4828302285,13.635015699996,52.));
#2791 = SURFACE_CURVE('',#2792,(#2796,#2803),.PCURVE_S1.);
#2792 = LINE('',#2793,#2794);
#2793 = CARTESIAN_POINT('',(-172.,18.,52.));
#2794 = VECTOR('',#2795,1.);
#2795 = DIRECTION('',(-0.863778900898,-0.503871025524,0.));
#2796 = PCURVE('',#470,#2797);
#2797 = DEFINITIONAL_REPRESENTATION('',(#2798),#2802);
#2798 = LINE('',#2799,#2800);
#2799 = CARTESIAN_POINT('',(-60.98540297942,18.));
#2800 = VECTOR('',#2801,1.);
#2801 = DIRECTION('',(-0.863778900898,-0.503871025524));
#2802 = ( GEOMETRIC_REPRESENTATION_CONTEXT(2) 
PARAMETRIC_REPRESENTATION_CONTEXT() REPRESENTATION_CONTEXT('2D SPACE',''
  ) );
#2803 = PCURVE('',#2804,#2809);
#2804 = PLANE('',#2805);
#2805 = AXIS2_PLACEMENT_3D('',#2806,#2807,#2808);
#2806 = CARTESIAN_POINT('',(-172.,18.,52.));
#2807 = DIRECTION('',(0.503871025524,-0.863778900898,0.));
#2808 = DIRECTION('',(-0.863778900898,-0.503871025524,0.));
#2809 = DEFINITIONAL_REPRESENTATION('',(#2810),#2814);
#2810 = LINE('',#2811,#2812);
#2811 = CARTESIAN_POINT('',(0.,0.));
#2812 = VECTOR('',#2813,1.);
#2813 = DIRECTION('',(1.,0.));
#2814 = ( GEOMETRIC_REPRESENTATION_CONTEXT(2) 
PARAMETRIC_REPRESENTATION_CONTEXT() REPRESENTATION_CONTEXT('2D SPACE',''
  ) );
#2815 = ORIENTED_EDGE('',*,*,#2816,.F.);
#2816 = EDGE_CURVE('',#2817,#2789,#2819,.T.);
#2817 = VERTEX_POINT('',#2818);
#2818 = CARTESIAN_POINT('',(-179.4828302285,-13.63501569999,52.));
#2819 = SURFACE_CURVE('',#2820,(#2825,#2836),.PCURVE_S1.);
#2820 = CIRCLE('',#2821,180.);
#2821 = AXIS2_PLACEMENT_3D('',#2822,#2823,#2824);
#2822 = CARTESIAN_POINT('',(9.578339871034E-13,8.951719505639E-15,52.));
#2823 = DIRECTION('',(0.,0.,-1.));
#2824 = DIRECTION('',(1.,0.,0.));
#2825 = PCURVE('',#470,#2826);
#2826 = DEFINITIONAL_REPRESENTATION('',(#2827),#2835);
#2827 = ( BOUNDED_CURVE() B_SPLINE_CURVE(2,(#2828,#2829,#2830,#2831,
#2832,#2833,#2834),.UNSPECIFIED.,.T.,.F.) B_SPLINE_CURVE_WITH_KNOTS((1,2
    ,2,2,2,1),(-2.094395102393,0.,2.094395102393,4.188790204786,
6.28318530718,8.377580409573),.UNSPECIFIED.) CURVE() 
GEOMETRIC_REPRESENTATION_ITEM() RATIONAL_B_SPLINE_CURVE((1.,0.5,1.,0.5,
1.,0.5,1.)) REPRESENTATION_ITEM('') );
#2828 = CARTESIAN_POINT('',(291.01459702057,-6.883279667748E-15));
#2829 = CARTESIAN_POINT('',(291.01459702057,-311.7691453623));
#2830 = CARTESIAN_POINT('',(21.014597020578,-155.8845726811));
#2831 = CARTESIAN_POINT('',(-248.9854029794,-5.097056443705E-14));
#2832 = CARTESIAN_POINT('',(21.014597020578,155.88457268119));
#2833 = CARTESIAN_POINT('',(291.01459702057,311.76914536239));
#2834 = CARTESIAN_POINT('',(291.01459702057,-6.883279667748E-15));
#2835 = ( GEOMETRIC_REPRESENTATION_CONTEXT(2) 
PARAMETRIC_REPRESENTATION_CONTEXT() REPRESENTATION_CONTEXT('2D SPACE',''
  ) );
#2836 = PCURVE('',#882,#2837);
#2837 = DEFINITIONAL_REPRESENTATION('',(#2838),#2842);
#2838 = LINE('',#2839,#2840);
#2839 = CARTESIAN_POINT('',(-6.28318530718,-52.));
#2840 = VECTOR('',#2841,1.);
#2841 = DIRECTION('',(1.,-0.));
#2842 = ( GEOMETRIC_REPRESENTATION_CONTEXT(2) 
PARAMETRIC_REPRESENTATION_CONTEXT() REPRESENTATION_CONTEXT('2D SPACE',''
  ) );
#2843 = ORIENTED_EDGE('',*,*,#2844,.T.);
#2844 = EDGE_CURVE('',#2817,#2660,#2845,.T.);
#2845 = SURFACE_CURVE('',#2846,(#2850,#2857),.PCURVE_S1.);
#2846 = LINE('',#2847,#2848);
#2847 = CARTESIAN_POINT('',(-184.,-11.,52.));
#2848 = VECTOR('',#2849,1.);
#2849 = DIRECTION('',(0.863778900898,-0.503871025524,0.));
#2850 = PCURVE('',#470,#2851);
#2851 = DEFINITIONAL_REPRESENTATION('',(#2852),#2856);
#2852 = LINE('',#2853,#2854);
#2853 = CARTESIAN_POINT('',(-72.98540297942,-11.));
#2854 = VECTOR('',#2855,1.);
#2855 = DIRECTION('',(0.863778900898,-0.503871025524));
#2856 = ( GEOMETRIC_REPRESENTATION_CONTEXT(2) 
PARAMETRIC_REPRESENTATION_CONTEXT() REPRESENTATION_CONTEXT('2D SPACE',''
  ) );
#2857 = PCURVE('',#2698,#2858);
#2858 = DEFINITIONAL_REPRESENTATION('',(#2859),#2863);
#2859 = LINE('',#2860,#2861);
#2860 = CARTESIAN_POINT('',(0.,0.));
#2861 = VECTOR('',#2862,1.);
#2862 = DIRECTION('',(1.,0.));
#2863 = ( GEOMETRIC_REPRESENTATION_CONTEXT(2) 
PARAMETRIC_REPRESENTATION_CONTEXT() REPRESENTATION_CONTEXT('2D SPACE',''
  ) );
#2864 = ORIENTED_EDGE('',*,*,#2659,.T.);
#2865 = ADVANCED_FACE('',(#2866),#442,.F.);
#2866 = FACE_BOUND('',#2867,.F.);
#2867 = EDGE_LOOP('',(#2868,#2869,#2892,#2915,#2936,#2937));
#2868 = ORIENTED_EDGE('',*,*,#1743,.T.);
#2869 = ORIENTED_EDGE('',*,*,#2870,.T.);
#2870 = EDGE_CURVE('',#1744,#2871,#2873,.T.);
#2871 = VERTEX_POINT('',#2872);
#2872 = CARTESIAN_POINT('',(-62.,15.,76.));
#2873 = SURFACE_CURVE('',#2874,(#2878,#2885),.PCURVE_S1.);
#2874 = LINE('',#2875,#2876);
#2875 = CARTESIAN_POINT('',(-62.,15.,52.));
#2876 = VECTOR('',#2877,1.);
#2877 = DIRECTION('',(0.,0.,1.));
#2878 = PCURVE('',#442,#2879);
#2879 = DEFINITIONAL_REPRESENTATION('',(#2880),#2884);
#2880 = LINE('',#2881,#2882);
#2881 = CARTESIAN_POINT('',(0.,0.));
#2882 = VECTOR('',#2883,1.);
#2883 = DIRECTION('',(0.,-1.));
#2884 = ( GEOMETRIC_REPRESENTATION_CONTEXT(2) 
PARAMETRIC_REPRESENTATION_CONTEXT() REPRESENTATION_CONTEXT('2D SPACE',''
  ) );
#2885 = PCURVE('',#1779,#2886);
#2886 = DEFINITIONAL_REPRESENTATION('',(#2887),#2891);
#2887 = LINE('',#2888,#2889);
#2888 = CARTESIAN_POINT('',(26.476404589747,0.));
#2889 = VECTOR('',#2890,1.);
#2890 = DIRECTION('',(0.,-1.));
#2891 = ( GEOMETRIC_REPRESENTATION_CONTEXT(2) 
PARAMETRIC_REPRESENTATION_CONTEXT() REPRESENTATION_CONTEXT('2D SPACE',''
  ) );
#2892 = ORIENTED_EDGE('',*,*,#2893,.T.);
#2893 = EDGE_CURVE('',#2871,#2894,#2896,.T.);
#2894 = VERTEX_POINT('',#2895);
#2895 = CARTESIAN_POINT('',(-172.,18.,76.));
#2896 = SURFACE_CURVE('',#2897,(#2901,#2908),.PCURVE_S1.);
#2897 = LINE('',#2898,#2899);
#2898 = CARTESIAN_POINT('',(-62.,15.,76.));
#2899 = VECTOR('',#2900,1.);
#2900 = DIRECTION('',(-0.99962830651,2.726259017756E-02,0.));
#2901 = PCURVE('',#442,#2902);
#2902 = DEFINITIONAL_REPRESENTATION('',(#2903),#2907);
#2903 = LINE('',#2904,#2905);
#2904 = CARTESIAN_POINT('',(0.,-24.));
#2905 = VECTOR('',#2906,1.);
#2906 = DIRECTION('',(1.,0.));
#2907 = ( GEOMETRIC_REPRESENTATION_CONTEXT(2) 
PARAMETRIC_REPRESENTATION_CONTEXT() REPRESENTATION_CONTEXT('2D SPACE',''
  ) );
#2908 = PCURVE('',#2726,#2909);
#2909 = DEFINITIONAL_REPRESENTATION('',(#2910),#2914);
#2910 = LINE('',#2911,#2912);
#2911 = CARTESIAN_POINT('',(49.014597020577,15.));
#2912 = VECTOR('',#2913,1.);
#2913 = DIRECTION('',(-0.99962830651,2.726259017756E-02));
#2914 = ( GEOMETRIC_REPRESENTATION_CONTEXT(2) 
PARAMETRIC_REPRESENTATION_CONTEXT() REPRESENTATION_CONTEXT('2D SPACE',''
  ) );
#2915 = ORIENTED_EDGE('',*,*,#2916,.F.);
#2916 = EDGE_CURVE('',#2766,#2894,#2917,.T.);
#2917 = SURFACE_CURVE('',#2918,(#2922,#2929),.PCURVE_S1.);
#2918 = LINE('',#2919,#2920);
#2919 = CARTESIAN_POINT('',(-172.,18.,52.));
#2920 = VECTOR('',#2921,1.);
#2921 = DIRECTION('',(0.,0.,1.));
#2922 = PCURVE('',#442,#2923);
#2923 = DEFINITIONAL_REPRESENTATION('',(#2924),#2928);
#2924 = LINE('',#2925,#2926);
#2925 = CARTESIAN_POINT('',(110.04090148667,0.));
#2926 = VECTOR('',#2927,1.);
#2927 = DIRECTION('',(0.,-1.));
#2928 = ( GEOMETRIC_REPRESENTATION_CONTEXT(2) 
PARAMETRIC_REPRESENTATION_CONTEXT() REPRESENTATION_CONTEXT('2D SPACE',''
  ) );
#2929 = PCURVE('',#2804,#2930);
#2930 = DEFINITIONAL_REPRESENTATION('',(#2931),#2935);
#2931 = LINE('',#2932,#2933);
#2932 = CARTESIAN_POINT('',(0.,0.));
#2933 = VECTOR('',#2934,1.);
#2934 = DIRECTION('',(0.,-1.));
#2935 = ( GEOMETRIC_REPRESENTATION_CONTEXT(2) 
PARAMETRIC_REPRESENTATION_CONTEXT() REPRESENTATION_CONTEXT('2D SPACE',''
  ) );
#2936 = ORIENTED_EDGE('',*,*,#2765,.F.);
#2937 = ORIENTED_EDGE('',*,*,#427,.F.);
#2938 = ADVANCED_FACE('',(#2939),#392,.F.);
#2939 = FACE_BOUND('',#2940,.F.);
#2940 = EDGE_LOOP('',(#2941,#2964,#2992,#3020,#3041,#3042));
#2941 = ORIENTED_EDGE('',*,*,#2942,.F.);
#2942 = EDGE_CURVE('',#2943,#345,#2945,.T.);
#2943 = VERTEX_POINT('',#2944);
#2944 = CARTESIAN_POINT('',(-101.5884572681,139.95636945092,52.));
#2945 = SURFACE_CURVE('',#2946,(#2950,#2957),.PCURVE_S1.);
#2946 = LINE('',#2947,#2948);
#2947 = CARTESIAN_POINT('',(-101.5884572681,139.95636945092,52.));
#2948 = VECTOR('',#2949,1.);
#2949 = DIRECTION('',(0.523424248922,-0.852072212691,0.));
#2950 = PCURVE('',#392,#2951);
#2951 = DEFINITIONAL_REPRESENTATION('',(#2952),#2956);
#2952 = LINE('',#2953,#2954);
#2953 = CARTESIAN_POINT('',(0.,0.));
#2954 = VECTOR('',#2955,1.);
#2955 = DIRECTION('',(1.,0.));
#2956 = ( GEOMETRIC_REPRESENTATION_CONTEXT(2) 
PARAMETRIC_REPRESENTATION_CONTEXT() REPRESENTATION_CONTEXT('2D SPACE',''
  ) );
#2957 = PCURVE('',#361,#2958);
#2958 = DEFINITIONAL_REPRESENTATION('',(#2959),#2963);
#2959 = LINE('',#2960,#2961);
#2960 = CARTESIAN_POINT('',(-46.08115875783,43.814908240211));
#2961 = VECTOR('',#2962,1.);
#2962 = DIRECTION('',(0.523424248922,-0.852072212691));
#2963 = ( GEOMETRIC_REPRESENTATION_CONTEXT(2) 
PARAMETRIC_REPRESENTATION_CONTEXT() REPRESENTATION_CONTEXT('2D SPACE',''
  ) );
#2964 = ORIENTED_EDGE('',*,*,#2965,.T.);
#2965 = EDGE_CURVE('',#2943,#2966,#2968,.T.);
#2966 = VERTEX_POINT('',#2967);
#2967 = CARTESIAN_POINT('',(-101.5884572681,139.95636945092,76.));
#2968 = SURFACE_CURVE('',#2969,(#2973,#2980),.PCURVE_S1.);
#2969 = LINE('',#2970,#2971);
#2970 = CARTESIAN_POINT('',(-101.5884572681,139.95636945092,52.));
#2971 = VECTOR('',#2972,1.);
#2972 = DIRECTION('',(0.,0.,1.));
#2973 = PCURVE('',#392,#2974);
#2974 = DEFINITIONAL_REPRESENTATION('',(#2975),#2979);
#2975 = LINE('',#2976,#2977);
#2976 = CARTESIAN_POINT('',(0.,0.));
#2977 = VECTOR('',#2978,1.);
#2978 = DIRECTION('',(0.,-1.));
#2979 = ( GEOMETRIC_REPRESENTATION_CONTEXT(2) 
PARAMETRIC_REPRESENTATION_CONTEXT() REPRESENTATION_CONTEXT('2D SPACE',''
  ) );
#2980 = PCURVE('',#2981,#2986);
#2981 = PLANE('',#2982);
#2982 = AXIS2_PLACEMENT_3D('',#2983,#2984,#2985);
#2983 = CARTESIAN_POINT('',(-101.5262794416,153.84867429633,52.));
#2984 = DIRECTION('',(0.999989984193,-4.475657885559E-03,0.));
#2985 = DIRECTION('',(-4.475657885559E-03,-0.999989984193,0.));
#2986 = DEFINITIONAL_REPRESENTATION('',(#2987),#2991);
#2987 = LINE('',#2988,#2989);
#2988 = CARTESIAN_POINT('',(13.89244398945,0.));
#2989 = VECTOR('',#2990,1.);
#2990 = DIRECTION('',(0.,-1.));
#2991 = ( GEOMETRIC_REPRESENTATION_CONTEXT(2) 
PARAMETRIC_REPRESENTATION_CONTEXT() REPRESENTATION_CONTEXT('2D SPACE',''
  ) );
#2992 = ORIENTED_EDGE('',*,*,#2993,.T.);
#2993 = EDGE_CURVE('',#2966,#2994,#2996,.T.);
#2994 = VERTEX_POINT('',#2995);
#2995 = CARTESIAN_POINT('',(-43.99038105676,46.193575034635,76.));
#2996 = SURFACE_CURVE('',#2997,(#3001,#3008),.PCURVE_S1.);
#2997 = LINE('',#2998,#2999);
#2998 = CARTESIAN_POINT('',(-101.5884572681,139.95636945092,76.));
#2999 = VECTOR('',#3000,1.);
#3000 = DIRECTION('',(0.523424248922,-0.852072212691,0.));
#3001 = PCURVE('',#392,#3002);
#3002 = DEFINITIONAL_REPRESENTATION('',(#3003),#3007);
#3003 = LINE('',#3004,#3005);
#3004 = CARTESIAN_POINT('',(0.,-24.));
#3005 = VECTOR('',#3006,1.);
#3006 = DIRECTION('',(1.,0.));
#3007 = ( GEOMETRIC_REPRESENTATION_CONTEXT(2) 
PARAMETRIC_REPRESENTATION_CONTEXT() REPRESENTATION_CONTEXT('2D SPACE',''
  ) );
#3008 = PCURVE('',#3009,#3014);
#3009 = PLANE('',#3010);
#3010 = AXIS2_PLACEMENT_3D('',#3011,#3012,#3013);
#3011 = CARTESIAN_POINT('',(-55.50729851028,96.141461210712,76.));
#3012 = DIRECTION('',(0.,0.,1.));
#3013 = DIRECTION('',(1.,0.,-0.));
#3014 = DEFINITIONAL_REPRESENTATION('',(#3015),#3019);
#3015 = LINE('',#3016,#3017);
#3016 = CARTESIAN_POINT('',(-46.08115875783,43.814908240211));
#3017 = VECTOR('',#3018,1.);
#3018 = DIRECTION('',(0.523424248922,-0.852072212691));
#3019 = ( GEOMETRIC_REPRESENTATION_CONTEXT(2) 
PARAMETRIC_REPRESENTATION_CONTEXT() REPRESENTATION_CONTEXT('2D SPACE',''
  ) );
#3020 = ORIENTED_EDGE('',*,*,#3021,.F.);
#3021 = EDGE_CURVE('',#1698,#2994,#3022,.T.);
#3022 = SURFACE_CURVE('',#3023,(#3027,#3034),.PCURVE_S1.);
#3023 = LINE('',#3024,#3025);
#3024 = CARTESIAN_POINT('',(-43.99038105676,46.193575034635,52.));
#3025 = VECTOR('',#3026,1.);
#3026 = DIRECTION('',(0.,0.,1.));
#3027 = PCURVE('',#392,#3028);
#3028 = DEFINITIONAL_REPRESENTATION('',(#3029),#3033);
#3029 = LINE('',#3030,#3031);
#3030 = CARTESIAN_POINT('',(110.04090148667,0.));
#3031 = VECTOR('',#3032,1.);
#3032 = DIRECTION('',(0.,-1.));
#3033 = ( GEOMETRIC_REPRESENTATION_CONTEXT(2) 
PARAMETRIC_REPRESENTATION_CONTEXT() REPRESENTATION_CONTEXT('2D SPACE',''
  ) );
#3034 = PCURVE('',#1712,#3035);
#3035 = DEFINITIONAL_REPRESENTATION('',(#3036),#3040);
#3036 = LINE('',#3037,#3038);
#3037 = CARTESIAN_POINT('',(0.,0.));
#3038 = VECTOR('',#3039,1.);
#3039 = DIRECTION('',(0.,-1.));
#3040 = ( GEOMETRIC_REPRESENTATION_CONTEXT(2) 
PARAMETRIC_REPRESENTATION_CONTEXT() REPRESENTATION_CONTEXT('2D SPACE',''
  ) );
#3041 = ORIENTED_EDGE('',*,*,#1723,.T.);
#3042 = ORIENTED_EDGE('',*,*,#377,.T.);
#3043 = ADVANCED_FACE('',(#3044),#361,.F.);
#3044 = FACE_BOUND('',#3045,.F.);
#3045 = EDGE_LOOP('',(#3046,#3047,#3070,#3098,#3126,#3147));
#3046 = ORIENTED_EDGE('',*,*,#344,.T.);
#3047 = ORIENTED_EDGE('',*,*,#3048,.T.);
#3048 = EDGE_CURVE('',#319,#3049,#3051,.T.);
#3049 = VERTEX_POINT('',#3050);
#3050 = CARTESIAN_POINT('',(-70.41154273188,157.95636945092,52.));
#3051 = SURFACE_CURVE('',#3052,(#3056,#3063),.PCURVE_S1.);
#3052 = LINE('',#3053,#3054);
#3053 = CARTESIAN_POINT('',(-18.00961894323,61.193575034635,52.));
#3054 = VECTOR('',#3055,1.);
#3055 = DIRECTION('',(-0.476204057588,0.879334802869,0.));
#3056 = PCURVE('',#361,#3057);
#3057 = DEFINITIONAL_REPRESENTATION('',(#3058),#3062);
#3058 = LINE('',#3059,#3060);
#3059 = CARTESIAN_POINT('',(37.497679567055,-34.94788617607));
#3060 = VECTOR('',#3061,1.);
#3061 = DIRECTION('',(-0.476204057588,0.879334802869));
#3062 = ( GEOMETRIC_REPRESENTATION_CONTEXT(2) 
PARAMETRIC_REPRESENTATION_CONTEXT() REPRESENTATION_CONTEXT('2D SPACE',''
  ) );
#3063 = PCURVE('',#333,#3064);
#3064 = DEFINITIONAL_REPRESENTATION('',(#3065),#3069);
#3065 = LINE('',#3066,#3067);
#3066 = CARTESIAN_POINT('',(0.,0.));
#3067 = VECTOR('',#3068,1.);
#3068 = DIRECTION('',(1.,0.));
#3069 = ( GEOMETRIC_REPRESENTATION_CONTEXT(2) 
PARAMETRIC_REPRESENTATION_CONTEXT() REPRESENTATION_CONTEXT('2D SPACE',''
  ) );
#3070 = ORIENTED_EDGE('',*,*,#3071,.T.);
#3071 = EDGE_CURVE('',#3049,#3072,#3074,.T.);
#3072 = VERTEX_POINT('',#3073);
#3073 = CARTESIAN_POINT('',(-77.93314513709,162.25419837107,52.));
#3074 = SURFACE_CURVE('',#3075,(#3079,#3086),.PCURVE_S1.);
#3075 = LINE('',#3076,#3077);
#3076 = CARTESIAN_POINT('',(-70.41154273188,157.95636945092,52.));
#3077 = VECTOR('',#3078,1.);
#3078 = DIRECTION('',(-0.868254558784,0.496118958669,0.));
#3079 = PCURVE('',#361,#3080);
#3080 = DEFINITIONAL_REPRESENTATION('',(#3081),#3085);
#3081 = LINE('',#3082,#3083);
#3082 = CARTESIAN_POINT('',(-14.90424422159,61.814908240211));
#3083 = VECTOR('',#3084,1.);
#3084 = DIRECTION('',(-0.868254558784,0.496118958669));
#3085 = ( GEOMETRIC_REPRESENTATION_CONTEXT(2) 
PARAMETRIC_REPRESENTATION_CONTEXT() REPRESENTATION_CONTEXT('2D SPACE',''
  ) );
#3086 = PCURVE('',#3087,#3092);
#3087 = PLANE('',#3088);
#3088 = AXIS2_PLACEMENT_3D('',#3089,#3090,#3091);
#3089 = CARTESIAN_POINT('',(-70.41154273188,157.95636945092,52.));
#3090 = DIRECTION('',(-0.496118958669,-0.868254558784,0.));
#3091 = DIRECTION('',(-0.868254558784,0.496118958669,0.));
#3092 = DEFINITIONAL_REPRESENTATION('',(#3093),#3097);
#3093 = LINE('',#3094,#3095);
#3094 = CARTESIAN_POINT('',(0.,0.));
#3095 = VECTOR('',#3096,1.);
#3096 = DIRECTION('',(1.,0.));
#3097 = ( GEOMETRIC_REPRESENTATION_CONTEXT(2) 
PARAMETRIC_REPRESENTATION_CONTEXT() REPRESENTATION_CONTEXT('2D SPACE',''
  ) );
#3098 = ORIENTED_EDGE('',*,*,#3099,.F.);
#3099 = EDGE_CURVE('',#3100,#3072,#3102,.T.);
#3100 = VERTEX_POINT('',#3101);
#3101 = CARTESIAN_POINT('',(-101.5496850914,148.61918267108,52.));
#3102 = SURFACE_CURVE('',#3103,(#3108,#3119),.PCURVE_S1.);
#3103 = CIRCLE('',#3104,180.);
#3104 = AXIS2_PLACEMENT_3D('',#3105,#3106,#3107);
#3105 = CARTESIAN_POINT('',(9.578339871034E-13,8.951719505639E-15,52.));
#3106 = DIRECTION('',(0.,0.,-1.));
#3107 = DIRECTION('',(1.,0.,0.));
#3108 = PCURVE('',#361,#3109);
#3109 = DEFINITIONAL_REPRESENTATION('',(#3110),#3118);
#3110 = ( BOUNDED_CURVE() B_SPLINE_CURVE(2,(#3111,#3112,#3113,#3114,
#3115,#3116,#3117),.UNSPECIFIED.,.T.,.F.) B_SPLINE_CURVE_WITH_KNOTS((1,2
    ,2,2,2,1),(-2.094395102393,0.,2.094395102393,4.188790204786,
6.28318530718,8.377580409573),.UNSPECIFIED.) CURVE() 
GEOMETRIC_REPRESENTATION_ITEM() RATIONAL_B_SPLINE_CURVE((1.,0.5,1.,0.5,
1.,0.5,1.)) REPRESENTATION_ITEM('') );
#3111 = CARTESIAN_POINT('',(235.50729851029,-96.14146121071));
#3112 = CARTESIAN_POINT('',(235.50729851029,-407.9106065731));
#3113 = CARTESIAN_POINT('',(-34.49270148971,-252.0260338919));
#3114 = CARTESIAN_POINT('',(-304.4927014897,-96.14146121071));
#3115 = CARTESIAN_POINT('',(-34.49270148971,59.743111470487));
#3116 = CARTESIAN_POINT('',(235.50729851028,215.62768415168));
#3117 = CARTESIAN_POINT('',(235.50729851029,-96.14146121071));
#3118 = ( GEOMETRIC_REPRESENTATION_CONTEXT(2) 
PARAMETRIC_REPRESENTATION_CONTEXT() REPRESENTATION_CONTEXT('2D SPACE',''
  ) );
#3119 = PCURVE('',#882,#3120);
#3120 = DEFINITIONAL_REPRESENTATION('',(#3121),#3125);
#3121 = LINE('',#3122,#3123);
#3122 = CARTESIAN_POINT('',(-6.28318530718,-52.));
#3123 = VECTOR('',#3124,1.);
#3124 = DIRECTION('',(1.,-0.));
#3125 = ( GEOMETRIC_REPRESENTATION_CONTEXT(2) 
PARAMETRIC_REPRESENTATION_CONTEXT() REPRESENTATION_CONTEXT('2D SPACE',''
  ) );
#3126 = ORIENTED_EDGE('',*,*,#3127,.T.);
#3127 = EDGE_CURVE('',#3100,#2943,#3128,.T.);
#3128 = SURFACE_CURVE('',#3129,(#3133,#3140),.PCURVE_S1.);
#3129 = LINE('',#3130,#3131);
#3130 = CARTESIAN_POINT('',(-101.5262794416,153.84867429633,52.));
#3131 = VECTOR('',#3132,1.);
#3132 = DIRECTION('',(-4.475657885559E-03,-0.999989984193,0.));
#3133 = PCURVE('',#361,#3134);
#3134 = DEFINITIONAL_REPRESENTATION('',(#3135),#3139);
#3135 = LINE('',#3136,#3137);
#3136 = CARTESIAN_POINT('',(-46.01898093134,57.707213085625));
#3137 = VECTOR('',#3138,1.);
#3138 = DIRECTION('',(-4.475657885559E-03,-0.999989984193));
#3139 = ( GEOMETRIC_REPRESENTATION_CONTEXT(2) 
PARAMETRIC_REPRESENTATION_CONTEXT() REPRESENTATION_CONTEXT('2D SPACE',''
  ) );
#3140 = PCURVE('',#2981,#3141);
#3141 = DEFINITIONAL_REPRESENTATION('',(#3142),#3146);
#3142 = LINE('',#3143,#3144);
#3143 = CARTESIAN_POINT('',(0.,0.));
#3144 = VECTOR('',#3145,1.);
#3145 = DIRECTION('',(1.,0.));
#3146 = ( GEOMETRIC_REPRESENTATION_CONTEXT(2) 
PARAMETRIC_REPRESENTATION_CONTEXT() REPRESENTATION_CONTEXT('2D SPACE',''
  ) );
#3147 = ORIENTED_EDGE('',*,*,#2942,.T.);
#3148 = ADVANCED_FACE('',(#3149),#333,.F.);
#3149 = FACE_BOUND('',#3150,.F.);
#3150 = EDGE_LOOP('',(#3151,#3152,#3175,#3198,#3219,#3220));
#3151 = ORIENTED_EDGE('',*,*,#1565,.T.);
#3152 = ORIENTED_EDGE('',*,*,#3153,.T.);
#3153 = EDGE_CURVE('',#1566,#3154,#3156,.T.);
#3154 = VERTEX_POINT('',#3155);
#3155 = CARTESIAN_POINT('',(-18.00961894323,61.193575034635,76.));
#3156 = SURFACE_CURVE('',#3157,(#3161,#3168),.PCURVE_S1.);
#3157 = LINE('',#3158,#3159);
#3158 = CARTESIAN_POINT('',(-18.00961894323,61.193575034635,52.));
#3159 = VECTOR('',#3160,1.);
#3160 = DIRECTION('',(0.,0.,1.));
#3161 = PCURVE('',#333,#3162);
#3162 = DEFINITIONAL_REPRESENTATION('',(#3163),#3167);
#3163 = LINE('',#3164,#3165);
#3164 = CARTESIAN_POINT('',(0.,0.));
#3165 = VECTOR('',#3166,1.);
#3166 = DIRECTION('',(0.,-1.));
#3167 = ( GEOMETRIC_REPRESENTATION_CONTEXT(2) 
PARAMETRIC_REPRESENTATION_CONTEXT() REPRESENTATION_CONTEXT('2D SPACE',''
  ) );
#3168 = PCURVE('',#1601,#3169);
#3169 = DEFINITIONAL_REPRESENTATION('',(#3170),#3174);
#3170 = LINE('',#3171,#3172);
#3171 = CARTESIAN_POINT('',(26.476404589747,0.));
#3172 = VECTOR('',#3173,1.);
#3173 = DIRECTION('',(0.,-1.));
#3174 = ( GEOMETRIC_REPRESENTATION_CONTEXT(2) 
PARAMETRIC_REPRESENTATION_CONTEXT() REPRESENTATION_CONTEXT('2D SPACE',''
  ) );
#3175 = ORIENTED_EDGE('',*,*,#3176,.T.);
#3176 = EDGE_CURVE('',#3154,#3177,#3179,.T.);
#3177 = VERTEX_POINT('',#3178);
#3178 = CARTESIAN_POINT('',(-70.41154273188,157.95636945092,76.));
#3179 = SURFACE_CURVE('',#3180,(#3184,#3191),.PCURVE_S1.);
#3180 = LINE('',#3181,#3182);
#3181 = CARTESIAN_POINT('',(-18.00961894323,61.193575034635,76.));
#3182 = VECTOR('',#3183,1.);
#3183 = DIRECTION('',(-0.476204057588,0.879334802869,0.));
#3184 = PCURVE('',#333,#3185);
#3185 = DEFINITIONAL_REPRESENTATION('',(#3186),#3190);
#3186 = LINE('',#3187,#3188);
#3187 = CARTESIAN_POINT('',(0.,-24.));
#3188 = VECTOR('',#3189,1.);
#3189 = DIRECTION('',(1.,0.));
#3190 = ( GEOMETRIC_REPRESENTATION_CONTEXT(2) 
PARAMETRIC_REPRESENTATION_CONTEXT() REPRESENTATION_CONTEXT('2D SPACE',''
  ) );
#3191 = PCURVE('',#3009,#3192);
#3192 = DEFINITIONAL_REPRESENTATION('',(#3193),#3197);
#3193 = LINE('',#3194,#3195);
#3194 = CARTESIAN_POINT('',(37.497679567055,-34.94788617607));
#3195 = VECTOR('',#3196,1.);
#3196 = DIRECTION('',(-0.476204057588,0.879334802869));
#3197 = ( GEOMETRIC_REPRESENTATION_CONTEXT(2) 
PARAMETRIC_REPRESENTATION_CONTEXT() REPRESENTATION_CONTEXT('2D SPACE',''
  ) );
#3198 = ORIENTED_EDGE('',*,*,#3199,.F.);
#3199 = EDGE_CURVE('',#3049,#3177,#3200,.T.);
#3200 = SURFACE_CURVE('',#3201,(#3205,#3212),.PCURVE_S1.);
#3201 = LINE('',#3202,#3203);
#3202 = CARTESIAN_POINT('',(-70.41154273188,157.95636945092,52.));
#3203 = VECTOR('',#3204,1.);
#3204 = DIRECTION('',(0.,0.,1.));
#3205 = PCURVE('',#333,#3206);
#3206 = DEFINITIONAL_REPRESENTATION('',(#3207),#3211);
#3207 = LINE('',#3208,#3209);
#3208 = CARTESIAN_POINT('',(110.04090148667,0.));
#3209 = VECTOR('',#3210,1.);
#3210 = DIRECTION('',(0.,-1.));
#3211 = ( GEOMETRIC_REPRESENTATION_CONTEXT(2) 
PARAMETRIC_REPRESENTATION_CONTEXT() REPRESENTATION_CONTEXT('2D SPACE',''
  ) );
#3212 = PCURVE('',#3087,#3213);
#3213 = DEFINITIONAL_REPRESENTATION('',(#3214),#3218);
#3214 = LINE('',#3215,#3216);
#3215 = CARTESIAN_POINT('',(0.,0.));
#3216 = VECTOR('',#3217,1.);
#3217 = DIRECTION('',(0.,-1.));
#3218 = ( GEOMETRIC_REPRESENTATION_CONTEXT(2) 
PARAMETRIC_REPRESENTATION_CONTEXT() REPRESENTATION_CONTEXT('2D SPACE',''
  ) );
#3219 = ORIENTED_EDGE('',*,*,#3048,.F.);
#3220 = ORIENTED_EDGE('',*,*,#318,.F.);
#3221 = ADVANCED_FACE('',(#3222),#283,.F.);
#3222 = FACE_BOUND('',#3223,.F.);
#3223 = EDGE_LOOP('',(#3224,#3247,#3275,#3303,#3324,#3325));
#3224 = ORIENTED_EDGE('',*,*,#3225,.F.);
#3225 = EDGE_CURVE('',#3226,#236,#3228,.T.);
#3226 = VERTEX_POINT('',#3227);
#3227 = CARTESIAN_POINT('',(70.41154273188,157.95636945092,52.));
#3228 = SURFACE_CURVE('',#3229,(#3233,#3240),.PCURVE_S1.);
#3229 = LINE('',#3230,#3231);
#3230 = CARTESIAN_POINT('',(70.41154273188,157.95636945092,52.));
#3231 = VECTOR('',#3232,1.);
#3232 = DIRECTION('',(-0.476204057588,-0.879334802869,0.));
#3233 = PCURVE('',#283,#3234);
#3234 = DEFINITIONAL_REPRESENTATION('',(#3235),#3239);
#3235 = LINE('',#3236,#3237);
#3236 = CARTESIAN_POINT('',(0.,0.));
#3237 = VECTOR('',#3238,1.);
#3238 = DIRECTION('',(1.,0.));
#3239 = ( GEOMETRIC_REPRESENTATION_CONTEXT(2) 
PARAMETRIC_REPRESENTATION_CONTEXT() REPRESENTATION_CONTEXT('2D SPACE',''
  ) );
#3240 = PCURVE('',#252,#3241);
#3241 = DEFINITIONAL_REPRESENTATION('',(#3242),#3246);
#3242 = LINE('',#3243,#3244);
#3243 = CARTESIAN_POINT('',(14.904244221592,61.814908240211));
#3244 = VECTOR('',#3245,1.);
#3245 = DIRECTION('',(-0.476204057588,-0.879334802869));
#3246 = ( GEOMETRIC_REPRESENTATION_CONTEXT(2) 
PARAMETRIC_REPRESENTATION_CONTEXT() REPRESENTATION_CONTEXT('2D SPACE',''
  ) );
#3247 = ORIENTED_EDGE('',*,*,#3248,.T.);
#3248 = EDGE_CURVE('',#3226,#3249,#3251,.T.);
#3249 = VERTEX_POINT('',#3250);
#3250 = CARTESIAN_POINT('',(70.41154273188,157.95636945092,76.));
#3251 = SURFACE_CURVE('',#3252,(#3256,#3263),.PCURVE_S1.);
#3252 = LINE('',#3253,#3254);
#3253 = CARTESIAN_POINT('',(70.41154273188,157.95636945092,52.));
#3254 = VECTOR('',#3255,1.);
#3255 = DIRECTION('',(0.,0.,1.));
#3256 = PCURVE('',#283,#3257);
#3257 = DEFINITIONAL_REPRESENTATION('',(#3258),#3262);
#3258 = LINE('',#3259,#3260);
#3259 = CARTESIAN_POINT('',(0.,0.));
#3260 = VECTOR('',#3261,1.);
#3261 = DIRECTION('',(0.,-1.));
#3262 = ( GEOMETRIC_REPRESENTATION_CONTEXT(2) 
PARAMETRIC_REPRESENTATION_CONTEXT() REPRESENTATION_CONTEXT('2D SPACE',''
  ) );
#3263 = PCURVE('',#3264,#3269);
#3264 = PLANE('',#3265);
#3265 = AXIS2_PLACEMENT_3D('',#3266,#3267,#3268);
#3266 = CARTESIAN_POINT('',(82.473720558371,164.84867429633,52.));
#3267 = DIRECTION('',(0.496118958669,-0.868254558784,0.));
#3268 = DIRECTION('',(-0.868254558784,-0.496118958669,0.));
#3269 = DEFINITIONAL_REPRESENTATION('',(#3270),#3274);
#3270 = LINE('',#3271,#3272);
#3271 = CARTESIAN_POINT('',(13.89244398945,0.));
#3272 = VECTOR('',#3273,1.);
#3273 = DIRECTION('',(0.,-1.));
#3274 = ( GEOMETRIC_REPRESENTATION_CONTEXT(2) 
PARAMETRIC_REPRESENTATION_CONTEXT() REPRESENTATION_CONTEXT('2D SPACE',''
  ) );
#3275 = ORIENTED_EDGE('',*,*,#3276,.T.);
#3276 = EDGE_CURVE('',#3249,#3277,#3279,.T.);
#3277 = VERTEX_POINT('',#3278);
#3278 = CARTESIAN_POINT('',(18.009618943233,61.193575034635,76.));
#3279 = SURFACE_CURVE('',#3280,(#3284,#3291),.PCURVE_S1.);
#3280 = LINE('',#3281,#3282);
#3281 = CARTESIAN_POINT('',(70.41154273188,157.95636945092,76.));
#3282 = VECTOR('',#3283,1.);
#3283 = DIRECTION('',(-0.476204057588,-0.879334802869,0.));
#3284 = PCURVE('',#283,#3285);
#3285 = DEFINITIONAL_REPRESENTATION('',(#3286),#3290);
#3286 = LINE('',#3287,#3288);
#3287 = CARTESIAN_POINT('',(0.,-24.));
#3288 = VECTOR('',#3289,1.);
#3289 = DIRECTION('',(1.,0.));
#3290 = ( GEOMETRIC_REPRESENTATION_CONTEXT(2) 
PARAMETRIC_REPRESENTATION_CONTEXT() REPRESENTATION_CONTEXT('2D SPACE',''
  ) );
#3291 = PCURVE('',#3292,#3297);
#3292 = PLANE('',#3293);
#3293 = AXIS2_PLACEMENT_3D('',#3294,#3295,#3296);
#3294 = CARTESIAN_POINT('',(55.507298510289,96.141461210712,76.));
#3295 = DIRECTION('',(0.,0.,1.));
#3296 = DIRECTION('',(1.,0.,-0.));
#3297 = DEFINITIONAL_REPRESENTATION('',(#3298),#3302);
#3298 = LINE('',#3299,#3300);
#3299 = CARTESIAN_POINT('',(14.904244221592,61.814908240211));
#3300 = VECTOR('',#3301,1.);
#3301 = DIRECTION('',(-0.476204057588,-0.879334802869));
#3302 = ( GEOMETRIC_REPRESENTATION_CONTEXT(2) 
PARAMETRIC_REPRESENTATION_CONTEXT() REPRESENTATION_CONTEXT('2D SPACE',''
  ) );
#3303 = ORIENTED_EDGE('',*,*,#3304,.F.);
#3304 = EDGE_CURVE('',#1520,#3277,#3305,.T.);
#3305 = SURFACE_CURVE('',#3306,(#3310,#3317),.PCURVE_S1.);
#3306 = LINE('',#3307,#3308);
#3307 = CARTESIAN_POINT('',(18.009618943233,61.193575034635,52.));
#3308 = VECTOR('',#3309,1.);
#3309 = DIRECTION('',(0.,0.,1.));
#3310 = PCURVE('',#283,#3311);
#3311 = DEFINITIONAL_REPRESENTATION('',(#3312),#3316);
#3312 = LINE('',#3313,#3314);
#3313 = CARTESIAN_POINT('',(110.04090148667,0.));
#3314 = VECTOR('',#3315,1.);
#3315 = DIRECTION('',(0.,-1.));
#3316 = ( GEOMETRIC_REPRESENTATION_CONTEXT(2) 
PARAMETRIC_REPRESENTATION_CONTEXT() REPRESENTATION_CONTEXT('2D SPACE',''
  ) );
#3317 = PCURVE('',#1534,#3318);
#3318 = DEFINITIONAL_REPRESENTATION('',(#3319),#3323);
#3319 = LINE('',#3320,#3321);
#3320 = CARTESIAN_POINT('',(0.,0.));
#3321 = VECTOR('',#3322,1.);
#3322 = DIRECTION('',(0.,-1.));
#3323 = ( GEOMETRIC_REPRESENTATION_CONTEXT(2) 
PARAMETRIC_REPRESENTATION_CONTEXT() REPRESENTATION_CONTEXT('2D SPACE',''
  ) );
#3324 = ORIENTED_EDGE('',*,*,#1545,.T.);
#3325 = ORIENTED_EDGE('',*,*,#268,.T.);
#3326 = ADVANCED_FACE('',(#3327),#252,.F.);
#3327 = FACE_BOUND('',#3328,.F.);
#3328 = EDGE_LOOP('',(#3329,#3330,#3353,#3381,#3409,#3430));
#3329 = ORIENTED_EDGE('',*,*,#235,.T.);
#3330 = ORIENTED_EDGE('',*,*,#3331,.T.);
#3331 = EDGE_CURVE('',#210,#3332,#3334,.T.);
#3332 = VERTEX_POINT('',#3333);
#3333 = CARTESIAN_POINT('',(101.58845726812,139.95636945092,52.));
#3334 = SURFACE_CURVE('',#3335,(#3339,#3346),.PCURVE_S1.);
#3335 = LINE('',#3336,#3337);
#3336 = CARTESIAN_POINT('',(43.990381056767,46.193575034635,52.));
#3337 = VECTOR('',#3338,1.);
#3338 = DIRECTION('',(0.523424248922,0.852072212691,0.));
#3339 = PCURVE('',#252,#3340);
#3340 = DEFINITIONAL_REPRESENTATION('',(#3341),#3345);
#3341 = LINE('',#3342,#3343);
#3342 = CARTESIAN_POINT('',(-11.51691745352,-49.94788617607));
#3343 = VECTOR('',#3344,1.);
#3344 = DIRECTION('',(0.523424248922,0.852072212691));
#3345 = ( GEOMETRIC_REPRESENTATION_CONTEXT(2) 
PARAMETRIC_REPRESENTATION_CONTEXT() REPRESENTATION_CONTEXT('2D SPACE',''
  ) );
#3346 = PCURVE('',#224,#3347);
#3347 = DEFINITIONAL_REPRESENTATION('',(#3348),#3352);
#3348 = LINE('',#3349,#3350);
#3349 = CARTESIAN_POINT('',(0.,0.));
#3350 = VECTOR('',#3351,1.);
#3351 = DIRECTION('',(1.,0.));
#3352 = ( GEOMETRIC_REPRESENTATION_CONTEXT(2) 
PARAMETRIC_REPRESENTATION_CONTEXT() REPRESENTATION_CONTEXT('2D SPACE',''
  ) );
#3353 = ORIENTED_EDGE('',*,*,#3354,.T.);
#3354 = EDGE_CURVE('',#3332,#3355,#3357,.T.);
#3355 = VERTEX_POINT('',#3356);
#3356 = CARTESIAN_POINT('',(101.54968509148,148.61918267108,52.));
#3357 = SURFACE_CURVE('',#3358,(#3362,#3369),.PCURVE_S1.);
#3358 = LINE('',#3359,#3360);
#3359 = CARTESIAN_POINT('',(101.58845726812,139.95636945092,52.));
#3360 = VECTOR('',#3361,1.);
#3361 = DIRECTION('',(-4.475657885559E-03,0.999989984193,0.));
#3362 = PCURVE('',#252,#3363);
#3363 = DEFINITIONAL_REPRESENTATION('',(#3364),#3368);
#3364 = LINE('',#3365,#3366);
#3365 = CARTESIAN_POINT('',(46.081158757831,43.814908240211));
#3366 = VECTOR('',#3367,1.);
#3367 = DIRECTION('',(-4.475657885559E-03,0.999989984193));
#3368 = ( GEOMETRIC_REPRESENTATION_CONTEXT(2) 
PARAMETRIC_REPRESENTATION_CONTEXT() REPRESENTATION_CONTEXT('2D SPACE',''
  ) );
#3369 = PCURVE('',#3370,#3375);
#3370 = PLANE('',#3371);
#3371 = AXIS2_PLACEMENT_3D('',#3372,#3373,#3374);
#3372 = CARTESIAN_POINT('',(101.58845726812,139.95636945092,52.));
#3373 = DIRECTION('',(-0.999989984193,-4.475657885559E-03,0.));
#3374 = DIRECTION('',(-4.475657885559E-03,0.999989984193,0.));
#3375 = DEFINITIONAL_REPRESENTATION('',(#3376),#3380);
#3376 = LINE('',#3377,#3378);
#3377 = CARTESIAN_POINT('',(0.,0.));
#3378 = VECTOR('',#3379,1.);
#3379 = DIRECTION('',(1.,0.));
#3380 = ( GEOMETRIC_REPRESENTATION_CONTEXT(2) 
PARAMETRIC_REPRESENTATION_CONTEXT() REPRESENTATION_CONTEXT('2D SPACE',''
  ) );
#3381 = ORIENTED_EDGE('',*,*,#3382,.F.);
#3382 = EDGE_CURVE('',#3383,#3355,#3385,.T.);
#3383 = VERTEX_POINT('',#3384);
#3384 = CARTESIAN_POINT('',(77.933145137094,162.25419837107,52.));
#3385 = SURFACE_CURVE('',#3386,(#3391,#3402),.PCURVE_S1.);
#3386 = CIRCLE('',#3387,180.);
#3387 = AXIS2_PLACEMENT_3D('',#3388,#3389,#3390);
#3388 = CARTESIAN_POINT('',(9.578339871034E-13,8.951719505639E-15,52.));
#3389 = DIRECTION('',(0.,0.,-1.));
#3390 = DIRECTION('',(1.,0.,0.));
#3391 = PCURVE('',#252,#3392);
#3392 = DEFINITIONAL_REPRESENTATION('',(#3393),#3401);
#3393 = ( BOUNDED_CURVE() B_SPLINE_CURVE(2,(#3394,#3395,#3396,#3397,
#3398,#3399,#3400),.UNSPECIFIED.,.T.,.F.) B_SPLINE_CURVE_WITH_KNOTS((1,2
    ,2,2,2,1),(-2.094395102393,0.,2.094395102393,4.188790204786,
6.28318530718,8.377580409573),.UNSPECIFIED.) CURVE() 
GEOMETRIC_REPRESENTATION_ITEM() RATIONAL_B_SPLINE_CURVE((1.,0.5,1.,0.5,
1.,0.5,1.)) REPRESENTATION_ITEM('') );
#3394 = CARTESIAN_POINT('',(124.49270148971,-96.14146121071));
#3395 = CARTESIAN_POINT('',(124.49270148971,-407.9106065731));
#3396 = CARTESIAN_POINT('',(-145.5072985102,-252.0260338919));
#3397 = CARTESIAN_POINT('',(-415.5072985102,-96.14146121071));
#3398 = CARTESIAN_POINT('',(-145.5072985102,59.743111470487));
#3399 = CARTESIAN_POINT('',(124.49270148971,215.62768415168));
#3400 = CARTESIAN_POINT('',(124.49270148971,-96.14146121071));
#3401 = ( GEOMETRIC_REPRESENTATION_CONTEXT(2) 
PARAMETRIC_REPRESENTATION_CONTEXT() REPRESENTATION_CONTEXT('2D SPACE',''
  ) );
#3402 = PCURVE('',#882,#3403);
#3403 = DEFINITIONAL_REPRESENTATION('',(#3404),#3408);
#3404 = LINE('',#3405,#3406);
#3405 = CARTESIAN_POINT('',(-6.28318530718,-52.));
#3406 = VECTOR('',#3407,1.);
#3407 = DIRECTION('',(1.,-0.));
#3408 = ( GEOMETRIC_REPRESENTATION_CONTEXT(2) 
PARAMETRIC_REPRESENTATION_CONTEXT() REPRESENTATION_CONTEXT('2D SPACE',''
  ) );
#3409 = ORIENTED_EDGE('',*,*,#3410,.T.);
#3410 = EDGE_CURVE('',#3383,#3226,#3411,.T.);
#3411 = SURFACE_CURVE('',#3412,(#3416,#3423),.PCURVE_S1.);
#3412 = LINE('',#3413,#3414);
#3413 = CARTESIAN_POINT('',(82.473720558371,164.84867429633,52.));
#3414 = VECTOR('',#3415,1.);
#3415 = DIRECTION('',(-0.868254558784,-0.496118958669,0.));
#3416 = PCURVE('',#252,#3417);
#3417 = DEFINITIONAL_REPRESENTATION('',(#3418),#3422);
#3418 = LINE('',#3419,#3420);
#3419 = CARTESIAN_POINT('',(26.966422048083,68.707213085625));
#3420 = VECTOR('',#3421,1.);
#3421 = DIRECTION('',(-0.868254558784,-0.496118958669));
#3422 = ( GEOMETRIC_REPRESENTATION_CONTEXT(2) 
PARAMETRIC_REPRESENTATION_CONTEXT() REPRESENTATION_CONTEXT('2D SPACE',''
  ) );
#3423 = PCURVE('',#3264,#3424);
#3424 = DEFINITIONAL_REPRESENTATION('',(#3425),#3429);
#3425 = LINE('',#3426,#3427);
#3426 = CARTESIAN_POINT('',(0.,0.));
#3427 = VECTOR('',#3428,1.);
#3428 = DIRECTION('',(1.,0.));
#3429 = ( GEOMETRIC_REPRESENTATION_CONTEXT(2) 
PARAMETRIC_REPRESENTATION_CONTEXT() REPRESENTATION_CONTEXT('2D SPACE',''
  ) );
#3430 = ORIENTED_EDGE('',*,*,#3225,.T.);
#3431 = ADVANCED_FACE('',(#3432),#224,.F.);
#3432 = FACE_BOUND('',#3433,.F.);
#3433 = EDGE_LOOP('',(#3434,#3435,#3458,#3481,#3502,#3503));
#3434 = ORIENTED_EDGE('',*,*,#1359,.T.);
#3435 = ORIENTED_EDGE('',*,*,#3436,.T.);
#3436 = EDGE_CURVE('',#1360,#3437,#3439,.T.);
#3437 = VERTEX_POINT('',#3438);
#3438 = CARTESIAN_POINT('',(43.990381056767,46.193575034635,76.));
#3439 = SURFACE_CURVE('',#3440,(#3444,#3451),.PCURVE_S1.);
#3440 = LINE('',#3441,#3442);
#3441 = CARTESIAN_POINT('',(43.990381056767,46.193575034635,52.));
#3442 = VECTOR('',#3443,1.);
#3443 = DIRECTION('',(0.,0.,1.));
#3444 = PCURVE('',#224,#3445);
#3445 = DEFINITIONAL_REPRESENTATION('',(#3446),#3450);
#3446 = LINE('',#3447,#3448);
#3447 = CARTESIAN_POINT('',(0.,0.));
#3448 = VECTOR('',#3449,1.);
#3449 = DIRECTION('',(0.,-1.));
#3450 = ( GEOMETRIC_REPRESENTATION_CONTEXT(2) 
PARAMETRIC_REPRESENTATION_CONTEXT() REPRESENTATION_CONTEXT('2D SPACE',''
  ) );
#3451 = PCURVE('',#1395,#3452);
#3452 = DEFINITIONAL_REPRESENTATION('',(#3453),#3457);
#3453 = LINE('',#3454,#3455);
#3454 = CARTESIAN_POINT('',(26.476404589747,0.));
#3455 = VECTOR('',#3456,1.);
#3456 = DIRECTION('',(0.,-1.));
#3457 = ( GEOMETRIC_REPRESENTATION_CONTEXT(2) 
PARAMETRIC_REPRESENTATION_CONTEXT() REPRESENTATION_CONTEXT('2D SPACE',''
  ) );
#3458 = ORIENTED_EDGE('',*,*,#3459,.T.);
#3459 = EDGE_CURVE('',#3437,#3460,#3462,.T.);
#3460 = VERTEX_POINT('',#3461);
#3461 = CARTESIAN_POINT('',(101.58845726812,139.95636945092,76.));
#3462 = SURFACE_CURVE('',#3463,(#3467,#3474),.PCURVE_S1.);
#3463 = LINE('',#3464,#3465);
#3464 = CARTESIAN_POINT('',(43.990381056767,46.193575034635,76.));
#3465 = VECTOR('',#3466,1.);
#3466 = DIRECTION('',(0.523424248922,0.852072212691,0.));
#3467 = PCURVE('',#224,#3468);
#3468 = DEFINITIONAL_REPRESENTATION('',(#3469),#3473);
#3469 = LINE('',#3470,#3471);
#3470 = CARTESIAN_POINT('',(0.,-24.));
#3471 = VECTOR('',#3472,1.);
#3472 = DIRECTION('',(1.,0.));
#3473 = ( GEOMETRIC_REPRESENTATION_CONTEXT(2) 
PARAMETRIC_REPRESENTATION_CONTEXT() REPRESENTATION_CONTEXT('2D SPACE',''
  ) );
#3474 = PCURVE('',#3292,#3475);
#3475 = DEFINITIONAL_REPRESENTATION('',(#3476),#3480);
#3476 = LINE('',#3477,#3478);
#3477 = CARTESIAN_POINT('',(-11.51691745352,-49.94788617607));
#3478 = VECTOR('',#3479,1.);
#3479 = DIRECTION('',(0.523424248922,0.852072212691));
#3480 = ( GEOMETRIC_REPRESENTATION_CONTEXT(2) 
PARAMETRIC_REPRESENTATION_CONTEXT() REPRESENTATION_CONTEXT('2D SPACE',''
  ) );
#3481 = ORIENTED_EDGE('',*,*,#3482,.F.);
#3482 = EDGE_CURVE('',#3332,#3460,#3483,.T.);
#3483 = SURFACE_CURVE('',#3484,(#3488,#3495),.PCURVE_S1.);
#3484 = LINE('',#3485,#3486);
#3485 = CARTESIAN_POINT('',(101.58845726812,139.95636945092,52.));
#3486 = VECTOR('',#3487,1.);
#3487 = DIRECTION('',(0.,0.,1.));
#3488 = PCURVE('',#224,#3489);
#3489 = DEFINITIONAL_REPRESENTATION('',(#3490),#3494);
#3490 = LINE('',#3491,#3492);
#3491 = CARTESIAN_POINT('',(110.04090148667,0.));
#3492 = VECTOR('',#3493,1.);
#3493 = DIRECTION('',(0.,-1.));
#3494 = ( GEOMETRIC_REPRESENTATION_CONTEXT(2) 
PARAMETRIC_REPRESENTATION_CONTEXT() REPRESENTATION_CONTEXT('2D SPACE',''
  ) );
#3495 = PCURVE('',#3370,#3496);
#3496 = DEFINITIONAL_REPRESENTATION('',(#3497),#3501);
#3497 = LINE('',#3498,#3499);
#3498 = CARTESIAN_POINT('',(0.,0.));
#3499 = VECTOR('',#3500,1.);
#3500 = DIRECTION('',(0.,-1.));
#3501 = ( GEOMETRIC_REPRESENTATION_CONTEXT(2) 
PARAMETRIC_REPRESENTATION_CONTEXT() REPRESENTATION_CONTEXT('2D SPACE',''
  ) );
#3502 = ORIENTED_EDGE('',*,*,#3331,.F.);
#3503 = ORIENTED_EDGE('',*,*,#209,.F.);
#3504 = ADVANCED_FACE('',(#3505),#169,.F.);
#3505 = FACE_BOUND('',#3506,.F.);
#3506 = EDGE_LOOP('',(#3507,#3508,#3531,#3554,#3575,#3576));
#3507 = ORIENTED_EDGE('',*,*,#950,.F.);
#3508 = ORIENTED_EDGE('',*,*,#3509,.T.);
#3509 = EDGE_CURVE('',#923,#3510,#3512,.T.);
#3510 = VERTEX_POINT('',#3511);
#3511 = CARTESIAN_POINT('',(172.,18.,76.));
#3512 = SURFACE_CURVE('',#3513,(#3517,#3524),.PCURVE_S1.);
#3513 = LINE('',#3514,#3515);
#3514 = CARTESIAN_POINT('',(172.,18.,52.));
#3515 = VECTOR('',#3516,1.);
#3516 = DIRECTION('',(0.,0.,1.));
#3517 = PCURVE('',#169,#3518);
#3518 = DEFINITIONAL_REPRESENTATION('',(#3519),#3523);
#3519 = LINE('',#3520,#3521);
#3520 = CARTESIAN_POINT('',(0.,0.));
#3521 = VECTOR('',#3522,1.);
#3522 = DIRECTION('',(0.,-1.));
#3523 = ( GEOMETRIC_REPRESENTATION_CONTEXT(2) 
PARAMETRIC_REPRESENTATION_CONTEXT() REPRESENTATION_CONTEXT('2D SPACE',''
  ) );
#3524 = PCURVE('',#938,#3525);
#3525 = DEFINITIONAL_REPRESENTATION('',(#3526),#3530);
#3526 = LINE('',#3527,#3528);
#3527 = CARTESIAN_POINT('',(13.89244398945,0.));
#3528 = VECTOR('',#3529,1.);
#3529 = DIRECTION('',(0.,-1.));
#3530 = ( GEOMETRIC_REPRESENTATION_CONTEXT(2) 
PARAMETRIC_REPRESENTATION_CONTEXT() REPRESENTATION_CONTEXT('2D SPACE',''
  ) );
#3531 = ORIENTED_EDGE('',*,*,#3532,.T.);
#3532 = EDGE_CURVE('',#3510,#3533,#3535,.T.);
#3533 = VERTEX_POINT('',#3534);
#3534 = CARTESIAN_POINT('',(62.,15.,76.));
#3535 = SURFACE_CURVE('',#3536,(#3540,#3547),.PCURVE_S1.);
#3536 = LINE('',#3537,#3538);
#3537 = CARTESIAN_POINT('',(172.,18.,76.));
#3538 = VECTOR('',#3539,1.);
#3539 = DIRECTION('',(-0.99962830651,-2.726259017756E-02,0.));
#3540 = PCURVE('',#169,#3541);
#3541 = DEFINITIONAL_REPRESENTATION('',(#3542),#3546);
#3542 = LINE('',#3543,#3544);
#3543 = CARTESIAN_POINT('',(0.,-24.));
#3544 = VECTOR('',#3545,1.);
#3545 = DIRECTION('',(1.,0.));
#3546 = ( GEOMETRIC_REPRESENTATION_CONTEXT(2) 
PARAMETRIC_REPRESENTATION_CONTEXT() REPRESENTATION_CONTEXT('2D SPACE',''
  ) );
#3547 = PCURVE('',#1040,#3548);
#3548 = DEFINITIONAL_REPRESENTATION('',(#3549),#3553);
#3549 = LINE('',#3550,#3551);
#3550 = CARTESIAN_POINT('',(60.985402979423,18.));
#3551 = VECTOR('',#3552,1.);
#3552 = DIRECTION('',(-0.99962830651,-2.726259017756E-02));
#3553 = ( GEOMETRIC_REPRESENTATION_CONTEXT(2) 
PARAMETRIC_REPRESENTATION_CONTEXT() REPRESENTATION_CONTEXT('2D SPACE',''
  ) );
#3554 = ORIENTED_EDGE('',*,*,#3555,.F.);
#3555 = EDGE_CURVE('',#1314,#3533,#3556,.T.);
#3556 = SURFACE_CURVE('',#3557,(#3561,#3568),.PCURVE_S1.);
#3557 = LINE('',#3558,#3559);
#3558 = CARTESIAN_POINT('',(62.,15.,52.));
#3559 = VECTOR('',#3560,1.);
#3560 = DIRECTION('',(0.,0.,1.));
#3561 = PCURVE('',#169,#3562);
#3562 = DEFINITIONAL_REPRESENTATION('',(#3563),#3567);
#3563 = LINE('',#3564,#3565);
#3564 = CARTESIAN_POINT('',(110.04090148667,0.));
#3565 = VECTOR('',#3566,1.);
#3566 = DIRECTION('',(0.,-1.));
#3567 = ( GEOMETRIC_REPRESENTATION_CONTEXT(2) 
PARAMETRIC_REPRESENTATION_CONTEXT() REPRESENTATION_CONTEXT('2D SPACE',''
  ) );
#3568 = PCURVE('',#1328,#3569);
#3569 = DEFINITIONAL_REPRESENTATION('',(#3570),#3574);
#3570 = LINE('',#3571,#3572);
#3571 = CARTESIAN_POINT('',(0.,0.));
#3572 = VECTOR('',#3573,1.);
#3573 = DIRECTION('',(0.,-1.));
#3574 = ( GEOMETRIC_REPRESENTATION_CONTEXT(2) 
PARAMETRIC_REPRESENTATION_CONTEXT() REPRESENTATION_CONTEXT('2D SPACE',''
  ) );
#3575 = ORIENTED_EDGE('',*,*,#1339,.T.);
#3576 = ORIENTED_EDGE('',*,*,#154,.T.);
#3577 = ADVANCED_FACE('',(#3578,#3581),#108,.F.);
#3578 = FACE_BOUND('',#3579,.F.);
#3579 = EDGE_LOOP('',(#3580));
#3580 = ORIENTED_EDGE('',*,*,#93,.T.);
#3581 = FACE_BOUND('',#3582,.F.);
#3582 = EDGE_LOOP('',(#3583,#3614,#3643,#3671,#3699,#3728,#3756,#3784,
    #3813,#3841,#3869,#3898,#3926));
#3583 = ORIENTED_EDGE('',*,*,#3584,.F.);
#3584 = EDGE_CURVE('',#3585,#3587,#3589,.T.);
#3585 = VERTEX_POINT('',#3586);
#3586 = CARTESIAN_POINT('',(45.,0.,48.));
#3587 = VERTEX_POINT('',#3588);
#3588 = CARTESIAN_POINT('',(34.481284258425,28.914374208855,48.));
#3589 = SURFACE_CURVE('',#3590,(#3595,#3602),.PCURVE_S1.);
#3590 = CIRCLE('',#3591,45.);
#3591 = AXIS2_PLACEMENT_3D('',#3592,#3593,#3594);
#3592 = CARTESIAN_POINT('',(0.,0.,48.));
#3593 = DIRECTION('',(0.,0.,1.));
#3594 = DIRECTION('',(1.,0.,0.));
#3595 = PCURVE('',#108,#3596);
#3596 = DEFINITIONAL_REPRESENTATION('',(#3597),#3601);
#3597 = CIRCLE('',#3598,45.);
#3598 = AXIS2_PLACEMENT_2D('',#3599,#3600);
#3599 = CARTESIAN_POINT('',(4.730603701758E-15,-6.440411965619E-15));
#3600 = DIRECTION('',(1.,0.));
#3601 = ( GEOMETRIC_REPRESENTATION_CONTEXT(2) 
PARAMETRIC_REPRESENTATION_CONTEXT() REPRESENTATION_CONTEXT('2D SPACE',''
  ) );
#3602 = PCURVE('',#3603,#3608);
#3603 = CYLINDRICAL_SURFACE('',#3604,45.);
#3604 = AXIS2_PLACEMENT_3D('',#3605,#3606,#3607);
#3605 = CARTESIAN_POINT('',(0.,0.,30.));
#3606 = DIRECTION('',(-0.,-0.,-1.));
#3607 = DIRECTION('',(1.,0.,0.));
#3608 = DEFINITIONAL_REPRESENTATION('',(#3609),#3613);
#3609 = LINE('',#3610,#3611);
#3610 = CARTESIAN_POINT('',(-0.,-18.));
#3611 = VECTOR('',#3612,1.);
#3612 = DIRECTION('',(-1.,0.));
#3613 = ( GEOMETRIC_REPRESENTATION_CONTEXT(2) 
PARAMETRIC_REPRESENTATION_CONTEXT() REPRESENTATION_CONTEXT('2D SPACE',''
  ) );
#3614 = ORIENTED_EDGE('',*,*,#3615,.F.);
#3615 = EDGE_CURVE('',#3616,#3585,#3618,.T.);
#3616 = VERTEX_POINT('',#3617);
#3617 = CARTESIAN_POINT('',(34.481284258425,-28.91437420885,48.));
#3618 = SURFACE_CURVE('',#3619,(#3624,#3631),.PCURVE_S1.);
#3619 = CIRCLE('',#3620,45.);
#3620 = AXIS2_PLACEMENT_3D('',#3621,#3622,#3623);
#3621 = CARTESIAN_POINT('',(0.,0.,48.));
#3622 = DIRECTION('',(0.,0.,1.));
#3623 = DIRECTION('',(1.,0.,0.));
#3624 = PCURVE('',#108,#3625);
#3625 = DEFINITIONAL_REPRESENTATION('',(#3626),#3630);
#3626 = CIRCLE('',#3627,45.);
#3627 = AXIS2_PLACEMENT_2D('',#3628,#3629);
#3628 = CARTESIAN_POINT('',(4.730603701758E-15,-6.440411965619E-15));
#3629 = DIRECTION('',(1.,0.));
#3630 = ( GEOMETRIC_REPRESENTATION_CONTEXT(2) 
PARAMETRIC_REPRESENTATION_CONTEXT() REPRESENTATION_CONTEXT('2D SPACE',''
  ) );
#3631 = PCURVE('',#3632,#3637);
#3632 = CYLINDRICAL_SURFACE('',#3633,45.);
#3633 = AXIS2_PLACEMENT_3D('',#3634,#3635,#3636);
#3634 = CARTESIAN_POINT('',(0.,0.,30.));
#3635 = DIRECTION('',(-0.,-0.,-1.));
#3636 = DIRECTION('',(1.,0.,0.));
#3637 = DEFINITIONAL_REPRESENTATION('',(#3638),#3642);
#3638 = LINE('',#3639,#3640);
#3639 = CARTESIAN_POINT('',(-0.,-18.));
#3640 = VECTOR('',#3641,1.);
#3641 = DIRECTION('',(-1.,0.));
#3642 = ( GEOMETRIC_REPRESENTATION_CONTEXT(2) 
PARAMETRIC_REPRESENTATION_CONTEXT() REPRESENTATION_CONTEXT('2D SPACE',''
  ) );
#3643 = ORIENTED_EDGE('',*,*,#3644,.T.);
#3644 = EDGE_CURVE('',#3616,#3645,#3647,.T.);
#3645 = VERTEX_POINT('',#3646);
#3646 = CARTESIAN_POINT('',(41.855339059327,-35.35533905932,48.));
#3647 = SURFACE_CURVE('',#3648,(#3653,#3664),.PCURVE_S1.);
#3648 = CIRCLE('',#3649,6.5);
#3649 = AXIS2_PLACEMENT_3D('',#3650,#3651,#3652);
#3650 = CARTESIAN_POINT('',(35.355339059327,-35.35533905932,48.));
#3651 = DIRECTION('',(0.,0.,-1.));
#3652 = DIRECTION('',(1.,0.,0.));
#3653 = PCURVE('',#108,#3654);
#3654 = DEFINITIONAL_REPRESENTATION('',(#3655),#3663);
#3655 = ( BOUNDED_CURVE() B_SPLINE_CURVE(2,(#3656,#3657,#3658,#3659,
#3660,#3661,#3662),.UNSPECIFIED.,.T.,.F.) B_SPLINE_CURVE_WITH_KNOTS((1,2
    ,2,2,2,1),(-2.094395102393,0.,2.094395102393,4.188790204786,
6.28318530718,8.377580409573),.UNSPECIFIED.) CURVE() 
GEOMETRIC_REPRESENTATION_ITEM() RATIONAL_B_SPLINE_CURVE((1.,0.5,1.,0.5,
1.,0.5,1.)) REPRESENTATION_ITEM('') );
#3656 = CARTESIAN_POINT('',(41.855339059327,-35.35533905932));
#3657 = CARTESIAN_POINT('',(41.855339059327,-46.61366930852));
#3658 = CARTESIAN_POINT('',(32.105339059327,-40.98450418392));
#3659 = CARTESIAN_POINT('',(22.355339059327,-35.35533905932));
#3660 = CARTESIAN_POINT('',(32.105339059327,-29.72617393472));
#3661 = CARTESIAN_POINT('',(41.855339059327,-24.09700881013));
#3662 = CARTESIAN_POINT('',(41.855339059327,-35.35533905932));
#3663 = ( GEOMETRIC_REPRESENTATION_CONTEXT(2) 
PARAMETRIC_REPRESENTATION_CONTEXT() REPRESENTATION_CONTEXT('2D SPACE',''
  ) );
#3664 = PCURVE('',#1179,#3665);
#3665 = DEFINITIONAL_REPRESENTATION('',(#3666),#3670);
#3666 = LINE('',#3667,#3668);
#3667 = CARTESIAN_POINT('',(-6.28318530718,-23.));
#3668 = VECTOR('',#3669,1.);
#3669 = DIRECTION('',(1.,-0.));
#3670 = ( GEOMETRIC_REPRESENTATION_CONTEXT(2) 
PARAMETRIC_REPRESENTATION_CONTEXT() REPRESENTATION_CONTEXT('2D SPACE',''
  ) );
#3671 = ORIENTED_EDGE('',*,*,#3672,.T.);
#3672 = EDGE_CURVE('',#3645,#3673,#3675,.T.);
#3673 = VERTEX_POINT('',#3674);
#3674 = CARTESIAN_POINT('',(28.914374208855,-34.48128425842,48.));
#3675 = SURFACE_CURVE('',#3676,(#3681,#3692),.PCURVE_S1.);
#3676 = CIRCLE('',#3677,6.5);
#3677 = AXIS2_PLACEMENT_3D('',#3678,#3679,#3680);
#3678 = CARTESIAN_POINT('',(35.355339059327,-35.35533905932,48.));
#3679 = DIRECTION('',(0.,0.,-1.));
#3680 = DIRECTION('',(1.,0.,0.));
#3681 = PCURVE('',#108,#3682);
#3682 = DEFINITIONAL_REPRESENTATION('',(#3683),#3691);
#3683 = ( BOUNDED_CURVE() B_SPLINE_CURVE(2,(#3684,#3685,#3686,#3687,
#3688,#3689,#3690),.UNSPECIFIED.,.T.,.F.) B_SPLINE_CURVE_WITH_KNOTS((1,2
    ,2,2,2,1),(-2.094395102393,0.,2.094395102393,4.188790204786,
6.28318530718,8.377580409573),.UNSPECIFIED.) CURVE() 
GEOMETRIC_REPRESENTATION_ITEM() RATIONAL_B_SPLINE_CURVE((1.,0.5,1.,0.5,
1.,0.5,1.)) REPRESENTATION_ITEM('') );
#3684 = CARTESIAN_POINT('',(41.855339059327,-35.35533905932));
#3685 = CARTESIAN_POINT('',(41.855339059327,-46.61366930852));
#3686 = CARTESIAN_POINT('',(32.105339059327,-40.98450418392));
#3687 = CARTESIAN_POINT('',(22.355339059327,-35.35533905932));
#3688 = CARTESIAN_POINT('',(32.105339059327,-29.72617393472));
#3689 = CARTESIAN_POINT('',(41.855339059327,-24.09700881013));
#3690 = CARTESIAN_POINT('',(41.855339059327,-35.35533905932));
#3691 = ( GEOMETRIC_REPRESENTATION_CONTEXT(2) 
PARAMETRIC_REPRESENTATION_CONTEXT() REPRESENTATION_CONTEXT('2D SPACE',''
  ) );
#3692 = PCURVE('',#1179,#3693);
#3693 = DEFINITIONAL_REPRESENTATION('',(#3694),#3698);
#3694 = LINE('',#3695,#3696);
#3695 = CARTESIAN_POINT('',(-6.28318530718,-23.));
#3696 = VECTOR('',#3697,1.);
#3697 = DIRECTION('',(1.,-0.));
#3698 = ( GEOMETRIC_REPRESENTATION_CONTEXT(2) 
PARAMETRIC_REPRESENTATION_CONTEXT() REPRESENTATION_CONTEXT('2D SPACE',''
  ) );
#3699 = ORIENTED_EDGE('',*,*,#3700,.F.);
#3700 = EDGE_CURVE('',#3701,#3673,#3703,.T.);
#3701 = VERTEX_POINT('',#3702);
#3702 = CARTESIAN_POINT('',(-28.91437420885,-34.48128425842,48.));
#3703 = SURFACE_CURVE('',#3704,(#3709,#3716),.PCURVE_S1.);
#3704 = CIRCLE('',#3705,45.);
#3705 = AXIS2_PLACEMENT_3D('',#3706,#3707,#3708);
#3706 = CARTESIAN_POINT('',(0.,0.,48.));
#3707 = DIRECTION('',(0.,0.,1.));
#3708 = DIRECTION('',(1.,0.,0.));
#3709 = PCURVE('',#108,#3710);
#3710 = DEFINITIONAL_REPRESENTATION('',(#3711),#3715);
#3711 = CIRCLE('',#3712,45.);
#3712 = AXIS2_PLACEMENT_2D('',#3713,#3714);
#3713 = CARTESIAN_POINT('',(4.730603701758E-15,-6.440411965619E-15));
#3714 = DIRECTION('',(1.,0.));
#3715 = ( GEOMETRIC_REPRESENTATION_CONTEXT(2) 
PARAMETRIC_REPRESENTATION_CONTEXT() REPRESENTATION_CONTEXT('2D SPACE',''
  ) );
#3716 = PCURVE('',#3717,#3722);
#3717 = CYLINDRICAL_SURFACE('',#3718,45.);
#3718 = AXIS2_PLACEMENT_3D('',#3719,#3720,#3721);
#3719 = CARTESIAN_POINT('',(0.,0.,30.));
#3720 = DIRECTION('',(-0.,-0.,-1.));
#3721 = DIRECTION('',(1.,0.,0.));
#3722 = DEFINITIONAL_REPRESENTATION('',(#3723),#3727);
#3723 = LINE('',#3724,#3725);
#3724 = CARTESIAN_POINT('',(-0.,-18.));
#3725 = VECTOR('',#3726,1.);
#3726 = DIRECTION('',(-1.,0.));
#3727 = ( GEOMETRIC_REPRESENTATION_CONTEXT(2) 
PARAMETRIC_REPRESENTATION_CONTEXT() REPRESENTATION_CONTEXT('2D SPACE',''
  ) );
#3728 = ORIENTED_EDGE('',*,*,#3729,.T.);
#3729 = EDGE_CURVE('',#3701,#3730,#3732,.T.);
#3730 = VERTEX_POINT('',#3731);
#3731 = CARTESIAN_POINT('',(-28.85533905932,-35.35533905932,48.));
#3732 = SURFACE_CURVE('',#3733,(#3738,#3749),.PCURVE_S1.);
#3733 = CIRCLE('',#3734,6.5);
#3734 = AXIS2_PLACEMENT_3D('',#3735,#3736,#3737);
#3735 = CARTESIAN_POINT('',(-35.35533905932,-35.35533905932,48.));
#3736 = DIRECTION('',(0.,0.,-1.));
#3737 = DIRECTION('',(1.,0.,0.));
#3738 = PCURVE('',#108,#3739);
#3739 = DEFINITIONAL_REPRESENTATION('',(#3740),#3748);
#3740 = ( BOUNDED_CURVE() B_SPLINE_CURVE(2,(#3741,#3742,#3743,#3744,
#3745,#3746,#3747),.UNSPECIFIED.,.T.,.F.) B_SPLINE_CURVE_WITH_KNOTS((1,2
    ,2,2,2,1),(-2.094395102393,0.,2.094395102393,4.188790204786,
6.28318530718,8.377580409573),.UNSPECIFIED.) CURVE() 
GEOMETRIC_REPRESENTATION_ITEM() RATIONAL_B_SPLINE_CURVE((1.,0.5,1.,0.5,
1.,0.5,1.)) REPRESENTATION_ITEM('') );
#3741 = CARTESIAN_POINT('',(-28.85533905932,-35.35533905932));
#3742 = CARTESIAN_POINT('',(-28.85533905932,-46.61366930852));
#3743 = CARTESIAN_POINT('',(-38.60533905932,-40.98450418392));
#3744 = CARTESIAN_POINT('',(-48.35533905932,-35.35533905932));
#3745 = CARTESIAN_POINT('',(-38.60533905932,-29.72617393472));
#3746 = CARTESIAN_POINT('',(-28.85533905932,-24.09700881013));
#3747 = CARTESIAN_POINT('',(-28.85533905932,-35.35533905932));
#3748 = ( GEOMETRIC_REPRESENTATION_CONTEXT(2) 
PARAMETRIC_REPRESENTATION_CONTEXT() REPRESENTATION_CONTEXT('2D SPACE',''
  ) );
#3749 = PCURVE('',#1930,#3750);
#3750 = DEFINITIONAL_REPRESENTATION('',(#3751),#3755);
#3751 = LINE('',#3752,#3753);
#3752 = CARTESIAN_POINT('',(-6.28318530718,-23.));
#3753 = VECTOR('',#3754,1.);
#3754 = DIRECTION('',(1.,-0.));
#3755 = ( GEOMETRIC_REPRESENTATION_CONTEXT(2) 
PARAMETRIC_REPRESENTATION_CONTEXT() REPRESENTATION_CONTEXT('2D SPACE',''
  ) );
#3756 = ORIENTED_EDGE('',*,*,#3757,.T.);
#3757 = EDGE_CURVE('',#3730,#3758,#3760,.T.);
#3758 = VERTEX_POINT('',#3759);
#3759 = CARTESIAN_POINT('',(-34.48128425842,-28.91437420885,48.));
#3760 = SURFACE_CURVE('',#3761,(#3766,#3777),.PCURVE_S1.);
#3761 = CIRCLE('',#3762,6.5);
#3762 = AXIS2_PLACEMENT_3D('',#3763,#3764,#3765);
#3763 = CARTESIAN_POINT('',(-35.35533905932,-35.35533905932,48.));
#3764 = DIRECTION('',(0.,0.,-1.));
#3765 = DIRECTION('',(1.,0.,0.));
#3766 = PCURVE('',#108,#3767);
#3767 = DEFINITIONAL_REPRESENTATION('',(#3768),#3776);
#3768 = ( BOUNDED_CURVE() B_SPLINE_CURVE(2,(#3769,#3770,#3771,#3772,
#3773,#3774,#3775),.UNSPECIFIED.,.T.,.F.) B_SPLINE_CURVE_WITH_KNOTS((1,2
    ,2,2,2,1),(-2.094395102393,0.,2.094395102393,4.188790204786,
6.28318530718,8.377580409573),.UNSPECIFIED.) CURVE() 
GEOMETRIC_REPRESENTATION_ITEM() RATIONAL_B_SPLINE_CURVE((1.,0.5,1.,0.5,
1.,0.5,1.)) REPRESENTATION_ITEM('') );
#3769 = CARTESIAN_POINT('',(-28.85533905932,-35.35533905932));
#3770 = CARTESIAN_POINT('',(-28.85533905932,-46.61366930852));
#3771 = CARTESIAN_POINT('',(-38.60533905932,-40.98450418392));
#3772 = CARTESIAN_POINT('',(-48.35533905932,-35.35533905932));
#3773 = CARTESIAN_POINT('',(-38.60533905932,-29.72617393472));
#3774 = CARTESIAN_POINT('',(-28.85533905932,-24.09700881013));
#3775 = CARTESIAN_POINT('',(-28.85533905932,-35.35533905932));
#3776 = ( GEOMETRIC_REPRESENTATION_CONTEXT(2) 
PARAMETRIC_REPRESENTATION_CONTEXT() REPRESENTATION_CONTEXT('2D SPACE',''
  ) );
#3777 = PCURVE('',#1930,#3778);
#3778 = DEFINITIONAL_REPRESENTATION('',(#3779),#3783);
#3779 = LINE('',#3780,#3781);
#3780 = CARTESIAN_POINT('',(-6.28318530718,-23.));
#3781 = VECTOR('',#3782,1.);
#3782 = DIRECTION('',(1.,-0.));
#3783 = ( GEOMETRIC_REPRESENTATION_CONTEXT(2) 
PARAMETRIC_REPRESENTATION_CONTEXT() REPRESENTATION_CONTEXT('2D SPACE',''
  ) );
#3784 = ORIENTED_EDGE('',*,*,#3785,.F.);
#3785 = EDGE_CURVE('',#3786,#3758,#3788,.T.);
#3786 = VERTEX_POINT('',#3787);
#3787 = CARTESIAN_POINT('',(-34.48128425842,28.914374208855,48.));
#3788 = SURFACE_CURVE('',#3789,(#3794,#3801),.PCURVE_S1.);
#3789 = CIRCLE('',#3790,45.);
#3790 = AXIS2_PLACEMENT_3D('',#3791,#3792,#3793);
#3791 = CARTESIAN_POINT('',(0.,0.,48.));
#3792 = DIRECTION('',(0.,0.,1.));
#3793 = DIRECTION('',(1.,0.,0.));
#3794 = PCURVE('',#108,#3795);
#3795 = DEFINITIONAL_REPRESENTATION('',(#3796),#3800);
#3796 = CIRCLE('',#3797,45.);
#3797 = AXIS2_PLACEMENT_2D('',#3798,#3799);
#3798 = CARTESIAN_POINT('',(4.730603701758E-15,-6.440411965619E-15));
#3799 = DIRECTION('',(1.,0.));
#3800 = ( GEOMETRIC_REPRESENTATION_CONTEXT(2) 
PARAMETRIC_REPRESENTATION_CONTEXT() REPRESENTATION_CONTEXT('2D SPACE',''
  ) );
#3801 = PCURVE('',#3802,#3807);
#3802 = CYLINDRICAL_SURFACE('',#3803,45.);
#3803 = AXIS2_PLACEMENT_3D('',#3804,#3805,#3806);
#3804 = CARTESIAN_POINT('',(0.,0.,30.));
#3805 = DIRECTION('',(-0.,-0.,-1.));
#3806 = DIRECTION('',(1.,0.,0.));
#3807 = DEFINITIONAL_REPRESENTATION('',(#3808),#3812);
#3808 = LINE('',#3809,#3810);
#3809 = CARTESIAN_POINT('',(-0.,-18.));
#3810 = VECTOR('',#3811,1.);
#3811 = DIRECTION('',(-1.,0.));
#3812 = ( GEOMETRIC_REPRESENTATION_CONTEXT(2) 
PARAMETRIC_REPRESENTATION_CONTEXT() REPRESENTATION_CONTEXT('2D SPACE',''
  ) );
#3813 = ORIENTED_EDGE('',*,*,#3814,.T.);
#3814 = EDGE_CURVE('',#3786,#3815,#3817,.T.);
#3815 = VERTEX_POINT('',#3816);
#3816 = CARTESIAN_POINT('',(-28.85533905932,35.355339059327,48.));
#3817 = SURFACE_CURVE('',#3818,(#3823,#3834),.PCURVE_S1.);
#3818 = CIRCLE('',#3819,6.5);
#3819 = AXIS2_PLACEMENT_3D('',#3820,#3821,#3822);
#3820 = CARTESIAN_POINT('',(-35.35533905932,35.355339059327,48.));
#3821 = DIRECTION('',(0.,0.,-1.));
#3822 = DIRECTION('',(1.,0.,0.));
#3823 = PCURVE('',#108,#3824);
#3824 = DEFINITIONAL_REPRESENTATION('',(#3825),#3833);
#3825 = ( BOUNDED_CURVE() B_SPLINE_CURVE(2,(#3826,#3827,#3828,#3829,
#3830,#3831,#3832),.UNSPECIFIED.,.T.,.F.) B_SPLINE_CURVE_WITH_KNOTS((1,2
    ,2,2,2,1),(-2.094395102393,0.,2.094395102393,4.188790204786,
6.28318530718,8.377580409573),.UNSPECIFIED.) CURVE() 
GEOMETRIC_REPRESENTATION_ITEM() RATIONAL_B_SPLINE_CURVE((1.,0.5,1.,0.5,
1.,0.5,1.)) REPRESENTATION_ITEM('') );
#3826 = CARTESIAN_POINT('',(-28.85533905932,35.355339059327));
#3827 = CARTESIAN_POINT('',(-28.85533905932,24.09700881013));
#3828 = CARTESIAN_POINT('',(-38.60533905932,29.726173934729));
#3829 = CARTESIAN_POINT('',(-48.35533905932,35.355339059327));
#3830 = CARTESIAN_POINT('',(-38.60533905932,40.984504183926));
#3831 = CARTESIAN_POINT('',(-28.85533905932,46.613669308525));
#3832 = CARTESIAN_POINT('',(-28.85533905932,35.355339059327));
#3833 = ( GEOMETRIC_REPRESENTATION_CONTEXT(2) 
PARAMETRIC_REPRESENTATION_CONTEXT() REPRESENTATION_CONTEXT('2D SPACE',''
  ) );
#3834 = PCURVE('',#1685,#3835);
#3835 = DEFINITIONAL_REPRESENTATION('',(#3836),#3840);
#3836 = LINE('',#3837,#3838);
#3837 = CARTESIAN_POINT('',(-6.28318530718,-23.));
#3838 = VECTOR('',#3839,1.);
#3839 = DIRECTION('',(1.,-0.));
#3840 = ( GEOMETRIC_REPRESENTATION_CONTEXT(2) 
PARAMETRIC_REPRESENTATION_CONTEXT() REPRESENTATION_CONTEXT('2D SPACE',''
  ) );
#3841 = ORIENTED_EDGE('',*,*,#3842,.T.);
#3842 = EDGE_CURVE('',#3815,#3843,#3845,.T.);
#3843 = VERTEX_POINT('',#3844);
#3844 = CARTESIAN_POINT('',(-28.91437420885,34.481284258425,48.));
#3845 = SURFACE_CURVE('',#3846,(#3851,#3862),.PCURVE_S1.);
#3846 = CIRCLE('',#3847,6.5);
#3847 = AXIS2_PLACEMENT_3D('',#3848,#3849,#3850);
#3848 = CARTESIAN_POINT('',(-35.35533905932,35.355339059327,48.));
#3849 = DIRECTION('',(0.,0.,-1.));
#3850 = DIRECTION('',(1.,0.,0.));
#3851 = PCURVE('',#108,#3852);
#3852 = DEFINITIONAL_REPRESENTATION('',(#3853),#3861);
#3853 = ( BOUNDED_CURVE() B_SPLINE_CURVE(2,(#3854,#3855,#3856,#3857,
#3858,#3859,#3860),.UNSPECIFIED.,.T.,.F.) B_SPLINE_CURVE_WITH_KNOTS((1,2
    ,2,2,2,1),(-2.094395102393,0.,2.094395102393,4.188790204786,
6.28318530718,8.377580409573),.UNSPECIFIED.) CURVE() 
GEOMETRIC_REPRESENTATION_ITEM() RATIONAL_B_SPLINE_CURVE((1.,0.5,1.,0.5,
1.,0.5,1.)) REPRESENTATION_ITEM('') );
#3854 = CARTESIAN_POINT('',(-28.85533905932,35.355339059327));
#3855 = CARTESIAN_POINT('',(-28.85533905932,24.09700881013));
#3856 = CARTESIAN_POINT('',(-38.60533905932,29.726173934729));
#3857 = CARTESIAN_POINT('',(-48.35533905932,35.355339059327));
#3858 = CARTESIAN_POINT('',(-38.60533905932,40.984504183926));
#3859 = CARTESIAN_POINT('',(-28.85533905932,46.613669308525));
#3860 = CARTESIAN_POINT('',(-28.85533905932,35.355339059327));
#3861 = ( GEOMETRIC_REPRESENTATION_CONTEXT(2) 
PARAMETRIC_REPRESENTATION_CONTEXT() REPRESENTATION_CONTEXT('2D SPACE',''
  ) );
#3862 = PCURVE('',#1685,#3863);
#3863 = DEFINITIONAL_REPRESENTATION('',(#3864),#3868);
#3864 = LINE('',#3865,#3866);
#3865 = CARTESIAN_POINT('',(-6.28318530718,-23.));
#3866 = VECTOR('',#3867,1.);
#3867 = DIRECTION('',(1.,-0.));
#3868 = ( GEOMETRIC_REPRESENTATION_CONTEXT(2) 
PARAMETRIC_REPRESENTATION_CONTEXT() REPRESENTATION_CONTEXT('2D SPACE',''
  ) );
#3869 = ORIENTED_EDGE('',*,*,#3870,.F.);
#3870 = EDGE_CURVE('',#3871,#3843,#3873,.T.);
#3871 = VERTEX_POINT('',#3872);
#3872 = CARTESIAN_POINT('',(28.914374208855,34.481284258425,48.));
#3873 = SURFACE_CURVE('',#3874,(#3879,#3886),.PCURVE_S1.);
#3874 = CIRCLE('',#3875,45.);
#3875 = AXIS2_PLACEMENT_3D('',#3876,#3877,#3878);
#3876 = CARTESIAN_POINT('',(0.,0.,48.));
#3877 = DIRECTION('',(0.,0.,1.));
#3878 = DIRECTION('',(1.,0.,0.));
#3879 = PCURVE('',#108,#3880);
#3880 = DEFINITIONAL_REPRESENTATION('',(#3881),#3885);
#3881 = CIRCLE('',#3882,45.);
#3882 = AXIS2_PLACEMENT_2D('',#3883,#3884);
#3883 = CARTESIAN_POINT('',(4.730603701758E-15,-6.440411965619E-15));
#3884 = DIRECTION('',(1.,0.));
#3885 = ( GEOMETRIC_REPRESENTATION_CONTEXT(2) 
PARAMETRIC_REPRESENTATION_CONTEXT() REPRESENTATION_CONTEXT('2D SPACE',''
  ) );
#3886 = PCURVE('',#3887,#3892);
#3887 = CYLINDRICAL_SURFACE('',#3888,45.);
#3888 = AXIS2_PLACEMENT_3D('',#3889,#3890,#3891);
#3889 = CARTESIAN_POINT('',(0.,0.,30.));
#3890 = DIRECTION('',(-0.,-0.,-1.));
#3891 = DIRECTION('',(1.,0.,0.));
#3892 = DEFINITIONAL_REPRESENTATION('',(#3893),#3897);
#3893 = LINE('',#3894,#3895);
#3894 = CARTESIAN_POINT('',(-0.,-18.));
#3895 = VECTOR('',#3896,1.);
#3896 = DIRECTION('',(-1.,0.));
#3897 = ( GEOMETRIC_REPRESENTATION_CONTEXT(2) 
PARAMETRIC_REPRESENTATION_CONTEXT() REPRESENTATION_CONTEXT('2D SPACE',''
  ) );
#3898 = ORIENTED_EDGE('',*,*,#3899,.T.);
#3899 = EDGE_CURVE('',#3871,#3900,#3902,.T.);
#3900 = VERTEX_POINT('',#3901);
#3901 = CARTESIAN_POINT('',(41.855339059327,35.355339059327,48.));
#3902 = SURFACE_CURVE('',#3903,(#3908,#3919),.PCURVE_S1.);
#3903 = CIRCLE('',#3904,6.5);
#3904 = AXIS2_PLACEMENT_3D('',#3905,#3906,#3907);
#3905 = CARTESIAN_POINT('',(35.355339059327,35.355339059327,48.));
#3906 = DIRECTION('',(0.,0.,-1.));
#3907 = DIRECTION('',(1.,0.,0.));
#3908 = PCURVE('',#108,#3909);
#3909 = DEFINITIONAL_REPRESENTATION('',(#3910),#3918);
#3910 = ( BOUNDED_CURVE() B_SPLINE_CURVE(2,(#3911,#3912,#3913,#3914,
#3915,#3916,#3917),.UNSPECIFIED.,.T.,.F.) B_SPLINE_CURVE_WITH_KNOTS((1,2
    ,2,2,2,1),(-2.094395102393,0.,2.094395102393,4.188790204786,
6.28318530718,8.377580409573),.UNSPECIFIED.) CURVE() 
GEOMETRIC_REPRESENTATION_ITEM() RATIONAL_B_SPLINE_CURVE((1.,0.5,1.,0.5,
1.,0.5,1.)) REPRESENTATION_ITEM('') );
#3911 = CARTESIAN_POINT('',(41.855339059327,35.355339059327));
#3912 = CARTESIAN_POINT('',(41.855339059327,24.09700881013));
#3913 = CARTESIAN_POINT('',(32.105339059327,29.726173934729));
#3914 = CARTESIAN_POINT('',(22.355339059327,35.355339059327));
#3915 = CARTESIAN_POINT('',(32.105339059327,40.984504183926));
#3916 = CARTESIAN_POINT('',(41.855339059327,46.613669308525));
#3917 = CARTESIAN_POINT('',(41.855339059327,35.355339059327));
#3918 = ( GEOMETRIC_REPRESENTATION_CONTEXT(2) 
PARAMETRIC_REPRESENTATION_CONTEXT() REPRESENTATION_CONTEXT('2D SPACE',''
  ) );
#3919 = PCURVE('',#1427,#3920);
#3920 = DEFINITIONAL_REPRESENTATION('',(#3921),#3925);
#3921 = LINE('',#3922,#3923);
#3922 = CARTESIAN_POINT('',(-6.28318530718,-23.));
#3923 = VECTOR('',#3924,1.);
#3924 = DIRECTION('',(1.,-0.));
#3925 = ( GEOMETRIC_REPRESENTATION_CONTEXT(2) 
PARAMETRIC_REPRESENTATION_CONTEXT() REPRESENTATION_CONTEXT('2D SPACE',''
  ) );
#3926 = ORIENTED_EDGE('',*,*,#3927,.T.);
#3927 = EDGE_CURVE('',#3900,#3587,#3928,.T.);
#3928 = SURFACE_CURVE('',#3929,(#3934,#3945),.PCURVE_S1.);
#3929 = CIRCLE('',#3930,6.5);
#3930 = AXIS2_PLACEMENT_3D('',#3931,#3932,#3933);
#3931 = CARTESIAN_POINT('',(35.355339059327,35.355339059327,48.));
#3932 = DIRECTION('',(0.,0.,-1.));
#3933 = DIRECTION('',(1.,0.,0.));
#3934 = PCURVE('',#108,#3935);
#3935 = DEFINITIONAL_REPRESENTATION('',(#3936),#3944);
#3936 = ( BOUNDED_CURVE() B_SPLINE_CURVE(2,(#3937,#3938,#3939,#3940,
#3941,#3942,#3943),.UNSPECIFIED.,.T.,.F.) B_SPLINE_CURVE_WITH_KNOTS((1,2
    ,2,2,2,1),(-2.094395102393,0.,2.094395102393,4.188790204786,
6.28318530718,8.377580409573),.UNSPECIFIED.) CURVE() 
GEOMETRIC_REPRESENTATION_ITEM() RATIONAL_B_SPLINE_CURVE((1.,0.5,1.,0.5,
1.,0.5,1.)) REPRESENTATION_ITEM('') );
#3937 = CARTESIAN_POINT('',(41.855339059327,35.355339059327));
#3938 = CARTESIAN_POINT('',(41.855339059327,24.09700881013));
#3939 = CARTESIAN_POINT('',(32.105339059327,29.726173934729));
#3940 = CARTESIAN_POINT('',(22.355339059327,35.355339059327));
#3941 = CARTESIAN_POINT('',(32.105339059327,40.984504183926));
#3942 = CARTESIAN_POINT('',(41.855339059327,46.613669308525));
#3943 = CARTESIAN_POINT('',(41.855339059327,35.355339059327));
#3944 = ( GEOMETRIC_REPRESENTATION_CONTEXT(2) 
PARAMETRIC_REPRESENTATION_CONTEXT() REPRESENTATION_CONTEXT('2D SPACE',''
  ) );
#3945 = PCURVE('',#1427,#3946);
#3946 = DEFINITIONAL_REPRESENTATION('',(#3947),#3951);
#3947 = LINE('',#3948,#3949);
#3948 = CARTESIAN_POINT('',(-6.28318530718,-23.));
#3949 = VECTOR('',#3950,1.);
#3950 = DIRECTION('',(1.,-0.));
#3951 = ( GEOMETRIC_REPRESENTATION_CONTEXT(2) 
PARAMETRIC_REPRESENTATION_CONTEXT() REPRESENTATION_CONTEXT('2D SPACE',''
  ) );
#3952 = ADVANCED_FACE('',(#3953),#938,.F.);
#3953 = FACE_BOUND('',#3954,.F.);
#3954 = EDGE_LOOP('',(#3955,#3956,#3977,#3998));
#3955 = ORIENTED_EDGE('',*,*,#922,.F.);
#3956 = ORIENTED_EDGE('',*,*,#3957,.F.);
#3957 = EDGE_CURVE('',#3958,#895,#3960,.T.);
#3958 = VERTEX_POINT('',#3959);
#3959 = CARTESIAN_POINT('',(179.48283022858,13.635015699995,76.));
#3960 = SURFACE_CURVE('',#3961,(#3965,#3971),.PCURVE_S1.);
#3961 = LINE('',#3962,#3963);
#3962 = CARTESIAN_POINT('',(179.48283022858,13.635015699995,0.));
#3963 = VECTOR('',#3964,1.);
#3964 = DIRECTION('',(-0.,-0.,-1.));
#3965 = PCURVE('',#938,#3966);
#3966 = DEFINITIONAL_REPRESENTATION('',(#3967),#3970);
#3967 = B_SPLINE_CURVE_WITH_KNOTS('',1,(#3968,#3969),.UNSPECIFIED.,.F.,
  .F.,(2,2),(-76.9000006,-49.6),.PIECEWISE_BEZIER_KNOTS.);
#3968 = CARTESIAN_POINT('',(5.229544003357,-24.9000006));
#3969 = CARTESIAN_POINT('',(5.229544003357,2.4));
#3970 = ( GEOMETRIC_REPRESENTATION_CONTEXT(2) 
PARAMETRIC_REPRESENTATION_CONTEXT() REPRESENTATION_CONTEXT('2D SPACE',''
  ) );
#3971 = PCURVE('',#882,#3972);
#3972 = DEFINITIONAL_REPRESENTATION('',(#3973),#3976);
#3973 = B_SPLINE_CURVE_WITH_KNOTS('',1,(#3974,#3975),.UNSPECIFIED.,.F.,
  .F.,(2,2),(-76.9000006,-49.6),.PIECEWISE_BEZIER_KNOTS.);
#3974 = CARTESIAN_POINT('',(-7.582271821119E-02,-76.9000006));
#3975 = CARTESIAN_POINT('',(-7.582271821119E-02,-49.6));
#3976 = ( GEOMETRIC_REPRESENTATION_CONTEXT(2) 
PARAMETRIC_REPRESENTATION_CONTEXT() REPRESENTATION_CONTEXT('2D SPACE',''
  ) );
#3977 = ORIENTED_EDGE('',*,*,#3978,.T.);
#3978 = EDGE_CURVE('',#3958,#3510,#3979,.T.);
#3979 = SURFACE_CURVE('',#3980,(#3984,#3991),.PCURVE_S1.);
#3980 = LINE('',#3981,#3982);
#3981 = CARTESIAN_POINT('',(184.,11.,76.));
#3982 = VECTOR('',#3983,1.);
#3983 = DIRECTION('',(-0.863778900898,0.503871025524,0.));
#3984 = PCURVE('',#938,#3985);
#3985 = DEFINITIONAL_REPRESENTATION('',(#3986),#3990);
#3986 = LINE('',#3987,#3988);
#3987 = CARTESIAN_POINT('',(0.,-24.));
#3988 = VECTOR('',#3989,1.);
#3989 = DIRECTION('',(1.,0.));
#3990 = ( GEOMETRIC_REPRESENTATION_CONTEXT(2) 
PARAMETRIC_REPRESENTATION_CONTEXT() REPRESENTATION_CONTEXT('2D SPACE',''
  ) );
#3991 = PCURVE('',#1040,#3992);
#3992 = DEFINITIONAL_REPRESENTATION('',(#3993),#3997);
#3993 = LINE('',#3994,#3995);
#3994 = CARTESIAN_POINT('',(72.985402979423,11.));
#3995 = VECTOR('',#3996,1.);
#3996 = DIRECTION('',(-0.863778900898,0.503871025524));
#3997 = ( GEOMETRIC_REPRESENTATION_CONTEXT(2) 
PARAMETRIC_REPRESENTATION_CONTEXT() REPRESENTATION_CONTEXT('2D SPACE',''
  ) );
#3998 = ORIENTED_EDGE('',*,*,#3509,.F.);
#3999 = ADVANCED_FACE('',(#4000,#4185,#4256,#4327,#4398,#4469),#882,.F.
  );
#4000 = FACE_BOUND('',#4001,.T.);
#4001 = EDGE_LOOP('',(#4002,#4030,#4051,#4052,#4053,#4081,#4104,#4135,
    #4136,#4164,#4183,#4184));
#4002 = ORIENTED_EDGE('',*,*,#4003,.F.);
#4003 = EDGE_CURVE('',#4004,#4004,#4006,.T.);
#4004 = VERTEX_POINT('',#4005);
#4005 = CARTESIAN_POINT('',(180.,8.951719505639E-15,0.));
#4006 = SURFACE_CURVE('',#4007,(#4012,#4019),.PCURVE_S1.);
#4007 = CIRCLE('',#4008,180.);
#4008 = AXIS2_PLACEMENT_3D('',#4009,#4010,#4011);
#4009 = CARTESIAN_POINT('',(9.578339871034E-13,8.951719505639E-15,0.));
#4010 = DIRECTION('',(0.,0.,1.));
#4011 = DIRECTION('',(1.,0.,0.));
#4012 = PCURVE('',#882,#4013);
#4013 = DEFINITIONAL_REPRESENTATION('',(#4014),#4018);
#4014 = LINE('',#4015,#4016);
#4015 = CARTESIAN_POINT('',(-0.,0.));
#4016 = VECTOR('',#4017,1.);
#4017 = DIRECTION('',(-1.,0.));
#4018 = ( GEOMETRIC_REPRESENTATION_CONTEXT(2) 
PARAMETRIC_REPRESENTATION_CONTEXT() REPRESENTATION_CONTEXT('2D SPACE',''
  ) );
#4019 = PCURVE('',#4020,#4025);
#4020 = CYLINDRICAL_SURFACE('',#4021,180.);
#4021 = AXIS2_PLACEMENT_3D('',#4022,#4023,#4024);
#4022 = CARTESIAN_POINT('',(9.578339871034E-13,8.951719505639E-15,0.));
#4023 = DIRECTION('',(0.,0.,1.));
#4024 = DIRECTION('',(1.,0.,0.));
#4025 = DEFINITIONAL_REPRESENTATION('',(#4026),#4029);
#4026 = B_SPLINE_CURVE_WITH_KNOTS('',1,(#4027,#4028),.UNSPECIFIED.,.F.,
  .F.,(2,2),(0.,6.28318530718),.PIECEWISE_BEZIER_KNOTS.);
#4027 = CARTESIAN_POINT('',(0.,0.));
#4028 = CARTESIAN_POINT('',(6.28318530718,0.));
#4029 = ( GEOMETRIC_REPRESENTATION_CONTEXT(2) 
PARAMETRIC_REPRESENTATION_CONTEXT() REPRESENTATION_CONTEXT('2D SPACE',''
  ) );
#4030 = ORIENTED_EDGE('',*,*,#4031,.T.);
#4031 = EDGE_CURVE('',#4004,#862,#4032,.T.);
#4032 = SEAM_CURVE('',#4033,(#4037,#4044),.PCURVE_S1.);
#4033 = LINE('',#4034,#4035);
#4034 = CARTESIAN_POINT('',(180.,8.951719505639E-15,0.));
#4035 = VECTOR('',#4036,1.);
#4036 = DIRECTION('',(0.,0.,1.));
#4037 = PCURVE('',#882,#4038);
#4038 = DEFINITIONAL_REPRESENTATION('',(#4039),#4043);
#4039 = LINE('',#4040,#4041);
#4040 = CARTESIAN_POINT('',(-6.28318530718,0.));
#4041 = VECTOR('',#4042,1.);
#4042 = DIRECTION('',(-0.,-1.));
#4043 = ( GEOMETRIC_REPRESENTATION_CONTEXT(2) 
PARAMETRIC_REPRESENTATION_CONTEXT() REPRESENTATION_CONTEXT('2D SPACE',''
  ) );
#4044 = PCURVE('',#882,#4045);
#4045 = DEFINITIONAL_REPRESENTATION('',(#4046),#4050);
#4046 = LINE('',#4047,#4048);
#4047 = CARTESIAN_POINT('',(-0.,0.));
#4048 = VECTOR('',#4049,1.);
#4049 = DIRECTION('',(-0.,-1.));
#4050 = ( GEOMETRIC_REPRESENTATION_CONTEXT(2) 
PARAMETRIC_REPRESENTATION_CONTEXT() REPRESENTATION_CONTEXT('2D SPACE',''
  ) );
#4051 = ORIENTED_EDGE('',*,*,#894,.F.);
#4052 = ORIENTED_EDGE('',*,*,#3957,.F.);
#4053 = ORIENTED_EDGE('',*,*,#4054,.T.);
#4054 = EDGE_CURVE('',#3958,#4055,#4057,.T.);
#4055 = VERTEX_POINT('',#4056);
#4056 = CARTESIAN_POINT('',(180.,8.951719505639E-15,76.));
#4057 = SURFACE_CURVE('',#4058,(#4063,#4070),.PCURVE_S1.);
#4058 = CIRCLE('',#4059,180.);
#4059 = AXIS2_PLACEMENT_3D('',#4060,#4061,#4062);
#4060 = CARTESIAN_POINT('',(9.578339871034E-13,8.951719505639E-15,76.));
#4061 = DIRECTION('',(0.,0.,-1.));
#4062 = DIRECTION('',(1.,0.,0.));
#4063 = PCURVE('',#882,#4064);
#4064 = DEFINITIONAL_REPRESENTATION('',(#4065),#4069);
#4065 = LINE('',#4066,#4067);
#4066 = CARTESIAN_POINT('',(-6.28318530718,-76.));
#4067 = VECTOR('',#4068,1.);
#4068 = DIRECTION('',(1.,-0.));
#4069 = ( GEOMETRIC_REPRESENTATION_CONTEXT(2) 
PARAMETRIC_REPRESENTATION_CONTEXT() REPRESENTATION_CONTEXT('2D SPACE',''
  ) );
#4070 = PCURVE('',#1040,#4071);
#4071 = DEFINITIONAL_REPRESENTATION('',(#4072),#4080);
#4072 = ( BOUNDED_CURVE() B_SPLINE_CURVE(2,(#4073,#4074,#4075,#4076,
#4077,#4078,#4079),.UNSPECIFIED.,.T.,.F.) B_SPLINE_CURVE_WITH_KNOTS((1,2
    ,2,2,2,1),(-2.094395102393,0.,2.094395102393,4.188790204786,
6.28318530718,8.377580409573),.UNSPECIFIED.) CURVE() 
GEOMETRIC_REPRESENTATION_ITEM() RATIONAL_B_SPLINE_CURVE((1.,0.5,1.,0.5,
1.,0.5,1.)) REPRESENTATION_ITEM('') );
#4073 = CARTESIAN_POINT('',(68.985402979424,7.956850447625E-15));
#4074 = CARTESIAN_POINT('',(68.985402979424,-311.7691453623));
#4075 = CARTESIAN_POINT('',(-201.0145970205,-155.8845726811));
#4076 = CARTESIAN_POINT('',(-471.0145970205,-3.613043432168E-14));
#4077 = CARTESIAN_POINT('',(-201.0145970205,155.88457268119));
#4078 = CARTESIAN_POINT('',(68.985402979423,311.76914536239));
#4079 = CARTESIAN_POINT('',(68.985402979424,7.956850447625E-15));
#4080 = ( GEOMETRIC_REPRESENTATION_CONTEXT(2) 
PARAMETRIC_REPRESENTATION_CONTEXT() REPRESENTATION_CONTEXT('2D SPACE',''
  ) );
#4081 = ORIENTED_EDGE('',*,*,#4082,.T.);
#4082 = EDGE_CURVE('',#4055,#4083,#4085,.T.);
#4083 = VERTEX_POINT('',#4084);
#4084 = CARTESIAN_POINT('',(180.,8.951719505639E-15,76.9));
#4085 = SEAM_CURVE('',#4086,(#4090,#4097),.PCURVE_S1.);
#4086 = LINE('',#4087,#4088);
#4087 = CARTESIAN_POINT('',(180.,8.951719505639E-15,0.));
#4088 = VECTOR('',#4089,1.);
#4089 = DIRECTION('',(0.,0.,1.));
#4090 = PCURVE('',#882,#4091);
#4091 = DEFINITIONAL_REPRESENTATION('',(#4092),#4096);
#4092 = LINE('',#4093,#4094);
#4093 = CARTESIAN_POINT('',(-6.28318530718,0.));
#4094 = VECTOR('',#4095,1.);
#4095 = DIRECTION('',(-0.,-1.));
#4096 = ( GEOMETRIC_REPRESENTATION_CONTEXT(2) 
PARAMETRIC_REPRESENTATION_CONTEXT() REPRESENTATION_CONTEXT('2D SPACE',''
  ) );
#4097 = PCURVE('',#882,#4098);
#4098 = DEFINITIONAL_REPRESENTATION('',(#4099),#4103);
#4099 = LINE('',#4100,#4101);
#4100 = CARTESIAN_POINT('',(-0.,0.));
#4101 = VECTOR('',#4102,1.);
#4102 = DIRECTION('',(-0.,-1.));
#4103 = ( GEOMETRIC_REPRESENTATION_CONTEXT(2) 
PARAMETRIC_REPRESENTATION_CONTEXT() REPRESENTATION_CONTEXT('2D SPACE',''
  ) );
#4104 = ORIENTED_EDGE('',*,*,#4105,.F.);
#4105 = EDGE_CURVE('',#4083,#4083,#4106,.T.);
#4106 = SURFACE_CURVE('',#4107,(#4112,#4119),.PCURVE_S1.);
#4107 = CIRCLE('',#4108,180.);
#4108 = AXIS2_PLACEMENT_3D('',#4109,#4110,#4111);
#4109 = CARTESIAN_POINT('',(9.578339871034E-13,8.951719505639E-15,76.9)
  );
#4110 = DIRECTION('',(0.,0.,-1.));
#4111 = DIRECTION('',(1.,0.,0.));
#4112 = PCURVE('',#882,#4113);
#4113 = DEFINITIONAL_REPRESENTATION('',(#4114),#4118);
#4114 = LINE('',#4115,#4116);
#4115 = CARTESIAN_POINT('',(-6.28318530718,-76.9));
#4116 = VECTOR('',#4117,1.);
#4117 = DIRECTION('',(1.,-0.));
#4118 = ( GEOMETRIC_REPRESENTATION_CONTEXT(2) 
PARAMETRIC_REPRESENTATION_CONTEXT() REPRESENTATION_CONTEXT('2D SPACE',''
  ) );
#4119 = PCURVE('',#4120,#4125);
#4120 = PLANE('',#4121);
#4121 = AXIS2_PLACEMENT_3D('',#4122,#4123,#4124);
#4122 = CARTESIAN_POINT('',(-2.05517421094E-14,1.905839595434E-14,76.9)
  );
#4123 = DIRECTION('',(0.,0.,1.));
#4124 = DIRECTION('',(1.,0.,-0.));
#4125 = DEFINITIONAL_REPRESENTATION('',(#4126),#4134);
#4126 = ( BOUNDED_CURVE() B_SPLINE_CURVE(2,(#4127,#4128,#4129,#4130,
#4131,#4132,#4133),.UNSPECIFIED.,.T.,.F.) B_SPLINE_CURVE_WITH_KNOTS((1,2
    ,2,2,2,1),(-2.094395102393,0.,2.094395102393,4.188790204786,
6.28318530718,8.377580409573),.UNSPECIFIED.) CURVE() 
GEOMETRIC_REPRESENTATION_ITEM() RATIONAL_B_SPLINE_CURVE((1.,0.5,1.,0.5,
1.,0.5,1.)) REPRESENTATION_ITEM('') );
#4127 = CARTESIAN_POINT('',(180.,-1.01066764487E-14));
#4128 = CARTESIAN_POINT('',(180.,-311.7691453623));
#4129 = CARTESIAN_POINT('',(-89.99999999999,-155.8845726811));
#4130 = CARTESIAN_POINT('',(-359.9999999999,-5.419396121801E-14));
#4131 = CARTESIAN_POINT('',(-89.99999999999,155.88457268119));
#4132 = CARTESIAN_POINT('',(180.,311.76914536239));
#4133 = CARTESIAN_POINT('',(180.,-1.01066764487E-14));
#4134 = ( GEOMETRIC_REPRESENTATION_CONTEXT(2) 
PARAMETRIC_REPRESENTATION_CONTEXT() REPRESENTATION_CONTEXT('2D SPACE',''
  ) );
#4135 = ORIENTED_EDGE('',*,*,#4082,.F.);
#4136 = ORIENTED_EDGE('',*,*,#4137,.T.);
#4137 = EDGE_CURVE('',#4055,#4138,#4140,.T.);
#4138 = VERTEX_POINT('',#4139);
#4139 = CARTESIAN_POINT('',(179.48283022858,-13.63501569999,76.));
#4140 = SURFACE_CURVE('',#4141,(#4146,#4153),.PCURVE_S1.);
#4141 = CIRCLE('',#4142,180.);
#4142 = AXIS2_PLACEMENT_3D('',#4143,#4144,#4145);
#4143 = CARTESIAN_POINT('',(9.578339871034E-13,8.951719505639E-15,76.));
#4144 = DIRECTION('',(0.,0.,-1.));
#4145 = DIRECTION('',(1.,0.,0.));
#4146 = PCURVE('',#882,#4147);
#4147 = DEFINITIONAL_REPRESENTATION('',(#4148),#4152);
#4148 = LINE('',#4149,#4150);
#4149 = CARTESIAN_POINT('',(-6.28318530718,-76.));
#4150 = VECTOR('',#4151,1.);
#4151 = DIRECTION('',(1.,-0.));
#4152 = ( GEOMETRIC_REPRESENTATION_CONTEXT(2) 
PARAMETRIC_REPRESENTATION_CONTEXT() REPRESENTATION_CONTEXT('2D SPACE',''
  ) );
#4153 = PCURVE('',#1040,#4154);
#4154 = DEFINITIONAL_REPRESENTATION('',(#4155),#4163);
#4155 = ( BOUNDED_CURVE() B_SPLINE_CURVE(2,(#4156,#4157,#4158,#4159,
#4160,#4161,#4162),.UNSPECIFIED.,.T.,.F.) B_SPLINE_CURVE_WITH_KNOTS((1,2
    ,2,2,2,1),(-2.094395102393,0.,2.094395102393,4.188790204786,
6.28318530718,8.377580409573),.UNSPECIFIED.) CURVE() 
GEOMETRIC_REPRESENTATION_ITEM() RATIONAL_B_SPLINE_CURVE((1.,0.5,1.,0.5,
1.,0.5,1.)) REPRESENTATION_ITEM('') );
#4156 = CARTESIAN_POINT('',(68.985402979424,7.956850447625E-15));
#4157 = CARTESIAN_POINT('',(68.985402979424,-311.7691453623));
#4158 = CARTESIAN_POINT('',(-201.0145970205,-155.8845726811));
#4159 = CARTESIAN_POINT('',(-471.0145970205,-3.613043432168E-14));
#4160 = CARTESIAN_POINT('',(-201.0145970205,155.88457268119));
#4161 = CARTESIAN_POINT('',(68.985402979423,311.76914536239));
#4162 = CARTESIAN_POINT('',(68.985402979424,7.956850447625E-15));
#4163 = ( GEOMETRIC_REPRESENTATION_CONTEXT(2) 
PARAMETRIC_REPRESENTATION_CONTEXT() REPRESENTATION_CONTEXT('2D SPACE',''
  ) );
#4164 = ORIENTED_EDGE('',*,*,#4165,.T.);
#4165 = EDGE_CURVE('',#4138,#834,#4166,.T.);
#4166 = SURFACE_CURVE('',#4167,(#4171,#4177),.PCURVE_S1.);
#4167 = LINE('',#4168,#4169);
#4168 = CARTESIAN_POINT('',(179.48283022858,-13.63501569999,0.));
#4169 = VECTOR('',#4170,1.);
#4170 = DIRECTION('',(-0.,-0.,-1.));
#4171 = PCURVE('',#882,#4172);
#4172 = DEFINITIONAL_REPRESENTATION('',(#4173),#4176);
#4173 = B_SPLINE_CURVE_WITH_KNOTS('',1,(#4174,#4175),.UNSPECIFIED.,.F.,
  .F.,(2,2),(-76.9000006,-49.6),.PIECEWISE_BEZIER_KNOTS.);
#4174 = CARTESIAN_POINT('',(-6.207362588968,-76.9000006));
#4175 = CARTESIAN_POINT('',(-6.207362588968,-49.6));
#4176 = ( GEOMETRIC_REPRESENTATION_CONTEXT(2) 
PARAMETRIC_REPRESENTATION_CONTEXT() REPRESENTATION_CONTEXT('2D SPACE',''
  ) );
#4177 = PCURVE('',#849,#4178);
#4178 = DEFINITIONAL_REPRESENTATION('',(#4179),#4182);
#4179 = B_SPLINE_CURVE_WITH_KNOTS('',1,(#4180,#4181),.UNSPECIFIED.,.F.,
  .F.,(2,2),(-76.9000006,-49.6),.PIECEWISE_BEZIER_KNOTS.);
#4180 = CARTESIAN_POINT('',(8.662899986092,-24.9000006));
#4181 = CARTESIAN_POINT('',(8.662899986092,2.4));
#4182 = ( GEOMETRIC_REPRESENTATION_CONTEXT(2) 
PARAMETRIC_REPRESENTATION_CONTEXT() REPRESENTATION_CONTEXT('2D SPACE',''
  ) );
#4183 = ORIENTED_EDGE('',*,*,#861,.F.);
#4184 = ORIENTED_EDGE('',*,*,#4031,.F.);
#4185 = FACE_BOUND('',#4186,.T.);
#4186 = EDGE_LOOP('',(#4187,#4217,#4236,#4237));
#4187 = ORIENTED_EDGE('',*,*,#4188,.T.);
#4188 = EDGE_CURVE('',#4189,#4191,#4193,.T.);
#4189 = VERTEX_POINT('',#4190);
#4190 = CARTESIAN_POINT('',(77.933145137094,162.25419837107,76.));
#4191 = VERTEX_POINT('',#4192);
#4192 = CARTESIAN_POINT('',(101.54968509148,148.61918267108,76.));
#4193 = SURFACE_CURVE('',#4194,(#4199,#4206),.PCURVE_S1.);
#4194 = CIRCLE('',#4195,180.);
#4195 = AXIS2_PLACEMENT_3D('',#4196,#4197,#4198);
#4196 = CARTESIAN_POINT('',(9.578339871034E-13,8.951719505639E-15,76.));
#4197 = DIRECTION('',(0.,0.,-1.));
#4198 = DIRECTION('',(1.,0.,0.));
#4199 = PCURVE('',#882,#4200);
#4200 = DEFINITIONAL_REPRESENTATION('',(#4201),#4205);
#4201 = LINE('',#4202,#4203);
#4202 = CARTESIAN_POINT('',(-6.28318530718,-76.));
#4203 = VECTOR('',#4204,1.);
#4204 = DIRECTION('',(1.,-0.));
#4205 = ( GEOMETRIC_REPRESENTATION_CONTEXT(2) 
PARAMETRIC_REPRESENTATION_CONTEXT() REPRESENTATION_CONTEXT('2D SPACE',''
  ) );
#4206 = PCURVE('',#3292,#4207);
#4207 = DEFINITIONAL_REPRESENTATION('',(#4208),#4216);
#4208 = ( BOUNDED_CURVE() B_SPLINE_CURVE(2,(#4209,#4210,#4211,#4212,
#4213,#4214,#4215),.UNSPECIFIED.,.T.,.F.) B_SPLINE_CURVE_WITH_KNOTS((1,2
    ,2,2,2,1),(-2.094395102393,0.,2.094395102393,4.188790204786,
6.28318530718,8.377580409573),.UNSPECIFIED.) CURVE() 
GEOMETRIC_REPRESENTATION_ITEM() RATIONAL_B_SPLINE_CURVE((1.,0.5,1.,0.5,
1.,0.5,1.)) REPRESENTATION_ITEM('') );
#4209 = CARTESIAN_POINT('',(124.49270148971,-96.14146121071));
#4210 = CARTESIAN_POINT('',(124.49270148971,-407.9106065731));
#4211 = CARTESIAN_POINT('',(-145.5072985102,-252.0260338919));
#4212 = CARTESIAN_POINT('',(-415.5072985102,-96.14146121071));
#4213 = CARTESIAN_POINT('',(-145.5072985102,59.743111470487));
#4214 = CARTESIAN_POINT('',(124.49270148971,215.62768415168));
#4215 = CARTESIAN_POINT('',(124.49270148971,-96.14146121071));
#4216 = ( GEOMETRIC_REPRESENTATION_CONTEXT(2) 
PARAMETRIC_REPRESENTATION_CONTEXT() REPRESENTATION_CONTEXT('2D SPACE',''
  ) );
#4217 = ORIENTED_EDGE('',*,*,#4218,.T.);
#4218 = EDGE_CURVE('',#4191,#3355,#4219,.T.);
#4219 = SURFACE_CURVE('',#4220,(#4224,#4230),.PCURVE_S1.);
#4220 = LINE('',#4221,#4222);
#4221 = CARTESIAN_POINT('',(101.54968509148,148.61918267108,0.));
#4222 = VECTOR('',#4223,1.);
#4223 = DIRECTION('',(-0.,-0.,-1.));
#4224 = PCURVE('',#882,#4225);
#4225 = DEFINITIONAL_REPRESENTATION('',(#4226),#4229);
#4226 = B_SPLINE_CURVE_WITH_KNOTS('',1,(#4227,#4228),.UNSPECIFIED.,.F.,
  .F.,(2,2),(-76.9000006,-49.6),.PIECEWISE_BEZIER_KNOTS.);
#4227 = CARTESIAN_POINT('',(-0.971374832985,-76.9000006));
#4228 = CARTESIAN_POINT('',(-0.971374832985,-49.6));
#4229 = ( GEOMETRIC_REPRESENTATION_CONTEXT(2) 
PARAMETRIC_REPRESENTATION_CONTEXT() REPRESENTATION_CONTEXT('2D SPACE',''
  ) );
#4230 = PCURVE('',#3370,#4231);
#4231 = DEFINITIONAL_REPRESENTATION('',(#4232),#4235);
#4232 = B_SPLINE_CURVE_WITH_KNOTS('',1,(#4233,#4234),.UNSPECIFIED.,.F.,
  .F.,(2,2),(-76.9000006,-49.6),.PIECEWISE_BEZIER_KNOTS.);
#4233 = CARTESIAN_POINT('',(8.662899986092,-24.9000006));
#4234 = CARTESIAN_POINT('',(8.662899986092,2.4));
#4235 = ( GEOMETRIC_REPRESENTATION_CONTEXT(2) 
PARAMETRIC_REPRESENTATION_CONTEXT() REPRESENTATION_CONTEXT('2D SPACE',''
  ) );
#4236 = ORIENTED_EDGE('',*,*,#3382,.F.);
#4237 = ORIENTED_EDGE('',*,*,#4238,.F.);
#4238 = EDGE_CURVE('',#4189,#3383,#4239,.T.);
#4239 = SURFACE_CURVE('',#4240,(#4244,#4250),.PCURVE_S1.);
#4240 = LINE('',#4241,#4242);
#4241 = CARTESIAN_POINT('',(77.933145137094,162.25419837107,0.));
#4242 = VECTOR('',#4243,1.);
#4243 = DIRECTION('',(-0.,-0.,-1.));
#4244 = PCURVE('',#882,#4245);
#4245 = DEFINITIONAL_REPRESENTATION('',(#4246),#4249);
#4246 = B_SPLINE_CURVE_WITH_KNOTS('',1,(#4247,#4248),.UNSPECIFIED.,.F.,
  .F.,(2,2),(-76.9000006,-49.6),.PIECEWISE_BEZIER_KNOTS.);
#4247 = CARTESIAN_POINT('',(-1.123020269408,-76.9000006));
#4248 = CARTESIAN_POINT('',(-1.123020269408,-49.6));
#4249 = ( GEOMETRIC_REPRESENTATION_CONTEXT(2) 
PARAMETRIC_REPRESENTATION_CONTEXT() REPRESENTATION_CONTEXT('2D SPACE',''
  ) );
#4250 = PCURVE('',#3264,#4251);
#4251 = DEFINITIONAL_REPRESENTATION('',(#4252),#4255);
#4252 = B_SPLINE_CURVE_WITH_KNOTS('',1,(#4253,#4254),.UNSPECIFIED.,.F.,
  .F.,(2,2),(-76.9000006,-49.6),.PIECEWISE_BEZIER_KNOTS.);
#4253 = CARTESIAN_POINT('',(5.229544003358,-24.9000006));
#4254 = CARTESIAN_POINT('',(5.229544003358,2.4));
#4255 = ( GEOMETRIC_REPRESENTATION_CONTEXT(2) 
PARAMETRIC_REPRESENTATION_CONTEXT() REPRESENTATION_CONTEXT('2D SPACE',''
  ) );
#4256 = FACE_BOUND('',#4257,.T.);
#4257 = EDGE_LOOP('',(#4258,#4288,#4307,#4308));
#4258 = ORIENTED_EDGE('',*,*,#4259,.T.);
#4259 = EDGE_CURVE('',#4260,#4262,#4264,.T.);
#4260 = VERTEX_POINT('',#4261);
#4261 = CARTESIAN_POINT('',(-101.5496850914,148.61918267108,76.));
#4262 = VERTEX_POINT('',#4263);
#4263 = CARTESIAN_POINT('',(-77.93314513709,162.25419837107,76.));
#4264 = SURFACE_CURVE('',#4265,(#4270,#4277),.PCURVE_S1.);
#4265 = CIRCLE('',#4266,180.);
#4266 = AXIS2_PLACEMENT_3D('',#4267,#4268,#4269);
#4267 = CARTESIAN_POINT('',(9.578339871034E-13,8.951719505639E-15,76.));
#4268 = DIRECTION('',(0.,0.,-1.));
#4269 = DIRECTION('',(1.,0.,0.));
#4270 = PCURVE('',#882,#4271);
#4271 = DEFINITIONAL_REPRESENTATION('',(#4272),#4276);
#4272 = LINE('',#4273,#4274);
#4273 = CARTESIAN_POINT('',(-6.28318530718,-76.));
#4274 = VECTOR('',#4275,1.);
#4275 = DIRECTION('',(1.,-0.));
#4276 = ( GEOMETRIC_REPRESENTATION_CONTEXT(2) 
PARAMETRIC_REPRESENTATION_CONTEXT() REPRESENTATION_CONTEXT('2D SPACE',''
  ) );
#4277 = PCURVE('',#3009,#4278);
#4278 = DEFINITIONAL_REPRESENTATION('',(#4279),#4287);
#4279 = ( BOUNDED_CURVE() B_SPLINE_CURVE(2,(#4280,#4281,#4282,#4283,
#4284,#4285,#4286),.UNSPECIFIED.,.T.,.F.) B_SPLINE_CURVE_WITH_KNOTS((1,2
    ,2,2,2,1),(-2.094395102393,0.,2.094395102393,4.188790204786,
6.28318530718,8.377580409573),.UNSPECIFIED.) CURVE() 
GEOMETRIC_REPRESENTATION_ITEM() RATIONAL_B_SPLINE_CURVE((1.,0.5,1.,0.5,
1.,0.5,1.)) REPRESENTATION_ITEM('') );
#4280 = CARTESIAN_POINT('',(235.50729851029,-96.14146121071));
#4281 = CARTESIAN_POINT('',(235.50729851029,-407.9106065731));
#4282 = CARTESIAN_POINT('',(-34.49270148971,-252.0260338919));
#4283 = CARTESIAN_POINT('',(-304.4927014897,-96.14146121071));
#4284 = CARTESIAN_POINT('',(-34.49270148971,59.743111470487));
#4285 = CARTESIAN_POINT('',(235.50729851028,215.62768415168));
#4286 = CARTESIAN_POINT('',(235.50729851029,-96.14146121071));
#4287 = ( GEOMETRIC_REPRESENTATION_CONTEXT(2) 
PARAMETRIC_REPRESENTATION_CONTEXT() REPRESENTATION_CONTEXT('2D SPACE',''
  ) );
#4288 = ORIENTED_EDGE('',*,*,#4289,.T.);
#4289 = EDGE_CURVE('',#4262,#3072,#4290,.T.);
#4290 = SURFACE_CURVE('',#4291,(#4295,#4301),.PCURVE_S1.);
#4291 = LINE('',#4292,#4293);
#4292 = CARTESIAN_POINT('',(-77.93314513709,162.25419837107,0.));
#4293 = VECTOR('',#4294,1.);
#4294 = DIRECTION('',(-0.,-0.,-1.));
#4295 = PCURVE('',#882,#4296);
#4296 = DEFINITIONAL_REPRESENTATION('',(#4297),#4300);
#4297 = B_SPLINE_CURVE_WITH_KNOTS('',1,(#4298,#4299),.UNSPECIFIED.,.F.,
  .F.,(2,2),(-76.9000006,-49.6),.PIECEWISE_BEZIER_KNOTS.);
#4298 = CARTESIAN_POINT('',(-2.018572384182,-76.9000006));
#4299 = CARTESIAN_POINT('',(-2.018572384182,-49.6));
#4300 = ( GEOMETRIC_REPRESENTATION_CONTEXT(2) 
PARAMETRIC_REPRESENTATION_CONTEXT() REPRESENTATION_CONTEXT('2D SPACE',''
  ) );
#4301 = PCURVE('',#3087,#4302);
#4302 = DEFINITIONAL_REPRESENTATION('',(#4303),#4306);
#4303 = B_SPLINE_CURVE_WITH_KNOTS('',1,(#4304,#4305),.UNSPECIFIED.,.F.,
  .F.,(2,2),(-76.9000006,-49.6),.PIECEWISE_BEZIER_KNOTS.);
#4304 = CARTESIAN_POINT('',(8.662899986091,-24.9000006));
#4305 = CARTESIAN_POINT('',(8.662899986091,2.4));
#4306 = ( GEOMETRIC_REPRESENTATION_CONTEXT(2) 
PARAMETRIC_REPRESENTATION_CONTEXT() REPRESENTATION_CONTEXT('2D SPACE',''
  ) );
#4307 = ORIENTED_EDGE('',*,*,#3099,.F.);
#4308 = ORIENTED_EDGE('',*,*,#4309,.F.);
#4309 = EDGE_CURVE('',#4260,#3100,#4310,.T.);
#4310 = SURFACE_CURVE('',#4311,(#4315,#4321),.PCURVE_S1.);
#4311 = LINE('',#4312,#4313);
#4312 = CARTESIAN_POINT('',(-101.5496850914,148.61918267108,0.));
#4313 = VECTOR('',#4314,1.);
#4314 = DIRECTION('',(-0.,-0.,-1.));
#4315 = PCURVE('',#882,#4316);
#4316 = DEFINITIONAL_REPRESENTATION('',(#4317),#4320);
#4317 = B_SPLINE_CURVE_WITH_KNOTS('',1,(#4318,#4319),.UNSPECIFIED.,.F.,
  .F.,(2,2),(-76.9000006,-49.6),.PIECEWISE_BEZIER_KNOTS.);
#4318 = CARTESIAN_POINT('',(-2.170217820604,-76.9000006));
#4319 = CARTESIAN_POINT('',(-2.170217820604,-49.6));
#4320 = ( GEOMETRIC_REPRESENTATION_CONTEXT(2) 
PARAMETRIC_REPRESENTATION_CONTEXT() REPRESENTATION_CONTEXT('2D SPACE',''
  ) );
#4321 = PCURVE('',#2981,#4322);
#4322 = DEFINITIONAL_REPRESENTATION('',(#4323),#4326);
#4323 = B_SPLINE_CURVE_WITH_KNOTS('',1,(#4324,#4325),.UNSPECIFIED.,.F.,
  .F.,(2,2),(-76.9000006,-49.6),.PIECEWISE_BEZIER_KNOTS.);
#4324 = CARTESIAN_POINT('',(5.229544003359,-24.9000006));
#4325 = CARTESIAN_POINT('',(5.229544003359,2.4));
#4326 = ( GEOMETRIC_REPRESENTATION_CONTEXT(2) 
PARAMETRIC_REPRESENTATION_CONTEXT() REPRESENTATION_CONTEXT('2D SPACE',''
  ) );
#4327 = FACE_BOUND('',#4328,.T.);
#4328 = EDGE_LOOP('',(#4329,#4359,#4378,#4379));
#4329 = ORIENTED_EDGE('',*,*,#4330,.T.);
#4330 = EDGE_CURVE('',#4331,#4333,#4335,.T.);
#4331 = VERTEX_POINT('',#4332);
#4332 = CARTESIAN_POINT('',(-179.4828302285,-13.63501569999,76.));
#4333 = VERTEX_POINT('',#4334);
#4334 = CARTESIAN_POINT('',(-179.4828302285,13.635015699996,76.));
#4335 = SURFACE_CURVE('',#4336,(#4341,#4348),.PCURVE_S1.);
#4336 = CIRCLE('',#4337,180.);
#4337 = AXIS2_PLACEMENT_3D('',#4338,#4339,#4340);
#4338 = CARTESIAN_POINT('',(9.578339871034E-13,8.951719505639E-15,76.));
#4339 = DIRECTION('',(0.,0.,-1.));
#4340 = DIRECTION('',(1.,0.,0.));
#4341 = PCURVE('',#882,#4342);
#4342 = DEFINITIONAL_REPRESENTATION('',(#4343),#4347);
#4343 = LINE('',#4344,#4345);
#4344 = CARTESIAN_POINT('',(-6.28318530718,-76.));
#4345 = VECTOR('',#4346,1.);
#4346 = DIRECTION('',(1.,-0.));
#4347 = ( GEOMETRIC_REPRESENTATION_CONTEXT(2) 
PARAMETRIC_REPRESENTATION_CONTEXT() REPRESENTATION_CONTEXT('2D SPACE',''
  ) );
#4348 = PCURVE('',#2726,#4349);
#4349 = DEFINITIONAL_REPRESENTATION('',(#4350),#4358);
#4350 = ( BOUNDED_CURVE() B_SPLINE_CURVE(2,(#4351,#4352,#4353,#4354,
#4355,#4356,#4357),.UNSPECIFIED.,.T.,.F.) B_SPLINE_CURVE_WITH_KNOTS((1,2
    ,2,2,2,1),(-2.094395102393,0.,2.094395102393,4.188790204786,
6.28318530718,8.377580409573),.UNSPECIFIED.) CURVE() 
GEOMETRIC_REPRESENTATION_ITEM() RATIONAL_B_SPLINE_CURVE((1.,0.5,1.,0.5,
1.,0.5,1.)) REPRESENTATION_ITEM('') );
#4351 = CARTESIAN_POINT('',(291.01459702057,-6.883279667748E-15));
#4352 = CARTESIAN_POINT('',(291.01459702057,-311.7691453623));
#4353 = CARTESIAN_POINT('',(21.014597020578,-155.8845726811));
#4354 = CARTESIAN_POINT('',(-248.9854029794,-5.097056443705E-14));
#4355 = CARTESIAN_POINT('',(21.014597020578,155.88457268119));
#4356 = CARTESIAN_POINT('',(291.01459702057,311.76914536239));
#4357 = CARTESIAN_POINT('',(291.01459702057,-6.883279667748E-15));
#4358 = ( GEOMETRIC_REPRESENTATION_CONTEXT(2) 
PARAMETRIC_REPRESENTATION_CONTEXT() REPRESENTATION_CONTEXT('2D SPACE',''
  ) );
#4359 = ORIENTED_EDGE('',*,*,#4360,.T.);
#4360 = EDGE_CURVE('',#4333,#2789,#4361,.T.);
#4361 = SURFACE_CURVE('',#4362,(#4366,#4372),.PCURVE_S1.);
#4362 = LINE('',#4363,#4364);
#4363 = CARTESIAN_POINT('',(-179.4828302285,13.635015699996,0.));
#4364 = VECTOR('',#4365,1.);
#4365 = DIRECTION('',(-0.,-0.,-1.));
#4366 = PCURVE('',#882,#4367);
#4367 = DEFINITIONAL_REPRESENTATION('',(#4368),#4371);
#4368 = B_SPLINE_CURVE_WITH_KNOTS('',1,(#4369,#4370),.UNSPECIFIED.,.F.,
  .F.,(2,2),(-76.9000006,-49.6),.PIECEWISE_BEZIER_KNOTS.);
#4369 = CARTESIAN_POINT('',(-3.065769935379,-76.9000006));
#4370 = CARTESIAN_POINT('',(-3.065769935379,-49.6));
#4371 = ( GEOMETRIC_REPRESENTATION_CONTEXT(2) 
PARAMETRIC_REPRESENTATION_CONTEXT() REPRESENTATION_CONTEXT('2D SPACE',''
  ) );
#4372 = PCURVE('',#2804,#4373);
#4373 = DEFINITIONAL_REPRESENTATION('',(#4374),#4377);
#4374 = B_SPLINE_CURVE_WITH_KNOTS('',1,(#4375,#4376),.UNSPECIFIED.,.F.,
  .F.,(2,2),(-76.9000006,-49.6),.PIECEWISE_BEZIER_KNOTS.);
#4375 = CARTESIAN_POINT('',(8.66289998609,-24.9000006));
#4376 = CARTESIAN_POINT('',(8.66289998609,2.4));
#4377 = ( GEOMETRIC_REPRESENTATION_CONTEXT(2) 
PARAMETRIC_REPRESENTATION_CONTEXT() REPRESENTATION_CONTEXT('2D SPACE',''
  ) );
#4378 = ORIENTED_EDGE('',*,*,#2816,.F.);
#4379 = ORIENTED_EDGE('',*,*,#4380,.F.);
#4380 = EDGE_CURVE('',#4331,#2817,#4381,.T.);
#4381 = SURFACE_CURVE('',#4382,(#4386,#4392),.PCURVE_S1.);
#4382 = LINE('',#4383,#4384);
#4383 = CARTESIAN_POINT('',(-179.4828302285,-13.63501569999,0.));
#4384 = VECTOR('',#4385,1.);
#4385 = DIRECTION('',(-0.,-0.,-1.));
#4386 = PCURVE('',#882,#4387);
#4387 = DEFINITIONAL_REPRESENTATION('',(#4388),#4391);
#4388 = B_SPLINE_CURVE_WITH_KNOTS('',1,(#4389,#4390),.UNSPECIFIED.,.F.,
  .F.,(2,2),(-76.9000006,-49.6),.PIECEWISE_BEZIER_KNOTS.);
#4389 = CARTESIAN_POINT('',(-3.217415371801,-76.9000006));
#4390 = CARTESIAN_POINT('',(-3.217415371801,-49.6));
#4391 = ( GEOMETRIC_REPRESENTATION_CONTEXT(2) 
PARAMETRIC_REPRESENTATION_CONTEXT() REPRESENTATION_CONTEXT('2D SPACE',''
  ) );
#4392 = PCURVE('',#2698,#4393);
#4393 = DEFINITIONAL_REPRESENTATION('',(#4394),#4397);
#4394 = B_SPLINE_CURVE_WITH_KNOTS('',1,(#4395,#4396),.UNSPECIFIED.,.F.,
  .F.,(2,2),(-76.9000006,-49.6),.PIECEWISE_BEZIER_KNOTS.);
#4395 = CARTESIAN_POINT('',(5.22954400336,-24.9000006));
#4396 = CARTESIAN_POINT('',(5.22954400336,2.4));
#4397 = ( GEOMETRIC_REPRESENTATION_CONTEXT(2) 
PARAMETRIC_REPRESENTATION_CONTEXT() REPRESENTATION_CONTEXT('2D SPACE',''
  ) );
#4398 = FACE_BOUND('',#4399,.T.);
#4399 = EDGE_LOOP('',(#4400,#4430,#4449,#4450));
#4400 = ORIENTED_EDGE('',*,*,#4401,.T.);
#4401 = EDGE_CURVE('',#4402,#4404,#4406,.T.);
#4402 = VERTEX_POINT('',#4403);
#4403 = CARTESIAN_POINT('',(-77.93314513709,-162.254198371,76.));
#4404 = VERTEX_POINT('',#4405);
#4405 = CARTESIAN_POINT('',(-101.5496850914,-148.619182671,76.));
#4406 = SURFACE_CURVE('',#4407,(#4412,#4419),.PCURVE_S1.);
#4407 = CIRCLE('',#4408,180.);
#4408 = AXIS2_PLACEMENT_3D('',#4409,#4410,#4411);
#4409 = CARTESIAN_POINT('',(9.578339871034E-13,8.951719505639E-15,76.));
#4410 = DIRECTION('',(0.,0.,-1.));
#4411 = DIRECTION('',(1.,0.,0.));
#4412 = PCURVE('',#882,#4413);
#4413 = DEFINITIONAL_REPRESENTATION('',(#4414),#4418);
#4414 = LINE('',#4415,#4416);
#4415 = CARTESIAN_POINT('',(-6.28318530718,-76.));
#4416 = VECTOR('',#4417,1.);
#4417 = DIRECTION('',(1.,-0.));
#4418 = ( GEOMETRIC_REPRESENTATION_CONTEXT(2) 
PARAMETRIC_REPRESENTATION_CONTEXT() REPRESENTATION_CONTEXT('2D SPACE',''
  ) );
#4419 = PCURVE('',#2443,#4420);
#4420 = DEFINITIONAL_REPRESENTATION('',(#4421),#4429);
#4421 = ( BOUNDED_CURVE() B_SPLINE_CURVE(2,(#4422,#4423,#4424,#4425,
#4426,#4427,#4428),.UNSPECIFIED.,.T.,.F.) B_SPLINE_CURVE_WITH_KNOTS((1,2
    ,2,2,2,1),(-2.094395102393,0.,2.094395102393,4.188790204786,
6.28318530718,8.377580409573),.UNSPECIFIED.) CURVE() 
GEOMETRIC_REPRESENTATION_ITEM() RATIONAL_B_SPLINE_CURVE((1.,0.5,1.,0.5,
1.,0.5,1.)) REPRESENTATION_ITEM('') );
#4422 = CARTESIAN_POINT('',(235.50729851029,96.141461210712));
#4423 = CARTESIAN_POINT('',(235.50729851029,-215.6276841516));
#4424 = CARTESIAN_POINT('',(-34.49270148971,-59.74311147048));
#4425 = CARTESIAN_POINT('',(-304.4927014897,96.141461210712));
#4426 = CARTESIAN_POINT('',(-34.49270148971,252.02603389191));
#4427 = CARTESIAN_POINT('',(235.50729851028,407.91060657311));
#4428 = CARTESIAN_POINT('',(235.50729851029,96.141461210712));
#4429 = ( GEOMETRIC_REPRESENTATION_CONTEXT(2) 
PARAMETRIC_REPRESENTATION_CONTEXT() REPRESENTATION_CONTEXT('2D SPACE',''
  ) );
#4430 = ORIENTED_EDGE('',*,*,#4431,.T.);
#4431 = EDGE_CURVE('',#4404,#2506,#4432,.T.);
#4432 = SURFACE_CURVE('',#4433,(#4437,#4443),.PCURVE_S1.);
#4433 = LINE('',#4434,#4435);
#4434 = CARTESIAN_POINT('',(-101.5496850914,-148.619182671,0.));
#4435 = VECTOR('',#4436,1.);
#4436 = DIRECTION('',(-0.,-0.,-1.));
#4437 = PCURVE('',#882,#4438);
#4438 = DEFINITIONAL_REPRESENTATION('',(#4439),#4442);
#4439 = B_SPLINE_CURVE_WITH_KNOTS('',1,(#4440,#4441),.UNSPECIFIED.,.F.,
  .F.,(2,2),(-76.9000006,-49.6),.PIECEWISE_BEZIER_KNOTS.);
#4440 = CARTESIAN_POINT('',(-4.112967486575,-76.9000006));
#4441 = CARTESIAN_POINT('',(-4.112967486575,-49.6));
#4442 = ( GEOMETRIC_REPRESENTATION_CONTEXT(2) 
PARAMETRIC_REPRESENTATION_CONTEXT() REPRESENTATION_CONTEXT('2D SPACE',''
  ) );
#4443 = PCURVE('',#2521,#4444);
#4444 = DEFINITIONAL_REPRESENTATION('',(#4445),#4448);
#4445 = B_SPLINE_CURVE_WITH_KNOTS('',1,(#4446,#4447),.UNSPECIFIED.,.F.,
  .F.,(2,2),(-76.9000006,-49.6),.PIECEWISE_BEZIER_KNOTS.);
#4446 = CARTESIAN_POINT('',(8.662899986091,-24.9000006));
#4447 = CARTESIAN_POINT('',(8.662899986091,2.4));
#4448 = ( GEOMETRIC_REPRESENTATION_CONTEXT(2) 
PARAMETRIC_REPRESENTATION_CONTEXT() REPRESENTATION_CONTEXT('2D SPACE',''
  ) );
#4449 = ORIENTED_EDGE('',*,*,#2533,.F.);
#4450 = ORIENTED_EDGE('',*,*,#4451,.F.);
#4451 = EDGE_CURVE('',#4402,#2534,#4452,.T.);
#4452 = SURFACE_CURVE('',#4453,(#4457,#4463),.PCURVE_S1.);
#4453 = LINE('',#4454,#4455);
#4454 = CARTESIAN_POINT('',(-77.93314513709,-162.254198371,0.));
#4455 = VECTOR('',#4456,1.);
#4456 = DIRECTION('',(-0.,-0.,-1.));
#4457 = PCURVE('',#882,#4458);
#4458 = DEFINITIONAL_REPRESENTATION('',(#4459),#4462);
#4459 = B_SPLINE_CURVE_WITH_KNOTS('',1,(#4460,#4461),.UNSPECIFIED.,.F.,
  .F.,(2,2),(-76.9000006,-49.6),.PIECEWISE_BEZIER_KNOTS.);
#4460 = CARTESIAN_POINT('',(-4.264612922998,-76.9000006));
#4461 = CARTESIAN_POINT('',(-4.264612922998,-49.6));
#4462 = ( GEOMETRIC_REPRESENTATION_CONTEXT(2) 
PARAMETRIC_REPRESENTATION_CONTEXT() REPRESENTATION_CONTEXT('2D SPACE',''
  ) );
#4463 = PCURVE('',#2415,#4464);
#4464 = DEFINITIONAL_REPRESENTATION('',(#4465),#4468);
#4465 = B_SPLINE_CURVE_WITH_KNOTS('',1,(#4466,#4467),.UNSPECIFIED.,.F.,
  .F.,(2,2),(-76.9000006,-49.6),.PIECEWISE_BEZIER_KNOTS.);
#4466 = CARTESIAN_POINT('',(5.229544003359,-24.9000006));
#4467 = CARTESIAN_POINT('',(5.229544003359,2.4));
#4468 = ( GEOMETRIC_REPRESENTATION_CONTEXT(2) 
PARAMETRIC_REPRESENTATION_CONTEXT() REPRESENTATION_CONTEXT('2D SPACE',''
  ) );
#4469 = FACE_BOUND('',#4470,.T.);
#4470 = EDGE_LOOP('',(#4471,#4501,#4520,#4521));
#4471 = ORIENTED_EDGE('',*,*,#4472,.T.);
#4472 = EDGE_CURVE('',#4473,#4475,#4477,.T.);
#4473 = VERTEX_POINT('',#4474);
#4474 = CARTESIAN_POINT('',(101.54968509148,-148.619182671,76.));
#4475 = VERTEX_POINT('',#4476);
#4476 = CARTESIAN_POINT('',(77.933145137094,-162.254198371,76.));
#4477 = SURFACE_CURVE('',#4478,(#4483,#4490),.PCURVE_S1.);
#4478 = CIRCLE('',#4479,180.);
#4479 = AXIS2_PLACEMENT_3D('',#4480,#4481,#4482);
#4480 = CARTESIAN_POINT('',(9.578339871034E-13,8.951719505639E-15,76.));
#4481 = DIRECTION('',(0.,0.,-1.));
#4482 = DIRECTION('',(1.,0.,0.));
#4483 = PCURVE('',#882,#4484);
#4484 = DEFINITIONAL_REPRESENTATION('',(#4485),#4489);
#4485 = LINE('',#4486,#4487);
#4486 = CARTESIAN_POINT('',(-6.28318530718,-76.));
#4487 = VECTOR('',#4488,1.);
#4488 = DIRECTION('',(1.,-0.));
#4489 = ( GEOMETRIC_REPRESENTATION_CONTEXT(2) 
PARAMETRIC_REPRESENTATION_CONTEXT() REPRESENTATION_CONTEXT('2D SPACE',''
  ) );
#4490 = PCURVE('',#2160,#4491);
#4491 = DEFINITIONAL_REPRESENTATION('',(#4492),#4500);
#4492 = ( BOUNDED_CURVE() B_SPLINE_CURVE(2,(#4493,#4494,#4495,#4496,
#4497,#4498,#4499),.UNSPECIFIED.,.T.,.F.) B_SPLINE_CURVE_WITH_KNOTS((1,2
    ,2,2,2,1),(-2.094395102393,0.,2.094395102393,4.188790204786,
6.28318530718,8.377580409573),.UNSPECIFIED.) CURVE() 
GEOMETRIC_REPRESENTATION_ITEM() RATIONAL_B_SPLINE_CURVE((1.,0.5,1.,0.5,
1.,0.5,1.)) REPRESENTATION_ITEM('') );
#4493 = CARTESIAN_POINT('',(124.49270148971,96.141461210712));
#4494 = CARTESIAN_POINT('',(124.49270148971,-215.6276841516));
#4495 = CARTESIAN_POINT('',(-145.5072985102,-59.74311147048));
#4496 = CARTESIAN_POINT('',(-415.5072985102,96.141461210712));
#4497 = CARTESIAN_POINT('',(-145.5072985102,252.02603389191));
#4498 = CARTESIAN_POINT('',(124.49270148971,407.91060657311));
#4499 = CARTESIAN_POINT('',(124.49270148971,96.141461210712));
#4500 = ( GEOMETRIC_REPRESENTATION_CONTEXT(2) 
PARAMETRIC_REPRESENTATION_CONTEXT() REPRESENTATION_CONTEXT('2D SPACE',''
  ) );
#4501 = ORIENTED_EDGE('',*,*,#4502,.T.);
#4502 = EDGE_CURVE('',#4475,#2223,#4503,.T.);
#4503 = SURFACE_CURVE('',#4504,(#4508,#4514),.PCURVE_S1.);
#4504 = LINE('',#4505,#4506);
#4505 = CARTESIAN_POINT('',(77.933145137094,-162.254198371,0.));
#4506 = VECTOR('',#4507,1.);
#4507 = DIRECTION('',(-0.,-0.,-1.));
#4508 = PCURVE('',#882,#4509);
#4509 = DEFINITIONAL_REPRESENTATION('',(#4510),#4513);
#4510 = B_SPLINE_CURVE_WITH_KNOTS('',1,(#4511,#4512),.UNSPECIFIED.,.F.,
  .F.,(2,2),(-76.9000006,-49.6),.PIECEWISE_BEZIER_KNOTS.);
#4511 = CARTESIAN_POINT('',(-5.160165037772,-76.9000006));
#4512 = CARTESIAN_POINT('',(-5.160165037772,-49.6));
#4513 = ( GEOMETRIC_REPRESENTATION_CONTEXT(2) 
PARAMETRIC_REPRESENTATION_CONTEXT() REPRESENTATION_CONTEXT('2D SPACE',''
  ) );
#4514 = PCURVE('',#2238,#4515);
#4515 = DEFINITIONAL_REPRESENTATION('',(#4516),#4519);
#4516 = B_SPLINE_CURVE_WITH_KNOTS('',1,(#4517,#4518),.UNSPECIFIED.,.F.,
  .F.,(2,2),(-76.9000006,-49.6),.PIECEWISE_BEZIER_KNOTS.);
#4517 = CARTESIAN_POINT('',(8.662899986092,-24.9000006));
#4518 = CARTESIAN_POINT('',(8.662899986092,2.4));
#4519 = ( GEOMETRIC_REPRESENTATION_CONTEXT(2) 
PARAMETRIC_REPRESENTATION_CONTEXT() REPRESENTATION_CONTEXT('2D SPACE',''
  ) );
#4520 = ORIENTED_EDGE('',*,*,#2250,.F.);
#4521 = ORIENTED_EDGE('',*,*,#4522,.F.);
#4522 = EDGE_CURVE('',#4473,#2251,#4523,.T.);
#4523 = SURFACE_CURVE('',#4524,(#4528,#4534),.PCURVE_S1.);
#4524 = LINE('',#4525,#4526);
#4525 = CARTESIAN_POINT('',(101.54968509148,-148.619182671,0.));
#4526 = VECTOR('',#4527,1.);
#4527 = DIRECTION('',(-0.,-0.,-1.));
#4528 = PCURVE('',#882,#4529);
#4529 = DEFINITIONAL_REPRESENTATION('',(#4530),#4533);
#4530 = B_SPLINE_CURVE_WITH_KNOTS('',1,(#4531,#4532),.UNSPECIFIED.,.F.,
  .F.,(2,2),(-76.9000006,-49.6),.PIECEWISE_BEZIER_KNOTS.);
#4531 = CARTESIAN_POINT('',(-5.311810474194,-76.9000006));
#4532 = CARTESIAN_POINT('',(-5.311810474194,-49.6));
#4533 = ( GEOMETRIC_REPRESENTATION_CONTEXT(2) 
PARAMETRIC_REPRESENTATION_CONTEXT() REPRESENTATION_CONTEXT('2D SPACE',''
  ) );
#4534 = PCURVE('',#2132,#4535);
#4535 = DEFINITIONAL_REPRESENTATION('',(#4536),#4539);
#4536 = B_SPLINE_CURVE_WITH_KNOTS('',1,(#4537,#4538),.UNSPECIFIED.,.F.,
  .F.,(2,2),(-76.9000006,-49.6),.PIECEWISE_BEZIER_KNOTS.);
#4537 = CARTESIAN_POINT('',(5.229544003358,-24.9000006));
#4538 = CARTESIAN_POINT('',(5.229544003358,2.4));
#4539 = ( GEOMETRIC_REPRESENTATION_CONTEXT(2) 
PARAMETRIC_REPRESENTATION_CONTEXT() REPRESENTATION_CONTEXT('2D SPACE',''
  ) );
#4540 = ADVANCED_FACE('',(#4541),#849,.F.);
#4541 = FACE_BOUND('',#4542,.F.);
#4542 = EDGE_LOOP('',(#4543,#4544,#4545,#4566));
#4543 = ORIENTED_EDGE('',*,*,#833,.F.);
#4544 = ORIENTED_EDGE('',*,*,#1052,.T.);
#4545 = ORIENTED_EDGE('',*,*,#4546,.T.);
#4546 = EDGE_CURVE('',#1025,#4138,#4547,.T.);
#4547 = SURFACE_CURVE('',#4548,(#4552,#4559),.PCURVE_S1.);
#4548 = LINE('',#4549,#4550);
#4549 = CARTESIAN_POINT('',(172.,-18.,76.));
#4550 = VECTOR('',#4551,1.);
#4551 = DIRECTION('',(0.863778900898,0.503871025524,0.));
#4552 = PCURVE('',#849,#4553);
#4553 = DEFINITIONAL_REPRESENTATION('',(#4554),#4558);
#4554 = LINE('',#4555,#4556);
#4555 = CARTESIAN_POINT('',(0.,-24.));
#4556 = VECTOR('',#4557,1.);
#4557 = DIRECTION('',(1.,0.));
#4558 = ( GEOMETRIC_REPRESENTATION_CONTEXT(2) 
PARAMETRIC_REPRESENTATION_CONTEXT() REPRESENTATION_CONTEXT('2D SPACE',''
  ) );
#4559 = PCURVE('',#1040,#4560);
#4560 = DEFINITIONAL_REPRESENTATION('',(#4561),#4565);
#4561 = LINE('',#4562,#4563);
#4562 = CARTESIAN_POINT('',(60.985402979423,-18.));
#4563 = VECTOR('',#4564,1.);
#4564 = DIRECTION('',(0.863778900898,0.503871025524));
#4565 = ( GEOMETRIC_REPRESENTATION_CONTEXT(2) 
PARAMETRIC_REPRESENTATION_CONTEXT() REPRESENTATION_CONTEXT('2D SPACE',''
  ) );
#4566 = ORIENTED_EDGE('',*,*,#4165,.T.);
#4567 = ADVANCED_FACE('',(#4568),#1040,.T.);
#4568 = FACE_BOUND('',#4569,.T.);
#4569 = EDGE_LOOP('',(#4570,#4595,#4616,#4617,#4618,#4619,#4620,#4621,
    #4622));
#4570 = ORIENTED_EDGE('',*,*,#4571,.T.);
#4571 = EDGE_CURVE('',#4572,#4574,#4576,.T.);
#4572 = VERTEX_POINT('',#4573);
#4573 = CARTESIAN_POINT('',(36.,10.,76.));
#4574 = VERTEX_POINT('',#4575);
#4575 = CARTESIAN_POINT('',(36.,-10.,76.));
#4576 = SURFACE_CURVE('',#4577,(#4581,#4588),.PCURVE_S1.);
#4577 = LINE('',#4578,#4579);
#4578 = CARTESIAN_POINT('',(36.,10.,76.));
#4579 = VECTOR('',#4580,1.);
#4580 = DIRECTION('',(0.,-1.,0.));
#4581 = PCURVE('',#1040,#4582);
#4582 = DEFINITIONAL_REPRESENTATION('',(#4583),#4587);
#4583 = LINE('',#4584,#4585);
#4584 = CARTESIAN_POINT('',(-75.01459702057,10.));
#4585 = VECTOR('',#4586,1.);
#4586 = DIRECTION('',(0.,-1.));
#4587 = ( GEOMETRIC_REPRESENTATION_CONTEXT(2) 
PARAMETRIC_REPRESENTATION_CONTEXT() REPRESENTATION_CONTEXT('2D SPACE',''
  ) );
#4588 = PCURVE('',#1302,#4589);
#4589 = DEFINITIONAL_REPRESENTATION('',(#4590),#4594);
#4590 = LINE('',#4591,#4592);
#4591 = CARTESIAN_POINT('',(0.,-24.));
#4592 = VECTOR('',#4593,1.);
#4593 = DIRECTION('',(1.,0.));
#4594 = ( GEOMETRIC_REPRESENTATION_CONTEXT(2) 
PARAMETRIC_REPRESENTATION_CONTEXT() REPRESENTATION_CONTEXT('2D SPACE',''
  ) );
#4595 = ORIENTED_EDGE('',*,*,#4596,.T.);
#4596 = EDGE_CURVE('',#4574,#997,#4597,.T.);
#4597 = SURFACE_CURVE('',#4598,(#4602,#4609),.PCURVE_S1.);
#4598 = LINE('',#4599,#4600);
#4599 = CARTESIAN_POINT('',(36.,-10.,76.));
#4600 = VECTOR('',#4601,1.);
#4601 = DIRECTION('',(0.982006446981,-0.18884739365,0.));
#4602 = PCURVE('',#1040,#4603);
#4603 = DEFINITIONAL_REPRESENTATION('',(#4604),#4608);
#4604 = LINE('',#4605,#4606);
#4605 = CARTESIAN_POINT('',(-75.01459702057,-10.));
#4606 = VECTOR('',#4607,1.);
#4607 = DIRECTION('',(0.982006446981,-0.18884739365));
#4608 = ( GEOMETRIC_REPRESENTATION_CONTEXT(2) 
PARAMETRIC_REPRESENTATION_CONTEXT() REPRESENTATION_CONTEXT('2D SPACE',''
  ) );
#4609 = PCURVE('',#1012,#4610);
#4610 = DEFINITIONAL_REPRESENTATION('',(#4611),#4615);
#4611 = LINE('',#4612,#4613);
#4612 = CARTESIAN_POINT('',(0.,-24.));
#4613 = VECTOR('',#4614,1.);
#4614 = DIRECTION('',(1.,0.));
#4615 = ( GEOMETRIC_REPRESENTATION_CONTEXT(2) 
PARAMETRIC_REPRESENTATION_CONTEXT() REPRESENTATION_CONTEXT('2D SPACE',''
  ) );
#4616 = ORIENTED_EDGE('',*,*,#1024,.T.);
#4617 = ORIENTED_EDGE('',*,*,#4546,.T.);
#4618 = ORIENTED_EDGE('',*,*,#4137,.F.);
#4619 = ORIENTED_EDGE('',*,*,#4054,.F.);
#4620 = ORIENTED_EDGE('',*,*,#3978,.T.);
#4621 = ORIENTED_EDGE('',*,*,#3532,.T.);
#4622 = ORIENTED_EDGE('',*,*,#4623,.T.);
#4623 = EDGE_CURVE('',#3533,#4572,#4624,.T.);
#4624 = SURFACE_CURVE('',#4625,(#4629,#4636),.PCURVE_S1.);
#4625 = LINE('',#4626,#4627);
#4626 = CARTESIAN_POINT('',(62.,15.,76.));
#4627 = VECTOR('',#4628,1.);
#4628 = DIRECTION('',(-0.982006446981,-0.18884739365,0.));
#4629 = PCURVE('',#1040,#4630);
#4630 = DEFINITIONAL_REPRESENTATION('',(#4631),#4635);
#4631 = LINE('',#4632,#4633);
#4632 = CARTESIAN_POINT('',(-49.01459702057,15.));
#4633 = VECTOR('',#4634,1.);
#4634 = DIRECTION('',(-0.982006446981,-0.18884739365));
#4635 = ( GEOMETRIC_REPRESENTATION_CONTEXT(2) 
PARAMETRIC_REPRESENTATION_CONTEXT() REPRESENTATION_CONTEXT('2D SPACE',''
  ) );
#4636 = PCURVE('',#1328,#4637);
#4637 = DEFINITIONAL_REPRESENTATION('',(#4638),#4642);
#4638 = LINE('',#4639,#4640);
#4639 = CARTESIAN_POINT('',(0.,-24.));
#4640 = VECTOR('',#4641,1.);
#4641 = DIRECTION('',(1.,0.));
#4642 = ( GEOMETRIC_REPRESENTATION_CONTEXT(2) 
PARAMETRIC_REPRESENTATION_CONTEXT() REPRESENTATION_CONTEXT('2D SPACE',''
  ) );
#4643 = ADVANCED_FACE('',(#4644),#1012,.F.);
#4644 = FACE_BOUND('',#4645,.F.);
#4645 = EDGE_LOOP('',(#4646,#4647,#4668,#4669));
#4646 = ORIENTED_EDGE('',*,*,#1266,.T.);
#4647 = ORIENTED_EDGE('',*,*,#4648,.T.);
#4648 = EDGE_CURVE('',#1267,#4574,#4649,.T.);
#4649 = SURFACE_CURVE('',#4650,(#4654,#4661),.PCURVE_S1.);
#4650 = LINE('',#4651,#4652);
#4651 = CARTESIAN_POINT('',(36.,-10.,52.));
#4652 = VECTOR('',#4653,1.);
#4653 = DIRECTION('',(0.,0.,1.));
#4654 = PCURVE('',#1012,#4655);
#4655 = DEFINITIONAL_REPRESENTATION('',(#4656),#4660);
#4656 = LINE('',#4657,#4658);
#4657 = CARTESIAN_POINT('',(0.,0.));
#4658 = VECTOR('',#4659,1.);
#4659 = DIRECTION('',(0.,-1.));
#4660 = ( GEOMETRIC_REPRESENTATION_CONTEXT(2) 
PARAMETRIC_REPRESENTATION_CONTEXT() REPRESENTATION_CONTEXT('2D SPACE',''
  ) );
#4661 = PCURVE('',#1302,#4662);
#4662 = DEFINITIONAL_REPRESENTATION('',(#4663),#4667);
#4663 = LINE('',#4664,#4665);
#4664 = CARTESIAN_POINT('',(20.,0.));
#4665 = VECTOR('',#4666,1.);
#4666 = DIRECTION('',(0.,-1.));
#4667 = ( GEOMETRIC_REPRESENTATION_CONTEXT(2) 
PARAMETRIC_REPRESENTATION_CONTEXT() REPRESENTATION_CONTEXT('2D SPACE',''
  ) );
#4668 = ORIENTED_EDGE('',*,*,#4596,.T.);
#4669 = ORIENTED_EDGE('',*,*,#996,.F.);
#4670 = ADVANCED_FACE('',(#4671),#1095,.F.);
#4671 = FACE_BOUND('',#4672,.F.);
#4672 = EDGE_LOOP('',(#4673,#4674,#4697,#4718));
#4673 = ORIENTED_EDGE('',*,*,#1078,.T.);
#4674 = ORIENTED_EDGE('',*,*,#4675,.T.);
#4675 = EDGE_CURVE('',#1081,#4676,#4678,.T.);
#4676 = VERTEX_POINT('',#4677);
#4677 = CARTESIAN_POINT('',(9.339745962156,-36.17691453624,76.));
#4678 = SURFACE_CURVE('',#4679,(#4683,#4690),.PCURVE_S1.);
#4679 = LINE('',#4680,#4681);
#4680 = CARTESIAN_POINT('',(9.339745962156,-36.17691453624,52.));
#4681 = VECTOR('',#4682,1.);
#4682 = DIRECTION('',(0.,0.,1.));
#4683 = PCURVE('',#1095,#4684);
#4684 = DEFINITIONAL_REPRESENTATION('',(#4685),#4689);
#4685 = LINE('',#4686,#4687);
#4686 = CARTESIAN_POINT('',(0.,0.));
#4687 = VECTOR('',#4688,1.);
#4688 = DIRECTION('',(0.,-1.));
#4689 = ( GEOMETRIC_REPRESENTATION_CONTEXT(2) 
PARAMETRIC_REPRESENTATION_CONTEXT() REPRESENTATION_CONTEXT('2D SPACE',''
  ) );
#4690 = PCURVE('',#1121,#4691);
#4691 = DEFINITIONAL_REPRESENTATION('',(#4692),#4696);
#4692 = LINE('',#4693,#4694);
#4693 = CARTESIAN_POINT('',(20.,0.));
#4694 = VECTOR('',#4695,1.);
#4695 = DIRECTION('',(0.,-1.));
#4696 = ( GEOMETRIC_REPRESENTATION_CONTEXT(2) 
PARAMETRIC_REPRESENTATION_CONTEXT() REPRESENTATION_CONTEXT('2D SPACE',''
  ) );
#4697 = ORIENTED_EDGE('',*,*,#4698,.T.);
#4698 = EDGE_CURVE('',#4676,#2305,#4699,.T.);
#4699 = SURFACE_CURVE('',#4700,(#4704,#4711),.PCURVE_S1.);
#4700 = LINE('',#4701,#4702);
#4701 = CARTESIAN_POINT('',(9.339745962156,-36.17691453624,76.));
#4702 = VECTOR('',#4703,1.);
#4703 = DIRECTION('',(0.327456583151,-0.94486622659,0.));
#4704 = PCURVE('',#1095,#4705);
#4705 = DEFINITIONAL_REPRESENTATION('',(#4706),#4710);
#4706 = LINE('',#4707,#4708);
#4707 = CARTESIAN_POINT('',(0.,-24.));
#4708 = VECTOR('',#4709,1.);
#4709 = DIRECTION('',(1.,0.));
#4710 = ( GEOMETRIC_REPRESENTATION_CONTEXT(2) 
PARAMETRIC_REPRESENTATION_CONTEXT() REPRESENTATION_CONTEXT('2D SPACE',''
  ) );
#4711 = PCURVE('',#2160,#4712);
#4712 = DEFINITIONAL_REPRESENTATION('',(#4713),#4717);
#4713 = LINE('',#4714,#4715);
#4714 = CARTESIAN_POINT('',(-46.16755254813,59.964546674472));
#4715 = VECTOR('',#4716,1.);
#4716 = DIRECTION('',(0.327456583151,-0.94486622659));
#4717 = ( GEOMETRIC_REPRESENTATION_CONTEXT(2) 
PARAMETRIC_REPRESENTATION_CONTEXT() REPRESENTATION_CONTEXT('2D SPACE',''
  ) );
#4718 = ORIENTED_EDGE('',*,*,#2304,.F.);
#4719 = ADVANCED_FACE('',(#4720),#2009,.F.);
#4720 = FACE_BOUND('',#4721,.F.);
#4721 = EDGE_LOOP('',(#4722,#4723,#4724,#4747));
#4722 = ORIENTED_EDGE('',*,*,#1994,.T.);
#4723 = ORIENTED_EDGE('',*,*,#2455,.T.);
#4724 = ORIENTED_EDGE('',*,*,#4725,.T.);
#4725 = EDGE_CURVE('',#2428,#4726,#4728,.T.);
#4726 = VERTEX_POINT('',#4727);
#4727 = CARTESIAN_POINT('',(-9.339745962156,-36.17691453624,76.));
#4728 = SURFACE_CURVE('',#4729,(#4733,#4740),.PCURVE_S1.);
#4729 = LINE('',#4730,#4731);
#4730 = CARTESIAN_POINT('',(-18.00961894323,-61.19357503463,76.));
#4731 = VECTOR('',#4732,1.);
#4732 = DIRECTION('',(0.327456583151,0.94486622659,0.));
#4733 = PCURVE('',#2009,#4734);
#4734 = DEFINITIONAL_REPRESENTATION('',(#4735),#4739);
#4735 = LINE('',#4736,#4737);
#4736 = CARTESIAN_POINT('',(0.,-24.));
#4737 = VECTOR('',#4738,1.);
#4738 = DIRECTION('',(1.,0.));
#4739 = ( GEOMETRIC_REPRESENTATION_CONTEXT(2) 
PARAMETRIC_REPRESENTATION_CONTEXT() REPRESENTATION_CONTEXT('2D SPACE',''
  ) );
#4740 = PCURVE('',#2443,#4741);
#4741 = DEFINITIONAL_REPRESENTATION('',(#4742),#4746);
#4742 = LINE('',#4743,#4744);
#4743 = CARTESIAN_POINT('',(37.497679567055,34.947886176077));
#4744 = VECTOR('',#4745,1.);
#4745 = DIRECTION('',(0.327456583151,0.94486622659));
#4746 = ( GEOMETRIC_REPRESENTATION_CONTEXT(2) 
PARAMETRIC_REPRESENTATION_CONTEXT() REPRESENTATION_CONTEXT('2D SPACE',''
  ) );
#4747 = ORIENTED_EDGE('',*,*,#4748,.F.);
#4748 = EDGE_CURVE('',#1969,#4726,#4749,.T.);
#4749 = SURFACE_CURVE('',#4750,(#4754,#4761),.PCURVE_S1.);
#4750 = LINE('',#4751,#4752);
#4751 = CARTESIAN_POINT('',(-9.339745962156,-36.17691453624,52.));
#4752 = VECTOR('',#4753,1.);
#4753 = DIRECTION('',(0.,0.,1.));
#4754 = PCURVE('',#2009,#4755);
#4755 = DEFINITIONAL_REPRESENTATION('',(#4756),#4760);
#4756 = LINE('',#4757,#4758);
#4757 = CARTESIAN_POINT('',(26.476404589747,0.));
#4758 = VECTOR('',#4759,1.);
#4759 = DIRECTION('',(0.,-1.));
#4760 = ( GEOMETRIC_REPRESENTATION_CONTEXT(2) 
PARAMETRIC_REPRESENTATION_CONTEXT() REPRESENTATION_CONTEXT('2D SPACE',''
  ) );
#4761 = PCURVE('',#1983,#4762);
#4762 = DEFINITIONAL_REPRESENTATION('',(#4763),#4767);
#4763 = LINE('',#4764,#4765);
#4764 = CARTESIAN_POINT('',(0.,0.));
#4765 = VECTOR('',#4766,1.);
#4766 = DIRECTION('',(0.,-1.));
#4767 = ( GEOMETRIC_REPRESENTATION_CONTEXT(2) 
PARAMETRIC_REPRESENTATION_CONTEXT() REPRESENTATION_CONTEXT('2D SPACE',''
  ) );
#4768 = ADVANCED_FACE('',(#4769),#1983,.F.);
#4769 = FACE_BOUND('',#4770,.F.);
#4770 = EDGE_LOOP('',(#4771,#4772,#4773,#4796));
#4771 = ORIENTED_EDGE('',*,*,#1968,.T.);
#4772 = ORIENTED_EDGE('',*,*,#4748,.T.);
#4773 = ORIENTED_EDGE('',*,*,#4774,.T.);
#4774 = EDGE_CURVE('',#4726,#4775,#4777,.T.);
#4775 = VERTEX_POINT('',#4776);
#4776 = CARTESIAN_POINT('',(-26.66025403784,-26.17691453624,76.));
#4777 = SURFACE_CURVE('',#4778,(#4782,#4789),.PCURVE_S1.);
#4778 = LINE('',#4779,#4780);
#4779 = CARTESIAN_POINT('',(-9.339745962156,-36.17691453624,76.));
#4780 = VECTOR('',#4781,1.);
#4781 = DIRECTION('',(-0.866025403784,0.5,0.));
#4782 = PCURVE('',#1983,#4783);
#4783 = DEFINITIONAL_REPRESENTATION('',(#4784),#4788);
#4784 = LINE('',#4785,#4786);
#4785 = CARTESIAN_POINT('',(0.,-24.));
#4786 = VECTOR('',#4787,1.);
#4787 = DIRECTION('',(1.,0.));
#4788 = ( GEOMETRIC_REPRESENTATION_CONTEXT(2) 
PARAMETRIC_REPRESENTATION_CONTEXT() REPRESENTATION_CONTEXT('2D SPACE',''
  ) );
#4789 = PCURVE('',#2443,#4790);
#4790 = DEFINITIONAL_REPRESENTATION('',(#4791),#4795);
#4791 = LINE('',#4792,#4793);
#4792 = CARTESIAN_POINT('',(46.167552548133,59.964546674472));
#4793 = VECTOR('',#4794,1.);
#4794 = DIRECTION('',(-0.866025403784,0.5));
#4795 = ( GEOMETRIC_REPRESENTATION_CONTEXT(2) 
PARAMETRIC_REPRESENTATION_CONTEXT() REPRESENTATION_CONTEXT('2D SPACE',''
  ) );
#4796 = ORIENTED_EDGE('',*,*,#4797,.F.);
#4797 = EDGE_CURVE('',#1943,#4775,#4798,.T.);
#4798 = SURFACE_CURVE('',#4799,(#4803,#4810),.PCURVE_S1.);
#4799 = LINE('',#4800,#4801);
#4800 = CARTESIAN_POINT('',(-26.66025403784,-26.17691453624,52.));
#4801 = VECTOR('',#4802,1.);
#4802 = DIRECTION('',(0.,0.,1.));
#4803 = PCURVE('',#1983,#4804);
#4804 = DEFINITIONAL_REPRESENTATION('',(#4805),#4809);
#4805 = LINE('',#4806,#4807);
#4806 = CARTESIAN_POINT('',(20.,0.));
#4807 = VECTOR('',#4808,1.);
#4808 = DIRECTION('',(0.,-1.));
#4809 = ( GEOMETRIC_REPRESENTATION_CONTEXT(2) 
PARAMETRIC_REPRESENTATION_CONTEXT() REPRESENTATION_CONTEXT('2D SPACE',''
  ) );
#4810 = PCURVE('',#1957,#4811);
#4811 = DEFINITIONAL_REPRESENTATION('',(#4812),#4816);
#4812 = LINE('',#4813,#4814);
#4813 = CARTESIAN_POINT('',(0.,0.));
#4814 = VECTOR('',#4815,1.);
#4815 = DIRECTION('',(0.,-1.));
#4816 = ( GEOMETRIC_REPRESENTATION_CONTEXT(2) 
PARAMETRIC_REPRESENTATION_CONTEXT() REPRESENTATION_CONTEXT('2D SPACE',''
  ) );
#4817 = ADVANCED_FACE('',(#4818),#1957,.F.);
#4818 = FACE_BOUND('',#4819,.F.);
#4819 = EDGE_LOOP('',(#4820,#4841,#4842,#4843));
#4820 = ORIENTED_EDGE('',*,*,#4821,.T.);
#4821 = EDGE_CURVE('',#4822,#1910,#4824,.T.);
#4822 = VERTEX_POINT('',#4823);
#4823 = CARTESIAN_POINT('',(-30.68908073727,-30.83029394663,76.));
#4824 = SURFACE_CURVE('',#4825,(#4829,#4835),.PCURVE_S1.);
#4825 = LINE('',#4826,#4827);
#4826 = CARTESIAN_POINT('',(-30.68908073727,-30.83029394663,25.));
#4827 = VECTOR('',#4828,1.);
#4828 = DIRECTION('',(-0.,-0.,-1.));
#4829 = PCURVE('',#1957,#4830);
#4830 = DEFINITIONAL_REPRESENTATION('',(#4831),#4834);
#4831 = B_SPLINE_CURVE_WITH_KNOTS('',1,(#4832,#4833),.UNSPECIFIED.,.F.,
  .F.,(2,2),(-52.,-40.),.PIECEWISE_BEZIER_KNOTS.);
#4832 = CARTESIAN_POINT('',(6.155110438583,-25.));
#4833 = CARTESIAN_POINT('',(6.155110438583,-13.));
#4834 = ( GEOMETRIC_REPRESENTATION_CONTEXT(2) 
PARAMETRIC_REPRESENTATION_CONTEXT() REPRESENTATION_CONTEXT('2D SPACE',''
  ) );
#4835 = PCURVE('',#1930,#4836);
#4836 = DEFINITIONAL_REPRESENTATION('',(#4837),#4840);
#4837 = B_SPLINE_CURVE_WITH_KNOTS('',1,(#4838,#4839),.UNSPECIFIED.,.F.,
  .F.,(2,2),(-52.,-40.),.PIECEWISE_BEZIER_KNOTS.);
#4838 = CARTESIAN_POINT('',(-0.770035587131,-52.));
#4839 = CARTESIAN_POINT('',(-0.770035587131,-40.));
#4840 = ( GEOMETRIC_REPRESENTATION_CONTEXT(2) 
PARAMETRIC_REPRESENTATION_CONTEXT() REPRESENTATION_CONTEXT('2D SPACE',''
  ) );
#4841 = ORIENTED_EDGE('',*,*,#1942,.T.);
#4842 = ORIENTED_EDGE('',*,*,#4797,.T.);
#4843 = ORIENTED_EDGE('',*,*,#4844,.T.);
#4844 = EDGE_CURVE('',#4775,#4822,#4845,.T.);
#4845 = SURFACE_CURVE('',#4846,(#4850,#4857),.PCURVE_S1.);
#4846 = LINE('',#4847,#4848);
#4847 = CARTESIAN_POINT('',(-26.66025403784,-26.17691453624,76.));
#4848 = VECTOR('',#4849,1.);
#4849 = DIRECTION('',(-0.65454986383,-0.75601883294,0.));
#4850 = PCURVE('',#1957,#4851);
#4851 = DEFINITIONAL_REPRESENTATION('',(#4852),#4856);
#4852 = LINE('',#4853,#4854);
#4853 = CARTESIAN_POINT('',(0.,-24.));
#4854 = VECTOR('',#4855,1.);
#4855 = DIRECTION('',(1.,0.));
#4856 = ( GEOMETRIC_REPRESENTATION_CONTEXT(2) 
PARAMETRIC_REPRESENTATION_CONTEXT() REPRESENTATION_CONTEXT('2D SPACE',''
  ) );
#4857 = PCURVE('',#2443,#4858);
#4858 = DEFINITIONAL_REPRESENTATION('',(#4859),#4863);
#4859 = LINE('',#4860,#4861);
#4860 = CARTESIAN_POINT('',(28.847044472444,69.964546674472));
#4861 = VECTOR('',#4862,1.);
#4862 = DIRECTION('',(-0.65454986383,-0.75601883294));
#4863 = ( GEOMETRIC_REPRESENTATION_CONTEXT(2) 
PARAMETRIC_REPRESENTATION_CONTEXT() REPRESENTATION_CONTEXT('2D SPACE',''
  ) );
#4864 = ADVANCED_FACE('',(#4865),#1930,.F.);
#4865 = FACE_BOUND('',#4866,.T.);
#4866 = EDGE_LOOP('',(#4867,#4868,#4891,#4917,#4918,#4919,#4940,#4966,
    #4967,#4968,#4989,#5022));
#4867 = ORIENTED_EDGE('',*,*,#3729,.T.);
#4868 = ORIENTED_EDGE('',*,*,#4869,.T.);
#4869 = EDGE_CURVE('',#3730,#4870,#4872,.T.);
#4870 = VERTEX_POINT('',#4871);
#4871 = CARTESIAN_POINT('',(-28.85533905932,-35.35533905932,76.));
#4872 = SEAM_CURVE('',#4873,(#4877,#4884),.PCURVE_S1.);
#4873 = LINE('',#4874,#4875);
#4874 = CARTESIAN_POINT('',(-28.85533905932,-35.35533905932,25.));
#4875 = VECTOR('',#4876,1.);
#4876 = DIRECTION('',(0.,0.,1.));
#4877 = PCURVE('',#1930,#4878);
#4878 = DEFINITIONAL_REPRESENTATION('',(#4879),#4883);
#4879 = LINE('',#4880,#4881);
#4880 = CARTESIAN_POINT('',(-6.28318530718,0.));
#4881 = VECTOR('',#4882,1.);
#4882 = DIRECTION('',(-0.,-1.));
#4883 = ( GEOMETRIC_REPRESENTATION_CONTEXT(2) 
PARAMETRIC_REPRESENTATION_CONTEXT() REPRESENTATION_CONTEXT('2D SPACE',''
  ) );
#4884 = PCURVE('',#1930,#4885);
#4885 = DEFINITIONAL_REPRESENTATION('',(#4886),#4890);
#4886 = LINE('',#4887,#4888);
#4887 = CARTESIAN_POINT('',(-0.,0.));
#4888 = VECTOR('',#4889,1.);
#4889 = DIRECTION('',(-0.,-1.));
#4890 = ( GEOMETRIC_REPRESENTATION_CONTEXT(2) 
PARAMETRIC_REPRESENTATION_CONTEXT() REPRESENTATION_CONTEXT('2D SPACE',''
  ) );
#4891 = ORIENTED_EDGE('',*,*,#4892,.F.);
#4892 = EDGE_CURVE('',#4822,#4870,#4893,.T.);
#4893 = SURFACE_CURVE('',#4894,(#4899,#4906),.PCURVE_S1.);
#4894 = CIRCLE('',#4895,6.5);
#4895 = AXIS2_PLACEMENT_3D('',#4896,#4897,#4898);
#4896 = CARTESIAN_POINT('',(-35.35533905932,-35.35533905932,76.));
#4897 = DIRECTION('',(0.,0.,-1.));
#4898 = DIRECTION('',(1.,0.,0.));
#4899 = PCURVE('',#1930,#4900);
#4900 = DEFINITIONAL_REPRESENTATION('',(#4901),#4905);
#4901 = LINE('',#4902,#4903);
#4902 = CARTESIAN_POINT('',(-6.28318530718,-51.));
#4903 = VECTOR('',#4904,1.);
#4904 = DIRECTION('',(1.,-0.));
#4905 = ( GEOMETRIC_REPRESENTATION_CONTEXT(2) 
PARAMETRIC_REPRESENTATION_CONTEXT() REPRESENTATION_CONTEXT('2D SPACE',''
  ) );
#4906 = PCURVE('',#2443,#4907);
#4907 = DEFINITIONAL_REPRESENTATION('',(#4908),#4916);
#4908 = ( BOUNDED_CURVE() B_SPLINE_CURVE(2,(#4909,#4910,#4911,#4912,
#4913,#4914,#4915),.UNSPECIFIED.,.T.,.F.) B_SPLINE_CURVE_WITH_KNOTS((1,2
    ,2,2,2,1),(-2.094395102393,0.,2.094395102393,4.188790204786,
6.28318530718,8.377580409573),.UNSPECIFIED.) CURVE() 
GEOMETRIC_REPRESENTATION_ITEM() RATIONAL_B_SPLINE_CURVE((1.,0.5,1.,0.5,
1.,0.5,1.)) REPRESENTATION_ITEM('') );
#4909 = CARTESIAN_POINT('',(26.651959450961,60.786122151385));
#4910 = CARTESIAN_POINT('',(26.651959450961,49.527791902187));
#4911 = CARTESIAN_POINT('',(16.901959450961,55.156957026786));
#4912 = CARTESIAN_POINT('',(7.151959450961,60.786122151385));
#4913 = CARTESIAN_POINT('',(16.901959450961,66.415287275984));
#4914 = CARTESIAN_POINT('',(26.651959450961,72.044452400582));
#4915 = CARTESIAN_POINT('',(26.651959450961,60.786122151385));
#4916 = ( GEOMETRIC_REPRESENTATION_CONTEXT(2) 
PARAMETRIC_REPRESENTATION_CONTEXT() REPRESENTATION_CONTEXT('2D SPACE',''
  ) );
#4917 = ORIENTED_EDGE('',*,*,#4821,.T.);
#4918 = ORIENTED_EDGE('',*,*,#1909,.F.);
#4919 = ORIENTED_EDGE('',*,*,#4920,.F.);
#4920 = EDGE_CURVE('',#4921,#1884,#4923,.T.);
#4921 = VERTEX_POINT('',#4922);
#4922 = CARTESIAN_POINT('',(-39.16591786497,-40.62121877367,76.));
#4923 = SURFACE_CURVE('',#4924,(#4928,#4934),.PCURVE_S1.);
#4924 = LINE('',#4925,#4926);
#4925 = CARTESIAN_POINT('',(-39.16591786497,-40.62121877367,25.));
#4926 = VECTOR('',#4927,1.);
#4927 = DIRECTION('',(-0.,-0.,-1.));
#4928 = PCURVE('',#1930,#4929);
#4929 = DEFINITIONAL_REPRESENTATION('',(#4930),#4933);
#4930 = B_SPLINE_CURVE_WITH_KNOTS('',1,(#4931,#4932),.UNSPECIFIED.,.F.,
  .F.,(2,2),(-52.,-40.),.PIECEWISE_BEZIER_KNOTS.);
#4931 = CARTESIAN_POINT('',(-4.085975593014,-52.));
#4932 = CARTESIAN_POINT('',(-4.085975593014,-40.));
#4933 = ( GEOMETRIC_REPRESENTATION_CONTEXT(2) 
PARAMETRIC_REPRESENTATION_CONTEXT() REPRESENTATION_CONTEXT('2D SPACE',''
  ) );
#4934 = PCURVE('',#1898,#4935);
#4935 = DEFINITIONAL_REPRESENTATION('',(#4936),#4939);
#4936 = B_SPLINE_CURVE_WITH_KNOTS('',1,(#4937,#4938),.UNSPECIFIED.,.F.,
  .F.,(2,2),(-52.,-40.),.PIECEWISE_BEZIER_KNOTS.);
#4937 = CARTESIAN_POINT('',(19.105746587367,-25.));
#4938 = CARTESIAN_POINT('',(19.105746587367,-13.));
#4939 = ( GEOMETRIC_REPRESENTATION_CONTEXT(2) 
PARAMETRIC_REPRESENTATION_CONTEXT() REPRESENTATION_CONTEXT('2D SPACE',''
  ) );
#4940 = ORIENTED_EDGE('',*,*,#4941,.F.);
#4941 = EDGE_CURVE('',#4870,#4921,#4942,.T.);
#4942 = SURFACE_CURVE('',#4943,(#4948,#4955),.PCURVE_S1.);
#4943 = CIRCLE('',#4944,6.5);
#4944 = AXIS2_PLACEMENT_3D('',#4945,#4946,#4947);
#4945 = CARTESIAN_POINT('',(-35.35533905932,-35.35533905932,76.));
#4946 = DIRECTION('',(0.,0.,-1.));
#4947 = DIRECTION('',(1.,0.,0.));
#4948 = PCURVE('',#1930,#4949);
#4949 = DEFINITIONAL_REPRESENTATION('',(#4950),#4954);
#4950 = LINE('',#4951,#4952);
#4951 = CARTESIAN_POINT('',(-6.28318530718,-51.));
#4952 = VECTOR('',#4953,1.);
#4953 = DIRECTION('',(1.,-0.));
#4954 = ( GEOMETRIC_REPRESENTATION_CONTEXT(2) 
PARAMETRIC_REPRESENTATION_CONTEXT() REPRESENTATION_CONTEXT('2D SPACE',''
  ) );
#4955 = PCURVE('',#2443,#4956);
#4956 = DEFINITIONAL_REPRESENTATION('',(#4957),#4965);
#4957 = ( BOUNDED_CURVE() B_SPLINE_CURVE(2,(#4958,#4959,#4960,#4961,
#4962,#4963,#4964),.UNSPECIFIED.,.T.,.F.) B_SPLINE_CURVE_WITH_KNOTS((1,2
    ,2,2,2,1),(-2.094395102393,0.,2.094395102393,4.188790204786,
6.28318530718,8.377580409573),.UNSPECIFIED.) CURVE() 
GEOMETRIC_REPRESENTATION_ITEM() RATIONAL_B_SPLINE_CURVE((1.,0.5,1.,0.5,
1.,0.5,1.)) REPRESENTATION_ITEM('') );
#4958 = CARTESIAN_POINT('',(26.651959450961,60.786122151385));
#4959 = CARTESIAN_POINT('',(26.651959450961,49.527791902187));
#4960 = CARTESIAN_POINT('',(16.901959450961,55.156957026786));
#4961 = CARTESIAN_POINT('',(7.151959450961,60.786122151385));
#4962 = CARTESIAN_POINT('',(16.901959450961,66.415287275984));
#4963 = CARTESIAN_POINT('',(26.651959450961,72.044452400582));
#4964 = CARTESIAN_POINT('',(26.651959450961,60.786122151385));
#4965 = ( GEOMETRIC_REPRESENTATION_CONTEXT(2) 
PARAMETRIC_REPRESENTATION_CONTEXT() REPRESENTATION_CONTEXT('2D SPACE',''
  ) );
#4966 = ORIENTED_EDGE('',*,*,#4869,.F.);
#4967 = ORIENTED_EDGE('',*,*,#3757,.T.);
#4968 = ORIENTED_EDGE('',*,*,#4969,.T.);
#4969 = EDGE_CURVE('',#3758,#4970,#4972,.T.);
#4970 = VERTEX_POINT('',#4971);
#4971 = CARTESIAN_POINT('',(-34.48128425842,-28.91437420885,30.));
#4972 = SURFACE_CURVE('',#4973,(#4977,#4983),.PCURVE_S1.);
#4973 = LINE('',#4974,#4975);
#4974 = CARTESIAN_POINT('',(-34.48128425842,-28.91437420885,30.));
#4975 = VECTOR('',#4976,1.);
#4976 = DIRECTION('',(-0.,-0.,-1.));
#4977 = PCURVE('',#1930,#4978);
#4978 = DEFINITIONAL_REPRESENTATION('',(#4979),#4982);
#4979 = B_SPLINE_CURVE_WITH_KNOTS('',1,(#4980,#4981),.UNSPECIFIED.,.F.,
  .F.,(2,2),(-18.0000006,5.999999999062E-07),.PIECEWISE_BEZIER_KNOTS.);
#4980 = CARTESIAN_POINT('',(-1.435917772434,-23.0000006));
#4981 = CARTESIAN_POINT('',(-1.435917772434,-4.9999994));
#4982 = ( GEOMETRIC_REPRESENTATION_CONTEXT(2) 
PARAMETRIC_REPRESENTATION_CONTEXT() REPRESENTATION_CONTEXT('2D SPACE',''
  ) );
#4983 = PCURVE('',#3802,#4984);
#4984 = DEFINITIONAL_REPRESENTATION('',(#4985),#4988);
#4985 = B_SPLINE_CURVE_WITH_KNOTS('',1,(#4986,#4987),.UNSPECIFIED.,.F.,
  .F.,(2,2),(-18.0000006,5.999999999062E-07),.PIECEWISE_BEZIER_KNOTS.);
#4986 = CARTESIAN_POINT('',(-3.839403318861,-18.0000006));
#4987 = CARTESIAN_POINT('',(-3.839403318861,5.999999999062E-07));
#4988 = ( GEOMETRIC_REPRESENTATION_CONTEXT(2) 
PARAMETRIC_REPRESENTATION_CONTEXT() REPRESENTATION_CONTEXT('2D SPACE',''
  ) );
#4989 = ORIENTED_EDGE('',*,*,#4990,.T.);
#4990 = EDGE_CURVE('',#4970,#4991,#4993,.T.);
#4991 = VERTEX_POINT('',#4992);
#4992 = CARTESIAN_POINT('',(-28.91437420885,-34.48128425842,30.));
#4993 = SURFACE_CURVE('',#4994,(#4999,#5006),.PCURVE_S1.);
#4994 = CIRCLE('',#4995,6.5);
#4995 = AXIS2_PLACEMENT_3D('',#4996,#4997,#4998);
#4996 = CARTESIAN_POINT('',(-35.35533905932,-35.35533905932,30.));
#4997 = DIRECTION('',(0.,0.,-1.));
#4998 = DIRECTION('',(1.,0.,0.));
#4999 = PCURVE('',#1930,#5000);
#5000 = DEFINITIONAL_REPRESENTATION('',(#5001),#5005);
#5001 = LINE('',#5002,#5003);
#5002 = CARTESIAN_POINT('',(-6.28318530718,-5.));
#5003 = VECTOR('',#5004,1.);
#5004 = DIRECTION('',(1.,-0.));
#5005 = ( GEOMETRIC_REPRESENTATION_CONTEXT(2) 
PARAMETRIC_REPRESENTATION_CONTEXT() REPRESENTATION_CONTEXT('2D SPACE',''
  ) );
#5006 = PCURVE('',#5007,#5012);
#5007 = PLANE('',#5008);
#5008 = AXIS2_PLACEMENT_3D('',#5009,#5010,#5011);
#5009 = CARTESIAN_POINT('',(-1.944803744056E-15,1.07833545335E-16,30.));
#5010 = DIRECTION('',(0.,0.,1.));
#5011 = DIRECTION('',(1.,0.,-0.));
#5012 = DEFINITIONAL_REPRESENTATION('',(#5013),#5021);
#5013 = ( BOUNDED_CURVE() B_SPLINE_CURVE(2,(#5014,#5015,#5016,#5017,
#5018,#5019,#5020),.UNSPECIFIED.,.T.,.F.) B_SPLINE_CURVE_WITH_KNOTS((1,2
    ,2,2,2,1),(-2.094395102393,0.,2.094395102393,4.188790204786,
6.28318530718,8.377580409573),.UNSPECIFIED.) CURVE() 
GEOMETRIC_REPRESENTATION_ITEM() RATIONAL_B_SPLINE_CURVE((1.,0.5,1.,0.5,
1.,0.5,1.)) REPRESENTATION_ITEM('') );
#5014 = CARTESIAN_POINT('',(-28.85533905932,-35.35533905932));
#5015 = CARTESIAN_POINT('',(-28.85533905932,-46.61366930852));
#5016 = CARTESIAN_POINT('',(-38.60533905932,-40.98450418392));
#5017 = CARTESIAN_POINT('',(-48.35533905932,-35.35533905932));
#5018 = CARTESIAN_POINT('',(-38.60533905932,-29.72617393472));
#5019 = CARTESIAN_POINT('',(-28.85533905932,-24.09700881013));
#5020 = CARTESIAN_POINT('',(-28.85533905932,-35.35533905932));
#5021 = ( GEOMETRIC_REPRESENTATION_CONTEXT(2) 
PARAMETRIC_REPRESENTATION_CONTEXT() REPRESENTATION_CONTEXT('2D SPACE',''
  ) );
#5022 = ORIENTED_EDGE('',*,*,#5023,.F.);
#5023 = EDGE_CURVE('',#3701,#4991,#5024,.T.);
#5024 = SURFACE_CURVE('',#5025,(#5029,#5035),.PCURVE_S1.);
#5025 = LINE('',#5026,#5027);
#5026 = CARTESIAN_POINT('',(-28.91437420885,-34.48128425842,30.));
#5027 = VECTOR('',#5028,1.);
#5028 = DIRECTION('',(-0.,-0.,-1.));
#5029 = PCURVE('',#1930,#5030);
#5030 = DEFINITIONAL_REPRESENTATION('',(#5031),#5034);
#5031 = B_SPLINE_CURVE_WITH_KNOTS('',1,(#5032,#5033),.UNSPECIFIED.,.F.,
  .F.,(2,2),(-18.0000006,5.999999999062E-07),.PIECEWISE_BEZIER_KNOTS.);
#5032 = CARTESIAN_POINT('',(-0.134878554361,-23.0000006));
#5033 = CARTESIAN_POINT('',(-0.134878554361,-4.9999994));
#5034 = ( GEOMETRIC_REPRESENTATION_CONTEXT(2) 
PARAMETRIC_REPRESENTATION_CONTEXT() REPRESENTATION_CONTEXT('2D SPACE',''
  ) );
#5035 = PCURVE('',#3717,#5036);
#5036 = DEFINITIONAL_REPRESENTATION('',(#5037),#5040);
#5037 = B_SPLINE_CURVE_WITH_KNOTS('',1,(#5038,#5039),.UNSPECIFIED.,.F.,
  .F.,(2,2),(-18.0000006,5.999999999062E-07),.PIECEWISE_BEZIER_KNOTS.);
#5038 = CARTESIAN_POINT('',(-4.014578315113,-18.0000006));
#5039 = CARTESIAN_POINT('',(-4.014578315113,5.999999999062E-07));
#5040 = ( GEOMETRIC_REPRESENTATION_CONTEXT(2) 
PARAMETRIC_REPRESENTATION_CONTEXT() REPRESENTATION_CONTEXT('2D SPACE',''
  ) );
#5041 = ADVANCED_FACE('',(#5042),#1898,.F.);
#5042 = FACE_BOUND('',#5043,.F.);
#5043 = EDGE_LOOP('',(#5044,#5045,#5046,#5047));
#5044 = ORIENTED_EDGE('',*,*,#2587,.F.);
#5045 = ORIENTED_EDGE('',*,*,#1883,.T.);
#5046 = ORIENTED_EDGE('',*,*,#4920,.F.);
#5047 = ORIENTED_EDGE('',*,*,#5048,.T.);
#5048 = EDGE_CURVE('',#4921,#2588,#5049,.T.);
#5049 = SURFACE_CURVE('',#5050,(#5054,#5061),.PCURVE_S1.);
#5050 = LINE('',#5051,#5052);
#5051 = CARTESIAN_POINT('',(-26.66025403784,-26.17691453624,76.));
#5052 = VECTOR('',#5053,1.);
#5053 = DIRECTION('',(-0.65454986383,-0.75601883294,0.));
#5054 = PCURVE('',#1898,#5055);
#5055 = DEFINITIONAL_REPRESENTATION('',(#5056),#5060);
#5056 = LINE('',#5057,#5058);
#5057 = CARTESIAN_POINT('',(0.,-24.));
#5058 = VECTOR('',#5059,1.);
#5059 = DIRECTION('',(1.,0.));
#5060 = ( GEOMETRIC_REPRESENTATION_CONTEXT(2) 
PARAMETRIC_REPRESENTATION_CONTEXT() REPRESENTATION_CONTEXT('2D SPACE',''
  ) );
#5061 = PCURVE('',#2443,#5062);
#5062 = DEFINITIONAL_REPRESENTATION('',(#5063),#5067);
#5063 = LINE('',#5064,#5065);
#5064 = CARTESIAN_POINT('',(28.847044472444,69.964546674472));
#5065 = VECTOR('',#5066,1.);
#5066 = DIRECTION('',(-0.65454986383,-0.75601883294));
#5067 = ( GEOMETRIC_REPRESENTATION_CONTEXT(2) 
PARAMETRIC_REPRESENTATION_CONTEXT() REPRESENTATION_CONTEXT('2D SPACE',''
  ) );
#5068 = ADVANCED_FACE('',(#5069),#1831,.F.);
#5069 = FACE_BOUND('',#5070,.F.);
#5070 = EDGE_LOOP('',(#5071,#5072,#5073,#5096));
#5071 = ORIENTED_EDGE('',*,*,#1816,.T.);
#5072 = ORIENTED_EDGE('',*,*,#2738,.T.);
#5073 = ORIENTED_EDGE('',*,*,#5074,.T.);
#5074 = EDGE_CURVE('',#2711,#5075,#5077,.T.);
#5075 = VERTEX_POINT('',#5076);
#5076 = CARTESIAN_POINT('',(-36.,-10.,76.));
#5077 = SURFACE_CURVE('',#5078,(#5082,#5089),.PCURVE_S1.);
#5078 = LINE('',#5079,#5080);
#5079 = CARTESIAN_POINT('',(-62.,-15.,76.));
#5080 = VECTOR('',#5081,1.);
#5081 = DIRECTION('',(0.982006446981,0.18884739365,0.));
#5082 = PCURVE('',#1831,#5083);
#5083 = DEFINITIONAL_REPRESENTATION('',(#5084),#5088);
#5084 = LINE('',#5085,#5086);
#5085 = CARTESIAN_POINT('',(0.,-24.));
#5086 = VECTOR('',#5087,1.);
#5087 = DIRECTION('',(1.,0.));
#5088 = ( GEOMETRIC_REPRESENTATION_CONTEXT(2) 
PARAMETRIC_REPRESENTATION_CONTEXT() REPRESENTATION_CONTEXT('2D SPACE',''
  ) );
#5089 = PCURVE('',#2726,#5090);
#5090 = DEFINITIONAL_REPRESENTATION('',(#5091),#5095);
#5091 = LINE('',#5092,#5093);
#5092 = CARTESIAN_POINT('',(49.014597020577,-15.));
#5093 = VECTOR('',#5094,1.);
#5094 = DIRECTION('',(0.982006446981,0.18884739365));
#5095 = ( GEOMETRIC_REPRESENTATION_CONTEXT(2) 
PARAMETRIC_REPRESENTATION_CONTEXT() REPRESENTATION_CONTEXT('2D SPACE',''
  ) );
#5096 = ORIENTED_EDGE('',*,*,#5097,.F.);
#5097 = EDGE_CURVE('',#1791,#5075,#5098,.T.);
#5098 = SURFACE_CURVE('',#5099,(#5103,#5110),.PCURVE_S1.);
#5099 = LINE('',#5100,#5101);
#5100 = CARTESIAN_POINT('',(-36.,-10.,52.));
#5101 = VECTOR('',#5102,1.);
#5102 = DIRECTION('',(0.,0.,1.));
#5103 = PCURVE('',#1831,#5104);
#5104 = DEFINITIONAL_REPRESENTATION('',(#5105),#5109);
#5105 = LINE('',#5106,#5107);
#5106 = CARTESIAN_POINT('',(26.476404589747,0.));
#5107 = VECTOR('',#5108,1.);
#5108 = DIRECTION('',(0.,-1.));
#5109 = ( GEOMETRIC_REPRESENTATION_CONTEXT(2) 
PARAMETRIC_REPRESENTATION_CONTEXT() REPRESENTATION_CONTEXT('2D SPACE',''
  ) );
#5110 = PCURVE('',#1805,#5111);
#5111 = DEFINITIONAL_REPRESENTATION('',(#5112),#5116);
#5112 = LINE('',#5113,#5114);
#5113 = CARTESIAN_POINT('',(0.,0.));
#5114 = VECTOR('',#5115,1.);
#5115 = DIRECTION('',(0.,-1.));
#5116 = ( GEOMETRIC_REPRESENTATION_CONTEXT(2) 
PARAMETRIC_REPRESENTATION_CONTEXT() REPRESENTATION_CONTEXT('2D SPACE',''
  ) );
#5117 = ADVANCED_FACE('',(#5118),#1805,.F.);
#5118 = FACE_BOUND('',#5119,.F.);
#5119 = EDGE_LOOP('',(#5120,#5121,#5122,#5145));
#5120 = ORIENTED_EDGE('',*,*,#1790,.T.);
#5121 = ORIENTED_EDGE('',*,*,#5097,.T.);
#5122 = ORIENTED_EDGE('',*,*,#5123,.T.);
#5123 = EDGE_CURVE('',#5075,#5124,#5126,.T.);
#5124 = VERTEX_POINT('',#5125);
#5125 = CARTESIAN_POINT('',(-36.,10.,76.));
#5126 = SURFACE_CURVE('',#5127,(#5131,#5138),.PCURVE_S1.);
#5127 = LINE('',#5128,#5129);
#5128 = CARTESIAN_POINT('',(-36.,-10.,76.));
#5129 = VECTOR('',#5130,1.);
#5130 = DIRECTION('',(0.,1.,0.));
#5131 = PCURVE('',#1805,#5132);
#5132 = DEFINITIONAL_REPRESENTATION('',(#5133),#5137);
#5133 = LINE('',#5134,#5135);
#5134 = CARTESIAN_POINT('',(0.,-24.));
#5135 = VECTOR('',#5136,1.);
#5136 = DIRECTION('',(1.,0.));
#5137 = ( GEOMETRIC_REPRESENTATION_CONTEXT(2) 
PARAMETRIC_REPRESENTATION_CONTEXT() REPRESENTATION_CONTEXT('2D SPACE',''
  ) );
#5138 = PCURVE('',#2726,#5139);
#5139 = DEFINITIONAL_REPRESENTATION('',(#5140),#5144);
#5140 = LINE('',#5141,#5142);
#5141 = CARTESIAN_POINT('',(75.014597020577,-10.));
#5142 = VECTOR('',#5143,1.);
#5143 = DIRECTION('',(0.,1.));
#5144 = ( GEOMETRIC_REPRESENTATION_CONTEXT(2) 
PARAMETRIC_REPRESENTATION_CONTEXT() REPRESENTATION_CONTEXT('2D SPACE',''
  ) );
#5145 = ORIENTED_EDGE('',*,*,#5146,.F.);
#5146 = EDGE_CURVE('',#1765,#5124,#5147,.T.);
#5147 = SURFACE_CURVE('',#5148,(#5152,#5159),.PCURVE_S1.);
#5148 = LINE('',#5149,#5150);
#5149 = CARTESIAN_POINT('',(-36.,10.,52.));
#5150 = VECTOR('',#5151,1.);
#5151 = DIRECTION('',(0.,0.,1.));
#5152 = PCURVE('',#1805,#5153);
#5153 = DEFINITIONAL_REPRESENTATION('',(#5154),#5158);
#5154 = LINE('',#5155,#5156);
#5155 = CARTESIAN_POINT('',(20.,0.));
#5156 = VECTOR('',#5157,1.);
#5157 = DIRECTION('',(0.,-1.));
#5158 = ( GEOMETRIC_REPRESENTATION_CONTEXT(2) 
PARAMETRIC_REPRESENTATION_CONTEXT() REPRESENTATION_CONTEXT('2D SPACE',''
  ) );
#5159 = PCURVE('',#1779,#5160);
#5160 = DEFINITIONAL_REPRESENTATION('',(#5161),#5165);
#5161 = LINE('',#5162,#5163);
#5162 = CARTESIAN_POINT('',(0.,0.));
#5163 = VECTOR('',#5164,1.);
#5164 = DIRECTION('',(0.,-1.));
#5165 = ( GEOMETRIC_REPRESENTATION_CONTEXT(2) 
PARAMETRIC_REPRESENTATION_CONTEXT() REPRESENTATION_CONTEXT('2D SPACE',''
  ) );
#5166 = ADVANCED_FACE('',(#5167),#1779,.F.);
#5167 = FACE_BOUND('',#5168,.F.);
#5168 = EDGE_LOOP('',(#5169,#5170,#5171,#5192));
#5169 = ORIENTED_EDGE('',*,*,#1764,.T.);
#5170 = ORIENTED_EDGE('',*,*,#5146,.T.);
#5171 = ORIENTED_EDGE('',*,*,#5172,.T.);
#5172 = EDGE_CURVE('',#5124,#2871,#5173,.T.);
#5173 = SURFACE_CURVE('',#5174,(#5178,#5185),.PCURVE_S1.);
#5174 = LINE('',#5175,#5176);
#5175 = CARTESIAN_POINT('',(-36.,10.,76.));
#5176 = VECTOR('',#5177,1.);
#5177 = DIRECTION('',(-0.982006446981,0.18884739365,0.));
#5178 = PCURVE('',#1779,#5179);
#5179 = DEFINITIONAL_REPRESENTATION('',(#5180),#5184);
#5180 = LINE('',#5181,#5182);
#5181 = CARTESIAN_POINT('',(0.,-24.));
#5182 = VECTOR('',#5183,1.);
#5183 = DIRECTION('',(1.,0.));
#5184 = ( GEOMETRIC_REPRESENTATION_CONTEXT(2) 
PARAMETRIC_REPRESENTATION_CONTEXT() REPRESENTATION_CONTEXT('2D SPACE',''
  ) );
#5185 = PCURVE('',#2726,#5186);
#5186 = DEFINITIONAL_REPRESENTATION('',(#5187),#5191);
#5187 = LINE('',#5188,#5189);
#5188 = CARTESIAN_POINT('',(75.014597020577,10.));
#5189 = VECTOR('',#5190,1.);
#5190 = DIRECTION('',(-0.982006446981,0.18884739365));
#5191 = ( GEOMETRIC_REPRESENTATION_CONTEXT(2) 
PARAMETRIC_REPRESENTATION_CONTEXT() REPRESENTATION_CONTEXT('2D SPACE',''
  ) );
#5192 = ORIENTED_EDGE('',*,*,#2870,.F.);
#5193 = ADVANCED_FACE('',(#5194),#1712,.F.);
#5194 = FACE_BOUND('',#5195,.F.);
#5195 = EDGE_LOOP('',(#5196,#5217,#5218,#5219));
#5196 = ORIENTED_EDGE('',*,*,#5197,.T.);
#5197 = EDGE_CURVE('',#5198,#1665,#5200,.T.);
#5198 = VERTEX_POINT('',#5199);
#5199 = CARTESIAN_POINT('',(-39.16591786497,40.621218773674,76.));
#5200 = SURFACE_CURVE('',#5201,(#5205,#5211),.PCURVE_S1.);
#5201 = LINE('',#5202,#5203);
#5202 = CARTESIAN_POINT('',(-39.16591786497,40.621218773674,25.));
#5203 = VECTOR('',#5204,1.);
#5204 = DIRECTION('',(-0.,-0.,-1.));
#5205 = PCURVE('',#1712,#5206);
#5206 = DEFINITIONAL_REPRESENTATION('',(#5207),#5210);
#5207 = B_SPLINE_CURVE_WITH_KNOTS('',1,(#5208,#5209),.UNSPECIFIED.,.F.,
  .F.,(2,2),(-52.,-40.),.PIECEWISE_BEZIER_KNOTS.);
#5208 = CARTESIAN_POINT('',(7.37065800238,-25.));
#5209 = CARTESIAN_POINT('',(7.37065800238,-13.));
#5210 = ( GEOMETRIC_REPRESENTATION_CONTEXT(2) 
PARAMETRIC_REPRESENTATION_CONTEXT() REPRESENTATION_CONTEXT('2D SPACE',''
  ) );
#5211 = PCURVE('',#1685,#5212);
#5212 = DEFINITIONAL_REPRESENTATION('',(#5213),#5216);
#5213 = B_SPLINE_CURVE_WITH_KNOTS('',1,(#5214,#5215),.UNSPECIFIED.,.F.,
  .F.,(2,2),(-52.,-40.),.PIECEWISE_BEZIER_KNOTS.);
#5214 = CARTESIAN_POINT('',(-2.197209714165,-52.));
#5215 = CARTESIAN_POINT('',(-2.197209714165,-40.));
#5216 = ( GEOMETRIC_REPRESENTATION_CONTEXT(2) 
PARAMETRIC_REPRESENTATION_CONTEXT() REPRESENTATION_CONTEXT('2D SPACE',''
  ) );
#5217 = ORIENTED_EDGE('',*,*,#1697,.T.);
#5218 = ORIENTED_EDGE('',*,*,#3021,.T.);
#5219 = ORIENTED_EDGE('',*,*,#5220,.T.);
#5220 = EDGE_CURVE('',#2994,#5198,#5221,.T.);
#5221 = SURFACE_CURVE('',#5222,(#5226,#5233),.PCURVE_S1.);
#5222 = LINE('',#5223,#5224);
#5223 = CARTESIAN_POINT('',(-43.99038105676,46.193575034635,76.));
#5224 = VECTOR('',#5225,1.);
#5225 = DIRECTION('',(0.65454986383,-0.75601883294,0.));
#5226 = PCURVE('',#1712,#5227);
#5227 = DEFINITIONAL_REPRESENTATION('',(#5228),#5232);
#5228 = LINE('',#5229,#5230);
#5229 = CARTESIAN_POINT('',(0.,-24.));
#5230 = VECTOR('',#5231,1.);
#5231 = DIRECTION('',(1.,0.));
#5232 = ( GEOMETRIC_REPRESENTATION_CONTEXT(2) 
PARAMETRIC_REPRESENTATION_CONTEXT() REPRESENTATION_CONTEXT('2D SPACE',''
  ) );
#5233 = PCURVE('',#3009,#5234);
#5234 = DEFINITIONAL_REPRESENTATION('',(#5235),#5239);
#5235 = LINE('',#5236,#5237);
#5236 = CARTESIAN_POINT('',(11.516917453522,-49.94788617607));
#5237 = VECTOR('',#5238,1.);
#5238 = DIRECTION('',(0.65454986383,-0.75601883294));
#5239 = ( GEOMETRIC_REPRESENTATION_CONTEXT(2) 
PARAMETRIC_REPRESENTATION_CONTEXT() REPRESENTATION_CONTEXT('2D SPACE',''
  ) );
#5240 = ADVANCED_FACE('',(#5241),#1685,.F.);
#5241 = FACE_BOUND('',#5242,.T.);
#5242 = EDGE_LOOP('',(#5243,#5244,#5267,#5293,#5294,#5295,#5316,#5342,
    #5343,#5344,#5365,#5393));
#5243 = ORIENTED_EDGE('',*,*,#3814,.T.);
#5244 = ORIENTED_EDGE('',*,*,#5245,.T.);
#5245 = EDGE_CURVE('',#3815,#5246,#5248,.T.);
#5246 = VERTEX_POINT('',#5247);
#5247 = CARTESIAN_POINT('',(-28.85533905932,35.355339059327,76.));
#5248 = SEAM_CURVE('',#5249,(#5253,#5260),.PCURVE_S1.);
#5249 = LINE('',#5250,#5251);
#5250 = CARTESIAN_POINT('',(-28.85533905932,35.355339059327,25.));
#5251 = VECTOR('',#5252,1.);
#5252 = DIRECTION('',(0.,0.,1.));
#5253 = PCURVE('',#1685,#5254);
#5254 = DEFINITIONAL_REPRESENTATION('',(#5255),#5259);
#5255 = LINE('',#5256,#5257);
#5256 = CARTESIAN_POINT('',(-6.28318530718,0.));
#5257 = VECTOR('',#5258,1.);
#5258 = DIRECTION('',(-0.,-1.));
#5259 = ( GEOMETRIC_REPRESENTATION_CONTEXT(2) 
PARAMETRIC_REPRESENTATION_CONTEXT() REPRESENTATION_CONTEXT('2D SPACE',''
  ) );
#5260 = PCURVE('',#1685,#5261);
#5261 = DEFINITIONAL_REPRESENTATION('',(#5262),#5266);
#5262 = LINE('',#5263,#5264);
#5263 = CARTESIAN_POINT('',(-0.,0.));
#5264 = VECTOR('',#5265,1.);
#5265 = DIRECTION('',(-0.,-1.));
#5266 = ( GEOMETRIC_REPRESENTATION_CONTEXT(2) 
PARAMETRIC_REPRESENTATION_CONTEXT() REPRESENTATION_CONTEXT('2D SPACE',''
  ) );
#5267 = ORIENTED_EDGE('',*,*,#5268,.F.);
#5268 = EDGE_CURVE('',#5198,#5246,#5269,.T.);
#5269 = SURFACE_CURVE('',#5270,(#5275,#5282),.PCURVE_S1.);
#5270 = CIRCLE('',#5271,6.5);
#5271 = AXIS2_PLACEMENT_3D('',#5272,#5273,#5274);
#5272 = CARTESIAN_POINT('',(-35.35533905932,35.355339059327,76.));
#5273 = DIRECTION('',(0.,0.,-1.));
#5274 = DIRECTION('',(1.,0.,0.));
#5275 = PCURVE('',#1685,#5276);
#5276 = DEFINITIONAL_REPRESENTATION('',(#5277),#5281);
#5277 = LINE('',#5278,#5279);
#5278 = CARTESIAN_POINT('',(-6.28318530718,-51.));
#5279 = VECTOR('',#5280,1.);
#5280 = DIRECTION('',(1.,-0.));
#5281 = ( GEOMETRIC_REPRESENTATION_CONTEXT(2) 
PARAMETRIC_REPRESENTATION_CONTEXT() REPRESENTATION_CONTEXT('2D SPACE',''
  ) );
#5282 = PCURVE('',#3009,#5283);
#5283 = DEFINITIONAL_REPRESENTATION('',(#5284),#5292);
#5284 = ( BOUNDED_CURVE() B_SPLINE_CURVE(2,(#5285,#5286,#5287,#5288,
#5289,#5290,#5291),.UNSPECIFIED.,.T.,.F.) B_SPLINE_CURVE_WITH_KNOTS((1,2
    ,2,2,2,1),(-2.094395102393,0.,2.094395102393,4.188790204786,
6.28318530718,8.377580409573),.UNSPECIFIED.) CURVE() 
GEOMETRIC_REPRESENTATION_ITEM() RATIONAL_B_SPLINE_CURVE((1.,0.5,1.,0.5,
1.,0.5,1.)) REPRESENTATION_ITEM('') );
#5285 = CARTESIAN_POINT('',(26.651959450961,-60.78612215138));
#5286 = CARTESIAN_POINT('',(26.651959450961,-72.04445240058));
#5287 = CARTESIAN_POINT('',(16.901959450961,-66.41528727598));
#5288 = CARTESIAN_POINT('',(7.151959450961,-60.78612215138));
#5289 = CARTESIAN_POINT('',(16.901959450961,-55.15695702678));
#5290 = CARTESIAN_POINT('',(26.651959450961,-49.52779190218));
#5291 = CARTESIAN_POINT('',(26.651959450961,-60.78612215138));
#5292 = ( GEOMETRIC_REPRESENTATION_CONTEXT(2) 
PARAMETRIC_REPRESENTATION_CONTEXT() REPRESENTATION_CONTEXT('2D SPACE',''
  ) );
#5293 = ORIENTED_EDGE('',*,*,#5197,.T.);
#5294 = ORIENTED_EDGE('',*,*,#1664,.F.);
#5295 = ORIENTED_EDGE('',*,*,#5296,.F.);
#5296 = EDGE_CURVE('',#5297,#1639,#5299,.T.);
#5297 = VERTEX_POINT('',#5298);
#5298 = CARTESIAN_POINT('',(-30.68908073727,30.830293946636,76.));
#5299 = SURFACE_CURVE('',#5300,(#5304,#5310),.PCURVE_S1.);
#5300 = LINE('',#5301,#5302);
#5301 = CARTESIAN_POINT('',(-30.68908073727,30.830293946636,25.));
#5302 = VECTOR('',#5303,1.);
#5303 = DIRECTION('',(-0.,-0.,-1.));
#5304 = PCURVE('',#1685,#5305);
#5305 = DEFINITIONAL_REPRESENTATION('',(#5306),#5309);
#5306 = B_SPLINE_CURVE_WITH_KNOTS('',1,(#5307,#5308),.UNSPECIFIED.,.F.,
  .F.,(2,2),(-52.,-40.),.PIECEWISE_BEZIER_KNOTS.);
#5307 = CARTESIAN_POINT('',(-5.513149720048,-52.));
#5308 = CARTESIAN_POINT('',(-5.513149720048,-40.));
#5309 = ( GEOMETRIC_REPRESENTATION_CONTEXT(2) 
PARAMETRIC_REPRESENTATION_CONTEXT() REPRESENTATION_CONTEXT('2D SPACE',''
  ) );
#5310 = PCURVE('',#1653,#5311);
#5311 = DEFINITIONAL_REPRESENTATION('',(#5312),#5315);
#5312 = B_SPLINE_CURVE_WITH_KNOTS('',1,(#5313,#5314),.UNSPECIFIED.,.F.,
  .F.,(2,2),(-52.,-40.),.PIECEWISE_BEZIER_KNOTS.);
#5313 = CARTESIAN_POINT('',(20.321294151164,-25.));
#5314 = CARTESIAN_POINT('',(20.321294151164,-13.));
#5315 = ( GEOMETRIC_REPRESENTATION_CONTEXT(2) 
PARAMETRIC_REPRESENTATION_CONTEXT() REPRESENTATION_CONTEXT('2D SPACE',''
  ) );
#5316 = ORIENTED_EDGE('',*,*,#5317,.F.);
#5317 = EDGE_CURVE('',#5246,#5297,#5318,.T.);
#5318 = SURFACE_CURVE('',#5319,(#5324,#5331),.PCURVE_S1.);
#5319 = CIRCLE('',#5320,6.5);
#5320 = AXIS2_PLACEMENT_3D('',#5321,#5322,#5323);
#5321 = CARTESIAN_POINT('',(-35.35533905932,35.355339059327,76.));
#5322 = DIRECTION('',(0.,0.,-1.));
#5323 = DIRECTION('',(1.,0.,0.));
#5324 = PCURVE('',#1685,#5325);
#5325 = DEFINITIONAL_REPRESENTATION('',(#5326),#5330);
#5326 = LINE('',#5327,#5328);
#5327 = CARTESIAN_POINT('',(-6.28318530718,-51.));
#5328 = VECTOR('',#5329,1.);
#5329 = DIRECTION('',(1.,-0.));
#5330 = ( GEOMETRIC_REPRESENTATION_CONTEXT(2) 
PARAMETRIC_REPRESENTATION_CONTEXT() REPRESENTATION_CONTEXT('2D SPACE',''
  ) );
#5331 = PCURVE('',#3009,#5332);
#5332 = DEFINITIONAL_REPRESENTATION('',(#5333),#5341);
#5333 = ( BOUNDED_CURVE() B_SPLINE_CURVE(2,(#5334,#5335,#5336,#5337,
#5338,#5339,#5340),.UNSPECIFIED.,.T.,.F.) B_SPLINE_CURVE_WITH_KNOTS((1,2
    ,2,2,2,1),(-2.094395102393,0.,2.094395102393,4.188790204786,
6.28318530718,8.377580409573),.UNSPECIFIED.) CURVE() 
GEOMETRIC_REPRESENTATION_ITEM() RATIONAL_B_SPLINE_CURVE((1.,0.5,1.,0.5,
1.,0.5,1.)) REPRESENTATION_ITEM('') );
#5334 = CARTESIAN_POINT('',(26.651959450961,-60.78612215138));
#5335 = CARTESIAN_POINT('',(26.651959450961,-72.04445240058));
#5336 = CARTESIAN_POINT('',(16.901959450961,-66.41528727598));
#5337 = CARTESIAN_POINT('',(7.151959450961,-60.78612215138));
#5338 = CARTESIAN_POINT('',(16.901959450961,-55.15695702678));
#5339 = CARTESIAN_POINT('',(26.651959450961,-49.52779190218));
#5340 = CARTESIAN_POINT('',(26.651959450961,-60.78612215138));
#5341 = ( GEOMETRIC_REPRESENTATION_CONTEXT(2) 
PARAMETRIC_REPRESENTATION_CONTEXT() REPRESENTATION_CONTEXT('2D SPACE',''
  ) );
#5342 = ORIENTED_EDGE('',*,*,#5245,.F.);
#5343 = ORIENTED_EDGE('',*,*,#3842,.T.);
#5344 = ORIENTED_EDGE('',*,*,#5345,.T.);
#5345 = EDGE_CURVE('',#3843,#5346,#5348,.T.);
#5346 = VERTEX_POINT('',#5347);
#5347 = CARTESIAN_POINT('',(-28.91437420885,34.481284258425,30.));
#5348 = SURFACE_CURVE('',#5349,(#5353,#5359),.PCURVE_S1.);
#5349 = LINE('',#5350,#5351);
#5350 = CARTESIAN_POINT('',(-28.91437420885,34.481284258425,30.));
#5351 = VECTOR('',#5352,1.);
#5352 = DIRECTION('',(-0.,-0.,-1.));
#5353 = PCURVE('',#1685,#5354);
#5354 = DEFINITIONAL_REPRESENTATION('',(#5355),#5358);
#5355 = B_SPLINE_CURVE_WITH_KNOTS('',1,(#5356,#5357),.UNSPECIFIED.,.F.,
  .F.,(2,2),(-18.0000006,5.999999999062E-07),.PIECEWISE_BEZIER_KNOTS.);
#5356 = CARTESIAN_POINT('',(-6.148306752819,-23.0000006));
#5357 = CARTESIAN_POINT('',(-6.148306752819,-4.9999994));
#5358 = ( GEOMETRIC_REPRESENTATION_CONTEXT(2) 
PARAMETRIC_REPRESENTATION_CONTEXT() REPRESENTATION_CONTEXT('2D SPACE',''
  ) );
#5359 = PCURVE('',#3887,#5360);
#5360 = DEFINITIONAL_REPRESENTATION('',(#5361),#5364);
#5361 = B_SPLINE_CURVE_WITH_KNOTS('',1,(#5362,#5363),.UNSPECIFIED.,.F.,
  .F.,(2,2),(-18.0000006,5.999999999062E-07),.PIECEWISE_BEZIER_KNOTS.);
#5362 = CARTESIAN_POINT('',(-2.268606992066,-18.0000006));
#5363 = CARTESIAN_POINT('',(-2.268606992066,5.999999999062E-07));
#5364 = ( GEOMETRIC_REPRESENTATION_CONTEXT(2) 
PARAMETRIC_REPRESENTATION_CONTEXT() REPRESENTATION_CONTEXT('2D SPACE',''
  ) );
#5365 = ORIENTED_EDGE('',*,*,#5366,.T.);
#5366 = EDGE_CURVE('',#5346,#5367,#5369,.T.);
#5367 = VERTEX_POINT('',#5368);
#5368 = CARTESIAN_POINT('',(-34.48128425842,28.914374208855,30.));
#5369 = SURFACE_CURVE('',#5370,(#5375,#5382),.PCURVE_S1.);
#5370 = CIRCLE('',#5371,6.5);
#5371 = AXIS2_PLACEMENT_3D('',#5372,#5373,#5374);
#5372 = CARTESIAN_POINT('',(-35.35533905932,35.355339059327,30.));
#5373 = DIRECTION('',(0.,0.,-1.));
#5374 = DIRECTION('',(1.,0.,0.));
#5375 = PCURVE('',#1685,#5376);
#5376 = DEFINITIONAL_REPRESENTATION('',(#5377),#5381);
#5377 = LINE('',#5378,#5379);
#5378 = CARTESIAN_POINT('',(-6.28318530718,-5.));
#5379 = VECTOR('',#5380,1.);
#5380 = DIRECTION('',(1.,-0.));
#5381 = ( GEOMETRIC_REPRESENTATION_CONTEXT(2) 
PARAMETRIC_REPRESENTATION_CONTEXT() REPRESENTATION_CONTEXT('2D SPACE',''
  ) );
#5382 = PCURVE('',#5007,#5383);
#5383 = DEFINITIONAL_REPRESENTATION('',(#5384),#5392);
#5384 = ( BOUNDED_CURVE() B_SPLINE_CURVE(2,(#5385,#5386,#5387,#5388,
#5389,#5390,#5391),.UNSPECIFIED.,.T.,.F.) B_SPLINE_CURVE_WITH_KNOTS((1,2
    ,2,2,2,1),(-2.094395102393,0.,2.094395102393,4.188790204786,
6.28318530718,8.377580409573),.UNSPECIFIED.) CURVE() 
GEOMETRIC_REPRESENTATION_ITEM() RATIONAL_B_SPLINE_CURVE((1.,0.5,1.,0.5,
1.,0.5,1.)) REPRESENTATION_ITEM('') );
#5385 = CARTESIAN_POINT('',(-28.85533905932,35.355339059327));
#5386 = CARTESIAN_POINT('',(-28.85533905932,24.09700881013));
#5387 = CARTESIAN_POINT('',(-38.60533905932,29.726173934729));
#5388 = CARTESIAN_POINT('',(-48.35533905932,35.355339059327));
#5389 = CARTESIAN_POINT('',(-38.60533905932,40.984504183926));
#5390 = CARTESIAN_POINT('',(-28.85533905932,46.613669308525));
#5391 = CARTESIAN_POINT('',(-28.85533905932,35.355339059327));
#5392 = ( GEOMETRIC_REPRESENTATION_CONTEXT(2) 
PARAMETRIC_REPRESENTATION_CONTEXT() REPRESENTATION_CONTEXT('2D SPACE',''
  ) );
#5393 = ORIENTED_EDGE('',*,*,#5394,.F.);
#5394 = EDGE_CURVE('',#3786,#5367,#5395,.T.);
#5395 = SURFACE_CURVE('',#5396,(#5400,#5406),.PCURVE_S1.);
#5396 = LINE('',#5397,#5398);
#5397 = CARTESIAN_POINT('',(-34.48128425842,28.914374208855,30.));
#5398 = VECTOR('',#5399,1.);
#5399 = DIRECTION('',(-0.,-0.,-1.));
#5400 = PCURVE('',#1685,#5401);
#5401 = DEFINITIONAL_REPRESENTATION('',(#5402),#5405);
#5402 = B_SPLINE_CURVE_WITH_KNOTS('',1,(#5403,#5404),.UNSPECIFIED.,.F.,
  .F.,(2,2),(-18.0000006,5.999999999062E-07),.PIECEWISE_BEZIER_KNOTS.);
#5403 = CARTESIAN_POINT('',(-4.847267534746,-23.0000006));
#5404 = CARTESIAN_POINT('',(-4.847267534746,-4.9999994));
#5405 = ( GEOMETRIC_REPRESENTATION_CONTEXT(2) 
PARAMETRIC_REPRESENTATION_CONTEXT() REPRESENTATION_CONTEXT('2D SPACE',''
  ) );
#5406 = PCURVE('',#3802,#5407);
#5407 = DEFINITIONAL_REPRESENTATION('',(#5408),#5411);
#5408 = B_SPLINE_CURVE_WITH_KNOTS('',1,(#5409,#5410),.UNSPECIFIED.,.F.,
  .F.,(2,2),(-18.0000006,5.999999999062E-07),.PIECEWISE_BEZIER_KNOTS.);
#5409 = CARTESIAN_POINT('',(-2.443781988318,-18.0000006));
#5410 = CARTESIAN_POINT('',(-2.443781988318,5.999999999062E-07));
#5411 = ( GEOMETRIC_REPRESENTATION_CONTEXT(2) 
PARAMETRIC_REPRESENTATION_CONTEXT() REPRESENTATION_CONTEXT('2D SPACE',''
  ) );
#5412 = ADVANCED_FACE('',(#5413),#1653,.F.);
#5413 = FACE_BOUND('',#5414,.F.);
#5414 = EDGE_LOOP('',(#5415,#5438,#5439,#5440));
#5415 = ORIENTED_EDGE('',*,*,#5416,.F.);
#5416 = EDGE_CURVE('',#1613,#5417,#5419,.T.);
#5417 = VERTEX_POINT('',#5418);
#5418 = CARTESIAN_POINT('',(-26.66025403784,26.17691453624,76.));
#5419 = SURFACE_CURVE('',#5420,(#5424,#5431),.PCURVE_S1.);
#5420 = LINE('',#5421,#5422);
#5421 = CARTESIAN_POINT('',(-26.66025403784,26.17691453624,52.));
#5422 = VECTOR('',#5423,1.);
#5423 = DIRECTION('',(0.,0.,1.));
#5424 = PCURVE('',#1653,#5425);
#5425 = DEFINITIONAL_REPRESENTATION('',(#5426),#5430);
#5426 = LINE('',#5427,#5428);
#5427 = CARTESIAN_POINT('',(26.476404589747,0.));
#5428 = VECTOR('',#5429,1.);
#5429 = DIRECTION('',(0.,-1.));
#5430 = ( GEOMETRIC_REPRESENTATION_CONTEXT(2) 
PARAMETRIC_REPRESENTATION_CONTEXT() REPRESENTATION_CONTEXT('2D SPACE',''
  ) );
#5431 = PCURVE('',#1627,#5432);
#5432 = DEFINITIONAL_REPRESENTATION('',(#5433),#5437);
#5433 = LINE('',#5434,#5435);
#5434 = CARTESIAN_POINT('',(0.,0.));
#5435 = VECTOR('',#5436,1.);
#5436 = DIRECTION('',(0.,-1.));
#5437 = ( GEOMETRIC_REPRESENTATION_CONTEXT(2) 
PARAMETRIC_REPRESENTATION_CONTEXT() REPRESENTATION_CONTEXT('2D SPACE',''
  ) );
#5438 = ORIENTED_EDGE('',*,*,#1638,.T.);
#5439 = ORIENTED_EDGE('',*,*,#5296,.F.);
#5440 = ORIENTED_EDGE('',*,*,#5441,.T.);
#5441 = EDGE_CURVE('',#5297,#5417,#5442,.T.);
#5442 = SURFACE_CURVE('',#5443,(#5447,#5454),.PCURVE_S1.);
#5443 = LINE('',#5444,#5445);
#5444 = CARTESIAN_POINT('',(-43.99038105676,46.193575034635,76.));
#5445 = VECTOR('',#5446,1.);
#5446 = DIRECTION('',(0.65454986383,-0.75601883294,0.));
#5447 = PCURVE('',#1653,#5448);
#5448 = DEFINITIONAL_REPRESENTATION('',(#5449),#5453);
#5449 = LINE('',#5450,#5451);
#5450 = CARTESIAN_POINT('',(0.,-24.));
#5451 = VECTOR('',#5452,1.);
#5452 = DIRECTION('',(1.,0.));
#5453 = ( GEOMETRIC_REPRESENTATION_CONTEXT(2) 
PARAMETRIC_REPRESENTATION_CONTEXT() REPRESENTATION_CONTEXT('2D SPACE',''
  ) );
#5454 = PCURVE('',#3009,#5455);
#5455 = DEFINITIONAL_REPRESENTATION('',(#5456),#5460);
#5456 = LINE('',#5457,#5458);
#5457 = CARTESIAN_POINT('',(11.516917453522,-49.94788617607));
#5458 = VECTOR('',#5459,1.);
#5459 = DIRECTION('',(0.65454986383,-0.75601883294));
#5460 = ( GEOMETRIC_REPRESENTATION_CONTEXT(2) 
PARAMETRIC_REPRESENTATION_CONTEXT() REPRESENTATION_CONTEXT('2D SPACE',''
  ) );
#5461 = ADVANCED_FACE('',(#5462),#1627,.F.);
#5462 = FACE_BOUND('',#5463,.F.);
#5463 = EDGE_LOOP('',(#5464,#5465,#5466,#5489));
#5464 = ORIENTED_EDGE('',*,*,#1612,.T.);
#5465 = ORIENTED_EDGE('',*,*,#5416,.T.);
#5466 = ORIENTED_EDGE('',*,*,#5467,.T.);
#5467 = EDGE_CURVE('',#5417,#5468,#5470,.T.);
#5468 = VERTEX_POINT('',#5469);
#5469 = CARTESIAN_POINT('',(-9.339745962156,36.17691453624,76.));
#5470 = SURFACE_CURVE('',#5471,(#5475,#5482),.PCURVE_S1.);
#5471 = LINE('',#5472,#5473);
#5472 = CARTESIAN_POINT('',(-26.66025403784,26.17691453624,76.));
#5473 = VECTOR('',#5474,1.);
#5474 = DIRECTION('',(0.866025403784,0.5,0.));
#5475 = PCURVE('',#1627,#5476);
#5476 = DEFINITIONAL_REPRESENTATION('',(#5477),#5481);
#5477 = LINE('',#5478,#5479);
#5478 = CARTESIAN_POINT('',(0.,-24.));
#5479 = VECTOR('',#5480,1.);
#5480 = DIRECTION('',(1.,0.));
#5481 = ( GEOMETRIC_REPRESENTATION_CONTEXT(2) 
PARAMETRIC_REPRESENTATION_CONTEXT() REPRESENTATION_CONTEXT('2D SPACE',''
  ) );
#5482 = PCURVE('',#3009,#5483);
#5483 = DEFINITIONAL_REPRESENTATION('',(#5484),#5488);
#5484 = LINE('',#5485,#5486);
#5485 = CARTESIAN_POINT('',(28.847044472444,-69.96454667447));
#5486 = VECTOR('',#5487,1.);
#5487 = DIRECTION('',(0.866025403784,0.5));
#5488 = ( GEOMETRIC_REPRESENTATION_CONTEXT(2) 
PARAMETRIC_REPRESENTATION_CONTEXT() REPRESENTATION_CONTEXT('2D SPACE',''
  ) );
#5489 = ORIENTED_EDGE('',*,*,#5490,.F.);
#5490 = EDGE_CURVE('',#1587,#5468,#5491,.T.);
#5491 = SURFACE_CURVE('',#5492,(#5496,#5503),.PCURVE_S1.);
#5492 = LINE('',#5493,#5494);
#5493 = CARTESIAN_POINT('',(-9.339745962156,36.17691453624,52.));
#5494 = VECTOR('',#5495,1.);
#5495 = DIRECTION('',(0.,0.,1.));
#5496 = PCURVE('',#1627,#5497);
#5497 = DEFINITIONAL_REPRESENTATION('',(#5498),#5502);
#5498 = LINE('',#5499,#5500);
#5499 = CARTESIAN_POINT('',(20.,0.));
#5500 = VECTOR('',#5501,1.);
#5501 = DIRECTION('',(0.,-1.));
#5502 = ( GEOMETRIC_REPRESENTATION_CONTEXT(2) 
PARAMETRIC_REPRESENTATION_CONTEXT() REPRESENTATION_CONTEXT('2D SPACE',''
  ) );
#5503 = PCURVE('',#1601,#5504);
#5504 = DEFINITIONAL_REPRESENTATION('',(#5505),#5509);
#5505 = LINE('',#5506,#5507);
#5506 = CARTESIAN_POINT('',(0.,0.));
#5507 = VECTOR('',#5508,1.);
#5508 = DIRECTION('',(0.,-1.));
#5509 = ( GEOMETRIC_REPRESENTATION_CONTEXT(2) 
PARAMETRIC_REPRESENTATION_CONTEXT() REPRESENTATION_CONTEXT('2D SPACE',''
  ) );
#5510 = ADVANCED_FACE('',(#5511),#1601,.F.);
#5511 = FACE_BOUND('',#5512,.F.);
#5512 = EDGE_LOOP('',(#5513,#5514,#5515,#5536));
#5513 = ORIENTED_EDGE('',*,*,#1586,.T.);
#5514 = ORIENTED_EDGE('',*,*,#5490,.T.);
#5515 = ORIENTED_EDGE('',*,*,#5516,.T.);
#5516 = EDGE_CURVE('',#5468,#3154,#5517,.T.);
#5517 = SURFACE_CURVE('',#5518,(#5522,#5529),.PCURVE_S1.);
#5518 = LINE('',#5519,#5520);
#5519 = CARTESIAN_POINT('',(-9.339745962156,36.17691453624,76.));
#5520 = VECTOR('',#5521,1.);
#5521 = DIRECTION('',(-0.327456583151,0.94486622659,0.));
#5522 = PCURVE('',#1601,#5523);
#5523 = DEFINITIONAL_REPRESENTATION('',(#5524),#5528);
#5524 = LINE('',#5525,#5526);
#5525 = CARTESIAN_POINT('',(0.,-24.));
#5526 = VECTOR('',#5527,1.);
#5527 = DIRECTION('',(1.,0.));
#5528 = ( GEOMETRIC_REPRESENTATION_CONTEXT(2) 
PARAMETRIC_REPRESENTATION_CONTEXT() REPRESENTATION_CONTEXT('2D SPACE',''
  ) );
#5529 = PCURVE('',#3009,#5530);
#5530 = DEFINITIONAL_REPRESENTATION('',(#5531),#5535);
#5531 = LINE('',#5532,#5533);
#5532 = CARTESIAN_POINT('',(46.167552548133,-59.96454667447));
#5533 = VECTOR('',#5534,1.);
#5534 = DIRECTION('',(-0.327456583151,0.94486622659));
#5535 = ( GEOMETRIC_REPRESENTATION_CONTEXT(2) 
PARAMETRIC_REPRESENTATION_CONTEXT() REPRESENTATION_CONTEXT('2D SPACE',''
  ) );
#5536 = ORIENTED_EDGE('',*,*,#3153,.F.);
#5537 = ADVANCED_FACE('',(#5538),#1534,.F.);
#5538 = FACE_BOUND('',#5539,.F.);
#5539 = EDGE_LOOP('',(#5540,#5541,#5542,#5565));
#5540 = ORIENTED_EDGE('',*,*,#1519,.T.);
#5541 = ORIENTED_EDGE('',*,*,#3304,.T.);
#5542 = ORIENTED_EDGE('',*,*,#5543,.T.);
#5543 = EDGE_CURVE('',#3277,#5544,#5546,.T.);
#5544 = VERTEX_POINT('',#5545);
#5545 = CARTESIAN_POINT('',(9.339745962156,36.17691453624,76.));
#5546 = SURFACE_CURVE('',#5547,(#5551,#5558),.PCURVE_S1.);
#5547 = LINE('',#5548,#5549);
#5548 = CARTESIAN_POINT('',(18.009618943233,61.193575034635,76.));
#5549 = VECTOR('',#5550,1.);
#5550 = DIRECTION('',(-0.327456583151,-0.94486622659,0.));
#5551 = PCURVE('',#1534,#5552);
#5552 = DEFINITIONAL_REPRESENTATION('',(#5553),#5557);
#5553 = LINE('',#5554,#5555);
#5554 = CARTESIAN_POINT('',(0.,-24.));
#5555 = VECTOR('',#5556,1.);
#5556 = DIRECTION('',(1.,0.));
#5557 = ( GEOMETRIC_REPRESENTATION_CONTEXT(2) 
PARAMETRIC_REPRESENTATION_CONTEXT() REPRESENTATION_CONTEXT('2D SPACE',''
  ) );
#5558 = PCURVE('',#3292,#5559);
#5559 = DEFINITIONAL_REPRESENTATION('',(#5560),#5564);
#5560 = LINE('',#5561,#5562);
#5561 = CARTESIAN_POINT('',(-37.49767956705,-34.94788617607));
#5562 = VECTOR('',#5563,1.);
#5563 = DIRECTION('',(-0.327456583151,-0.94486622659));
#5564 = ( GEOMETRIC_REPRESENTATION_CONTEXT(2) 
PARAMETRIC_REPRESENTATION_CONTEXT() REPRESENTATION_CONTEXT('2D SPACE',''
  ) );
#5565 = ORIENTED_EDGE('',*,*,#5566,.F.);
#5566 = EDGE_CURVE('',#1494,#5544,#5567,.T.);
#5567 = SURFACE_CURVE('',#5568,(#5572,#5579),.PCURVE_S1.);
#5568 = LINE('',#5569,#5570);
#5569 = CARTESIAN_POINT('',(9.339745962156,36.17691453624,52.));
#5570 = VECTOR('',#5571,1.);
#5571 = DIRECTION('',(0.,0.,1.));
#5572 = PCURVE('',#1534,#5573);
#5573 = DEFINITIONAL_REPRESENTATION('',(#5574),#5578);
#5574 = LINE('',#5575,#5576);
#5575 = CARTESIAN_POINT('',(26.476404589747,0.));
#5576 = VECTOR('',#5577,1.);
#5577 = DIRECTION('',(0.,-1.));
#5578 = ( GEOMETRIC_REPRESENTATION_CONTEXT(2) 
PARAMETRIC_REPRESENTATION_CONTEXT() REPRESENTATION_CONTEXT('2D SPACE',''
  ) );
#5579 = PCURVE('',#1508,#5580);
#5580 = DEFINITIONAL_REPRESENTATION('',(#5581),#5585);
#5581 = LINE('',#5582,#5583);
#5582 = CARTESIAN_POINT('',(0.,0.));
#5583 = VECTOR('',#5584,1.);
#5584 = DIRECTION('',(0.,-1.));
#5585 = ( GEOMETRIC_REPRESENTATION_CONTEXT(2) 
PARAMETRIC_REPRESENTATION_CONTEXT() REPRESENTATION_CONTEXT('2D SPACE',''
  ) );
#5586 = ADVANCED_FACE('',(#5587),#1508,.F.);
#5587 = FACE_BOUND('',#5588,.F.);
#5588 = EDGE_LOOP('',(#5589,#5590,#5591,#5614));
#5589 = ORIENTED_EDGE('',*,*,#1493,.T.);
#5590 = ORIENTED_EDGE('',*,*,#5566,.T.);
#5591 = ORIENTED_EDGE('',*,*,#5592,.T.);
#5592 = EDGE_CURVE('',#5544,#5593,#5595,.T.);
#5593 = VERTEX_POINT('',#5594);
#5594 = CARTESIAN_POINT('',(26.660254037844,26.17691453624,76.));
#5595 = SURFACE_CURVE('',#5596,(#5600,#5607),.PCURVE_S1.);
#5596 = LINE('',#5597,#5598);
#5597 = CARTESIAN_POINT('',(9.339745962156,36.17691453624,76.));
#5598 = VECTOR('',#5599,1.);
#5599 = DIRECTION('',(0.866025403784,-0.5,0.));
#5600 = PCURVE('',#1508,#5601);
#5601 = DEFINITIONAL_REPRESENTATION('',(#5602),#5606);
#5602 = LINE('',#5603,#5604);
#5603 = CARTESIAN_POINT('',(0.,-24.));
#5604 = VECTOR('',#5605,1.);
#5605 = DIRECTION('',(1.,0.));
#5606 = ( GEOMETRIC_REPRESENTATION_CONTEXT(2) 
PARAMETRIC_REPRESENTATION_CONTEXT() REPRESENTATION_CONTEXT('2D SPACE',''
  ) );
#5607 = PCURVE('',#3292,#5608);
#5608 = DEFINITIONAL_REPRESENTATION('',(#5609),#5613);
#5609 = LINE('',#5610,#5611);
#5610 = CARTESIAN_POINT('',(-46.16755254813,-59.96454667447));
#5611 = VECTOR('',#5612,1.);
#5612 = DIRECTION('',(0.866025403784,-0.5));
#5613 = ( GEOMETRIC_REPRESENTATION_CONTEXT(2) 
PARAMETRIC_REPRESENTATION_CONTEXT() REPRESENTATION_CONTEXT('2D SPACE',''
  ) );
#5614 = ORIENTED_EDGE('',*,*,#5615,.F.);
#5615 = EDGE_CURVE('',#1468,#5593,#5616,.T.);
#5616 = SURFACE_CURVE('',#5617,(#5621,#5628),.PCURVE_S1.);
#5617 = LINE('',#5618,#5619);
#5618 = CARTESIAN_POINT('',(26.660254037844,26.17691453624,52.));
#5619 = VECTOR('',#5620,1.);
#5620 = DIRECTION('',(0.,0.,1.));
#5621 = PCURVE('',#1508,#5622);
#5622 = DEFINITIONAL_REPRESENTATION('',(#5623),#5627);
#5623 = LINE('',#5624,#5625);
#5624 = CARTESIAN_POINT('',(20.,0.));
#5625 = VECTOR('',#5626,1.);
#5626 = DIRECTION('',(0.,-1.));
#5627 = ( GEOMETRIC_REPRESENTATION_CONTEXT(2) 
PARAMETRIC_REPRESENTATION_CONTEXT() REPRESENTATION_CONTEXT('2D SPACE',''
  ) );
#5628 = PCURVE('',#1482,#5629);
#5629 = DEFINITIONAL_REPRESENTATION('',(#5630),#5634);
#5630 = LINE('',#5631,#5632);
#5631 = CARTESIAN_POINT('',(0.,0.));
#5632 = VECTOR('',#5633,1.);
#5633 = DIRECTION('',(0.,-1.));
#5634 = ( GEOMETRIC_REPRESENTATION_CONTEXT(2) 
PARAMETRIC_REPRESENTATION_CONTEXT() REPRESENTATION_CONTEXT('2D SPACE',''
  ) );
#5635 = ADVANCED_FACE('',(#5636),#1482,.F.);
#5636 = FACE_BOUND('',#5637,.F.);
#5637 = EDGE_LOOP('',(#5638,#5659,#5660,#5661));
#5638 = ORIENTED_EDGE('',*,*,#5639,.T.);
#5639 = EDGE_CURVE('',#5640,#1440,#5642,.T.);
#5640 = VERTEX_POINT('',#5641);
#5641 = CARTESIAN_POINT('',(30.689080737277,30.830293946636,76.));
#5642 = SURFACE_CURVE('',#5643,(#5647,#5653),.PCURVE_S1.);
#5643 = LINE('',#5644,#5645);
#5644 = CARTESIAN_POINT('',(30.689080737277,30.830293946636,25.));
#5645 = VECTOR('',#5646,1.);
#5646 = DIRECTION('',(-0.,-0.,-1.));
#5647 = PCURVE('',#1482,#5648);
#5648 = DEFINITIONAL_REPRESENTATION('',(#5649),#5652);
#5649 = B_SPLINE_CURVE_WITH_KNOTS('',1,(#5650,#5651),.UNSPECIFIED.,.F.,
  .F.,(2,2),(-52.,-40.),.PIECEWISE_BEZIER_KNOTS.);
#5650 = CARTESIAN_POINT('',(6.155110438583,-25.));
#5651 = CARTESIAN_POINT('',(6.155110438583,-13.));
#5652 = ( GEOMETRIC_REPRESENTATION_CONTEXT(2) 
PARAMETRIC_REPRESENTATION_CONTEXT() REPRESENTATION_CONTEXT('2D SPACE',''
  ) );
#5653 = PCURVE('',#1427,#5654);
#5654 = DEFINITIONAL_REPRESENTATION('',(#5655),#5658);
#5655 = B_SPLINE_CURVE_WITH_KNOTS('',1,(#5656,#5657),.UNSPECIFIED.,.F.,
  .F.,(2,2),(-52.,-40.),.PIECEWISE_BEZIER_KNOTS.);
#5656 = CARTESIAN_POINT('',(-3.911628240721,-52.));
#5657 = CARTESIAN_POINT('',(-3.911628240721,-40.));
#5658 = ( GEOMETRIC_REPRESENTATION_CONTEXT(2) 
PARAMETRIC_REPRESENTATION_CONTEXT() REPRESENTATION_CONTEXT('2D SPACE',''
  ) );
#5659 = ORIENTED_EDGE('',*,*,#1467,.T.);
#5660 = ORIENTED_EDGE('',*,*,#5615,.T.);
#5661 = ORIENTED_EDGE('',*,*,#5662,.T.);
#5662 = EDGE_CURVE('',#5593,#5640,#5663,.T.);
#5663 = SURFACE_CURVE('',#5664,(#5668,#5675),.PCURVE_S1.);
#5664 = LINE('',#5665,#5666);
#5665 = CARTESIAN_POINT('',(26.660254037844,26.17691453624,76.));
#5666 = VECTOR('',#5667,1.);
#5667 = DIRECTION('',(0.65454986383,0.75601883294,0.));
#5668 = PCURVE('',#1482,#5669);
#5669 = DEFINITIONAL_REPRESENTATION('',(#5670),#5674);
#5670 = LINE('',#5671,#5672);
#5671 = CARTESIAN_POINT('',(0.,-24.));
#5672 = VECTOR('',#5673,1.);
#5673 = DIRECTION('',(1.,0.));
#5674 = ( GEOMETRIC_REPRESENTATION_CONTEXT(2) 
PARAMETRIC_REPRESENTATION_CONTEXT() REPRESENTATION_CONTEXT('2D SPACE',''
  ) );
#5675 = PCURVE('',#3292,#5676);
#5676 = DEFINITIONAL_REPRESENTATION('',(#5677),#5681);
#5677 = LINE('',#5678,#5679);
#5678 = CARTESIAN_POINT('',(-28.84704447244,-69.96454667447));
#5679 = VECTOR('',#5680,1.);
#5680 = DIRECTION('',(0.65454986383,0.75601883294));
#5681 = ( GEOMETRIC_REPRESENTATION_CONTEXT(2) 
PARAMETRIC_REPRESENTATION_CONTEXT() REPRESENTATION_CONTEXT('2D SPACE',''
  ) );
#5682 = ADVANCED_FACE('',(#5683),#1427,.F.);
#5683 = FACE_BOUND('',#5684,.T.);
#5684 = EDGE_LOOP('',(#5685,#5686,#5707,#5708,#5729,#5755,#5756,#5757,
    #5758,#5759,#5780,#5808));
#5685 = ORIENTED_EDGE('',*,*,#3899,.T.);
#5686 = ORIENTED_EDGE('',*,*,#5687,.T.);
#5687 = EDGE_CURVE('',#3900,#1407,#5688,.T.);
#5688 = SEAM_CURVE('',#5689,(#5693,#5700),.PCURVE_S1.);
#5689 = LINE('',#5690,#5691);
#5690 = CARTESIAN_POINT('',(41.855339059327,35.355339059327,25.));
#5691 = VECTOR('',#5692,1.);
#5692 = DIRECTION('',(0.,0.,1.));
#5693 = PCURVE('',#1427,#5694);
#5694 = DEFINITIONAL_REPRESENTATION('',(#5695),#5699);
#5695 = LINE('',#5696,#5697);
#5696 = CARTESIAN_POINT('',(-6.28318530718,0.));
#5697 = VECTOR('',#5698,1.);
#5698 = DIRECTION('',(-0.,-1.));
#5699 = ( GEOMETRIC_REPRESENTATION_CONTEXT(2) 
PARAMETRIC_REPRESENTATION_CONTEXT() REPRESENTATION_CONTEXT('2D SPACE',''
  ) );
#5700 = PCURVE('',#1427,#5701);
#5701 = DEFINITIONAL_REPRESENTATION('',(#5702),#5706);
#5702 = LINE('',#5703,#5704);
#5703 = CARTESIAN_POINT('',(-0.,0.));
#5704 = VECTOR('',#5705,1.);
#5705 = DIRECTION('',(-0.,-1.));
#5706 = ( GEOMETRIC_REPRESENTATION_CONTEXT(2) 
PARAMETRIC_REPRESENTATION_CONTEXT() REPRESENTATION_CONTEXT('2D SPACE',''
  ) );
#5707 = ORIENTED_EDGE('',*,*,#1406,.F.);
#5708 = ORIENTED_EDGE('',*,*,#5709,.F.);
#5709 = EDGE_CURVE('',#5710,#1381,#5712,.T.);
#5710 = VERTEX_POINT('',#5711);
#5711 = CARTESIAN_POINT('',(39.165917864973,40.621218773674,76.));
#5712 = SURFACE_CURVE('',#5713,(#5717,#5723),.PCURVE_S1.);
#5713 = LINE('',#5714,#5715);
#5714 = CARTESIAN_POINT('',(39.165917864973,40.621218773674,25.));
#5715 = VECTOR('',#5716,1.);
#5716 = DIRECTION('',(-0.,-0.,-1.));
#5717 = PCURVE('',#1427,#5718);
#5718 = DEFINITIONAL_REPRESENTATION('',(#5719),#5722);
#5719 = B_SPLINE_CURVE_WITH_KNOTS('',1,(#5720,#5721),.UNSPECIFIED.,.F.,
  .F.,(2,2),(-52.,-40.),.PIECEWISE_BEZIER_KNOTS.);
#5720 = CARTESIAN_POINT('',(-0.944382939424,-52.));
#5721 = CARTESIAN_POINT('',(-0.944382939424,-40.));
#5722 = ( GEOMETRIC_REPRESENTATION_CONTEXT(2) 
PARAMETRIC_REPRESENTATION_CONTEXT() REPRESENTATION_CONTEXT('2D SPACE',''
  ) );
#5723 = PCURVE('',#1395,#5724);
#5724 = DEFINITIONAL_REPRESENTATION('',(#5725),#5728);
#5725 = B_SPLINE_CURVE_WITH_KNOTS('',1,(#5726,#5727),.UNSPECIFIED.,.F.,
  .F.,(2,2),(-52.,-40.),.PIECEWISE_BEZIER_KNOTS.);
#5726 = CARTESIAN_POINT('',(19.105746587367,-25.));
#5727 = CARTESIAN_POINT('',(19.105746587367,-13.));
#5728 = ( GEOMETRIC_REPRESENTATION_CONTEXT(2) 
PARAMETRIC_REPRESENTATION_CONTEXT() REPRESENTATION_CONTEXT('2D SPACE',''
  ) );
#5729 = ORIENTED_EDGE('',*,*,#5730,.F.);
#5730 = EDGE_CURVE('',#5640,#5710,#5731,.T.);
#5731 = SURFACE_CURVE('',#5732,(#5737,#5744),.PCURVE_S1.);
#5732 = CIRCLE('',#5733,6.5);
#5733 = AXIS2_PLACEMENT_3D('',#5734,#5735,#5736);
#5734 = CARTESIAN_POINT('',(35.355339059327,35.355339059327,76.));
#5735 = DIRECTION('',(0.,0.,-1.));
#5736 = DIRECTION('',(1.,0.,0.));
#5737 = PCURVE('',#1427,#5738);
#5738 = DEFINITIONAL_REPRESENTATION('',(#5739),#5743);
#5739 = LINE('',#5740,#5741);
#5740 = CARTESIAN_POINT('',(-6.28318530718,-51.));
#5741 = VECTOR('',#5742,1.);
#5742 = DIRECTION('',(1.,-0.));
#5743 = ( GEOMETRIC_REPRESENTATION_CONTEXT(2) 
PARAMETRIC_REPRESENTATION_CONTEXT() REPRESENTATION_CONTEXT('2D SPACE',''
  ) );
#5744 = PCURVE('',#3292,#5745);
#5745 = DEFINITIONAL_REPRESENTATION('',(#5746),#5754);
#5746 = ( BOUNDED_CURVE() B_SPLINE_CURVE(2,(#5747,#5748,#5749,#5750,
#5751,#5752,#5753),.UNSPECIFIED.,.T.,.F.) B_SPLINE_CURVE_WITH_KNOTS((1,2
    ,2,2,2,1),(-2.094395102393,0.,2.094395102393,4.188790204786,
6.28318530718,8.377580409573),.UNSPECIFIED.) CURVE() 
GEOMETRIC_REPRESENTATION_ITEM() RATIONAL_B_SPLINE_CURVE((1.,0.5,1.,0.5,
1.,0.5,1.)) REPRESENTATION_ITEM('') );
#5747 = CARTESIAN_POINT('',(-13.65195945096,-60.78612215138));
#5748 = CARTESIAN_POINT('',(-13.65195945096,-72.04445240058));
#5749 = CARTESIAN_POINT('',(-23.40195945096,-66.41528727598));
#5750 = CARTESIAN_POINT('',(-33.15195945096,-60.78612215138));
#5751 = CARTESIAN_POINT('',(-23.40195945096,-55.15695702678));
#5752 = CARTESIAN_POINT('',(-13.65195945096,-49.52779190218));
#5753 = CARTESIAN_POINT('',(-13.65195945096,-60.78612215138));
#5754 = ( GEOMETRIC_REPRESENTATION_CONTEXT(2) 
PARAMETRIC_REPRESENTATION_CONTEXT() REPRESENTATION_CONTEXT('2D SPACE',''
  ) );
#5755 = ORIENTED_EDGE('',*,*,#5639,.T.);
#5756 = ORIENTED_EDGE('',*,*,#1439,.F.);
#5757 = ORIENTED_EDGE('',*,*,#5687,.F.);
#5758 = ORIENTED_EDGE('',*,*,#3927,.T.);
#5759 = ORIENTED_EDGE('',*,*,#5760,.T.);
#5760 = EDGE_CURVE('',#3587,#5761,#5763,.T.);
#5761 = VERTEX_POINT('',#5762);
#5762 = CARTESIAN_POINT('',(34.481284258425,28.914374208855,30.));
#5763 = SURFACE_CURVE('',#5764,(#5768,#5774),.PCURVE_S1.);
#5764 = LINE('',#5765,#5766);
#5765 = CARTESIAN_POINT('',(34.481284258425,28.914374208855,30.));
#5766 = VECTOR('',#5767,1.);
#5767 = DIRECTION('',(-0.,-0.,-1.));
#5768 = PCURVE('',#1427,#5769);
#5769 = DEFINITIONAL_REPRESENTATION('',(#5770),#5773);
#5770 = B_SPLINE_CURVE_WITH_KNOTS('',1,(#5771,#5772),.UNSPECIFIED.,.F.,
  .F.,(2,2),(-18.0000006,5.999999999062E-07),.PIECEWISE_BEZIER_KNOTS.);
#5771 = CARTESIAN_POINT('',(-4.577510426024,-23.0000006));
#5772 = CARTESIAN_POINT('',(-4.577510426024,-4.9999994));
#5773 = ( GEOMETRIC_REPRESENTATION_CONTEXT(2) 
PARAMETRIC_REPRESENTATION_CONTEXT() REPRESENTATION_CONTEXT('2D SPACE',''
  ) );
#5774 = PCURVE('',#3603,#5775);
#5775 = DEFINITIONAL_REPRESENTATION('',(#5776),#5779);
#5776 = B_SPLINE_CURVE_WITH_KNOTS('',1,(#5777,#5778),.UNSPECIFIED.,.F.,
  .F.,(2,2),(-18.0000006,5.999999999062E-07),.PIECEWISE_BEZIER_KNOTS.);
#5777 = CARTESIAN_POINT('',(-0.697810665271,-18.0000006));
#5778 = CARTESIAN_POINT('',(-0.697810665271,5.999999999062E-07));
#5779 = ( GEOMETRIC_REPRESENTATION_CONTEXT(2) 
PARAMETRIC_REPRESENTATION_CONTEXT() REPRESENTATION_CONTEXT('2D SPACE',''
  ) );
#5780 = ORIENTED_EDGE('',*,*,#5781,.T.);
#5781 = EDGE_CURVE('',#5761,#5782,#5784,.T.);
#5782 = VERTEX_POINT('',#5783);
#5783 = CARTESIAN_POINT('',(28.914374208855,34.481284258425,30.));
#5784 = SURFACE_CURVE('',#5785,(#5790,#5797),.PCURVE_S1.);
#5785 = CIRCLE('',#5786,6.5);
#5786 = AXIS2_PLACEMENT_3D('',#5787,#5788,#5789);
#5787 = CARTESIAN_POINT('',(35.355339059327,35.355339059327,30.));
#5788 = DIRECTION('',(0.,0.,-1.));
#5789 = DIRECTION('',(1.,0.,0.));
#5790 = PCURVE('',#1427,#5791);
#5791 = DEFINITIONAL_REPRESENTATION('',(#5792),#5796);
#5792 = LINE('',#5793,#5794);
#5793 = CARTESIAN_POINT('',(-6.28318530718,-5.));
#5794 = VECTOR('',#5795,1.);
#5795 = DIRECTION('',(1.,-0.));
#5796 = ( GEOMETRIC_REPRESENTATION_CONTEXT(2) 
PARAMETRIC_REPRESENTATION_CONTEXT() REPRESENTATION_CONTEXT('2D SPACE',''
  ) );
#5797 = PCURVE('',#5007,#5798);
#5798 = DEFINITIONAL_REPRESENTATION('',(#5799),#5807);
#5799 = ( BOUNDED_CURVE() B_SPLINE_CURVE(2,(#5800,#5801,#5802,#5803,
#5804,#5805,#5806),.UNSPECIFIED.,.T.,.F.) B_SPLINE_CURVE_WITH_KNOTS((1,2
    ,2,2,2,1),(-2.094395102393,0.,2.094395102393,4.188790204786,
6.28318530718,8.377580409573),.UNSPECIFIED.) CURVE() 
GEOMETRIC_REPRESENTATION_ITEM() RATIONAL_B_SPLINE_CURVE((1.,0.5,1.,0.5,
1.,0.5,1.)) REPRESENTATION_ITEM('') );
#5800 = CARTESIAN_POINT('',(41.855339059327,35.355339059327));
#5801 = CARTESIAN_POINT('',(41.855339059327,24.09700881013));
#5802 = CARTESIAN_POINT('',(32.105339059327,29.726173934729));
#5803 = CARTESIAN_POINT('',(22.355339059327,35.355339059327));
#5804 = CARTESIAN_POINT('',(32.105339059327,40.984504183926));
#5805 = CARTESIAN_POINT('',(41.855339059327,46.613669308525));
#5806 = CARTESIAN_POINT('',(41.855339059327,35.355339059327));
#5807 = ( GEOMETRIC_REPRESENTATION_CONTEXT(2) 
PARAMETRIC_REPRESENTATION_CONTEXT() REPRESENTATION_CONTEXT('2D SPACE',''
  ) );
#5808 = ORIENTED_EDGE('',*,*,#5809,.F.);
#5809 = EDGE_CURVE('',#3871,#5782,#5810,.T.);
#5810 = SURFACE_CURVE('',#5811,(#5815,#5821),.PCURVE_S1.);
#5811 = LINE('',#5812,#5813);
#5812 = CARTESIAN_POINT('',(28.914374208855,34.481284258425,30.));
#5813 = VECTOR('',#5814,1.);
#5814 = DIRECTION('',(-0.,-0.,-1.));
#5815 = PCURVE('',#1427,#5816);
#5816 = DEFINITIONAL_REPRESENTATION('',(#5817),#5820);
#5817 = B_SPLINE_CURVE_WITH_KNOTS('',1,(#5818,#5819),.UNSPECIFIED.,.F.,
  .F.,(2,2),(-18.0000006,5.999999999062E-07),.PIECEWISE_BEZIER_KNOTS.);
#5818 = CARTESIAN_POINT('',(-3.276471207951,-23.0000006));
#5819 = CARTESIAN_POINT('',(-3.276471207951,-4.9999994));
#5820 = ( GEOMETRIC_REPRESENTATION_CONTEXT(2) 
PARAMETRIC_REPRESENTATION_CONTEXT() REPRESENTATION_CONTEXT('2D SPACE',''
  ) );
#5821 = PCURVE('',#3887,#5822);
#5822 = DEFINITIONAL_REPRESENTATION('',(#5823),#5826);
#5823 = B_SPLINE_CURVE_WITH_KNOTS('',1,(#5824,#5825),.UNSPECIFIED.,.F.,
  .F.,(2,2),(-18.0000006,5.999999999062E-07),.PIECEWISE_BEZIER_KNOTS.);
#5824 = CARTESIAN_POINT('',(-0.872985661524,-18.0000006));
#5825 = CARTESIAN_POINT('',(-0.872985661524,5.999999999062E-07));
#5826 = ( GEOMETRIC_REPRESENTATION_CONTEXT(2) 
PARAMETRIC_REPRESENTATION_CONTEXT() REPRESENTATION_CONTEXT('2D SPACE',''
  ) );
#5827 = ADVANCED_FACE('',(#5828),#1395,.F.);
#5828 = FACE_BOUND('',#5829,.F.);
#5829 = EDGE_LOOP('',(#5830,#5831,#5832,#5833));
#5830 = ORIENTED_EDGE('',*,*,#3436,.F.);
#5831 = ORIENTED_EDGE('',*,*,#1380,.T.);
#5832 = ORIENTED_EDGE('',*,*,#5709,.F.);
#5833 = ORIENTED_EDGE('',*,*,#5834,.T.);
#5834 = EDGE_CURVE('',#5710,#3437,#5835,.T.);
#5835 = SURFACE_CURVE('',#5836,(#5840,#5847),.PCURVE_S1.);
#5836 = LINE('',#5837,#5838);
#5837 = CARTESIAN_POINT('',(26.660254037844,26.17691453624,76.));
#5838 = VECTOR('',#5839,1.);
#5839 = DIRECTION('',(0.65454986383,0.75601883294,0.));
#5840 = PCURVE('',#1395,#5841);
#5841 = DEFINITIONAL_REPRESENTATION('',(#5842),#5846);
#5842 = LINE('',#5843,#5844);
#5843 = CARTESIAN_POINT('',(0.,-24.));
#5844 = VECTOR('',#5845,1.);
#5845 = DIRECTION('',(1.,0.));
#5846 = ( GEOMETRIC_REPRESENTATION_CONTEXT(2) 
PARAMETRIC_REPRESENTATION_CONTEXT() REPRESENTATION_CONTEXT('2D SPACE',''
  ) );
#5847 = PCURVE('',#3292,#5848);
#5848 = DEFINITIONAL_REPRESENTATION('',(#5849),#5853);
#5849 = LINE('',#5850,#5851);
#5850 = CARTESIAN_POINT('',(-28.84704447244,-69.96454667447));
#5851 = VECTOR('',#5852,1.);
#5852 = DIRECTION('',(0.65454986383,0.75601883294));
#5853 = ( GEOMETRIC_REPRESENTATION_CONTEXT(2) 
PARAMETRIC_REPRESENTATION_CONTEXT() REPRESENTATION_CONTEXT('2D SPACE',''
  ) );
#5854 = ADVANCED_FACE('',(#5855),#1328,.F.);
#5855 = FACE_BOUND('',#5856,.F.);
#5856 = EDGE_LOOP('',(#5857,#5858,#5859,#5860));
#5857 = ORIENTED_EDGE('',*,*,#1313,.T.);
#5858 = ORIENTED_EDGE('',*,*,#3555,.T.);
#5859 = ORIENTED_EDGE('',*,*,#4623,.T.);
#5860 = ORIENTED_EDGE('',*,*,#5861,.F.);
#5861 = EDGE_CURVE('',#1288,#4572,#5862,.T.);
#5862 = SURFACE_CURVE('',#5863,(#5867,#5874),.PCURVE_S1.);
#5863 = LINE('',#5864,#5865);
#5864 = CARTESIAN_POINT('',(36.,10.,52.));
#5865 = VECTOR('',#5866,1.);
#5866 = DIRECTION('',(0.,0.,1.));
#5867 = PCURVE('',#1328,#5868);
#5868 = DEFINITIONAL_REPRESENTATION('',(#5869),#5873);
#5869 = LINE('',#5870,#5871);
#5870 = CARTESIAN_POINT('',(26.476404589747,0.));
#5871 = VECTOR('',#5872,1.);
#5872 = DIRECTION('',(0.,-1.));
#5873 = ( GEOMETRIC_REPRESENTATION_CONTEXT(2) 
PARAMETRIC_REPRESENTATION_CONTEXT() REPRESENTATION_CONTEXT('2D SPACE',''
  ) );
#5874 = PCURVE('',#1302,#5875);
#5875 = DEFINITIONAL_REPRESENTATION('',(#5876),#5880);
#5876 = LINE('',#5877,#5878);
#5877 = CARTESIAN_POINT('',(0.,0.));
#5878 = VECTOR('',#5879,1.);
#5879 = DIRECTION('',(0.,-1.));
#5880 = ( GEOMETRIC_REPRESENTATION_CONTEXT(2) 
PARAMETRIC_REPRESENTATION_CONTEXT() REPRESENTATION_CONTEXT('2D SPACE',''
  ) );
#5881 = ADVANCED_FACE('',(#5882),#1302,.F.);
#5882 = FACE_BOUND('',#5883,.F.);
#5883 = EDGE_LOOP('',(#5884,#5885,#5886,#5887));
#5884 = ORIENTED_EDGE('',*,*,#1287,.T.);
#5885 = ORIENTED_EDGE('',*,*,#5861,.T.);
#5886 = ORIENTED_EDGE('',*,*,#4571,.T.);
#5887 = ORIENTED_EDGE('',*,*,#4648,.F.);
#5888 = ADVANCED_FACE('',(#5889),#1234,.F.);
#5889 = FACE_BOUND('',#5890,.F.);
#5890 = EDGE_LOOP('',(#5891,#5912,#5913,#5914));
#5891 = ORIENTED_EDGE('',*,*,#5892,.T.);
#5892 = EDGE_CURVE('',#5893,#1192,#5895,.T.);
#5893 = VERTEX_POINT('',#5894);
#5894 = CARTESIAN_POINT('',(39.165917864973,-40.62121877367,76.));
#5895 = SURFACE_CURVE('',#5896,(#5900,#5906),.PCURVE_S1.);
#5896 = LINE('',#5897,#5898);
#5897 = CARTESIAN_POINT('',(39.165917864973,-40.62121877367,25.));
#5898 = VECTOR('',#5899,1.);
#5899 = DIRECTION('',(-0.,-0.,-1.));
#5900 = PCURVE('',#1234,#5901);
#5901 = DEFINITIONAL_REPRESENTATION('',(#5902),#5905);
#5902 = B_SPLINE_CURVE_WITH_KNOTS('',1,(#5903,#5904),.UNSPECIFIED.,.F.,
  .F.,(2,2),(-52.,-40.),.PIECEWISE_BEZIER_KNOTS.);
#5903 = CARTESIAN_POINT('',(7.37065800238,-25.));
#5904 = CARTESIAN_POINT('',(7.37065800238,-13.));
#5905 = ( GEOMETRIC_REPRESENTATION_CONTEXT(2) 
PARAMETRIC_REPRESENTATION_CONTEXT() REPRESENTATION_CONTEXT('2D SPACE',''
  ) );
#5906 = PCURVE('',#1179,#5907);
#5907 = DEFINITIONAL_REPRESENTATION('',(#5908),#5911);
#5908 = B_SPLINE_CURVE_WITH_KNOTS('',1,(#5909,#5910),.UNSPECIFIED.,.F.,
  .F.,(2,2),(-52.,-40.),.PIECEWISE_BEZIER_KNOTS.);
#5909 = CARTESIAN_POINT('',(-5.338802367755,-52.));
#5910 = CARTESIAN_POINT('',(-5.338802367755,-40.));
#5911 = ( GEOMETRIC_REPRESENTATION_CONTEXT(2) 
PARAMETRIC_REPRESENTATION_CONTEXT() REPRESENTATION_CONTEXT('2D SPACE',''
  ) );
#5912 = ORIENTED_EDGE('',*,*,#1219,.T.);
#5913 = ORIENTED_EDGE('',*,*,#2172,.T.);
#5914 = ORIENTED_EDGE('',*,*,#5915,.T.);
#5915 = EDGE_CURVE('',#2145,#5893,#5916,.T.);
#5916 = SURFACE_CURVE('',#5917,(#5921,#5928),.PCURVE_S1.);
#5917 = LINE('',#5918,#5919);
#5918 = CARTESIAN_POINT('',(43.990381056767,-46.19357503463,76.));
#5919 = VECTOR('',#5920,1.);
#5920 = DIRECTION('',(-0.65454986383,0.75601883294,0.));
#5921 = PCURVE('',#1234,#5922);
#5922 = DEFINITIONAL_REPRESENTATION('',(#5923),#5927);
#5923 = LINE('',#5924,#5925);
#5924 = CARTESIAN_POINT('',(0.,-24.));
#5925 = VECTOR('',#5926,1.);
#5926 = DIRECTION('',(1.,0.));
#5927 = ( GEOMETRIC_REPRESENTATION_CONTEXT(2) 
PARAMETRIC_REPRESENTATION_CONTEXT() REPRESENTATION_CONTEXT('2D SPACE',''
  ) );
#5928 = PCURVE('',#2160,#5929);
#5929 = DEFINITIONAL_REPRESENTATION('',(#5930),#5934);
#5930 = LINE('',#5931,#5932);
#5931 = CARTESIAN_POINT('',(-11.51691745352,49.947886176077));
#5932 = VECTOR('',#5933,1.);
#5933 = DIRECTION('',(-0.65454986383,0.75601883294));
#5934 = ( GEOMETRIC_REPRESENTATION_CONTEXT(2) 
PARAMETRIC_REPRESENTATION_CONTEXT() REPRESENTATION_CONTEXT('2D SPACE',''
  ) );
#5935 = ADVANCED_FACE('',(#5936),#1179,.F.);
#5936 = FACE_BOUND('',#5937,.T.);
#5937 = EDGE_LOOP('',(#5938,#5939,#5960,#5961,#5982,#6008,#6009,#6010,
    #6011,#6012,#6033,#6061));
#5938 = ORIENTED_EDGE('',*,*,#3644,.T.);
#5939 = ORIENTED_EDGE('',*,*,#5940,.T.);
#5940 = EDGE_CURVE('',#3645,#1159,#5941,.T.);
#5941 = SEAM_CURVE('',#5942,(#5946,#5953),.PCURVE_S1.);
#5942 = LINE('',#5943,#5944);
#5943 = CARTESIAN_POINT('',(41.855339059327,-35.35533905932,25.));
#5944 = VECTOR('',#5945,1.);
#5945 = DIRECTION('',(0.,0.,1.));
#5946 = PCURVE('',#1179,#5947);
#5947 = DEFINITIONAL_REPRESENTATION('',(#5948),#5952);
#5948 = LINE('',#5949,#5950);
#5949 = CARTESIAN_POINT('',(-6.28318530718,0.));
#5950 = VECTOR('',#5951,1.);
#5951 = DIRECTION('',(-0.,-1.));
#5952 = ( GEOMETRIC_REPRESENTATION_CONTEXT(2) 
PARAMETRIC_REPRESENTATION_CONTEXT() REPRESENTATION_CONTEXT('2D SPACE',''
  ) );
#5953 = PCURVE('',#1179,#5954);
#5954 = DEFINITIONAL_REPRESENTATION('',(#5955),#5959);
#5955 = LINE('',#5956,#5957);
#5956 = CARTESIAN_POINT('',(-0.,0.));
#5957 = VECTOR('',#5958,1.);
#5958 = DIRECTION('',(-0.,-1.));
#5959 = ( GEOMETRIC_REPRESENTATION_CONTEXT(2) 
PARAMETRIC_REPRESENTATION_CONTEXT() REPRESENTATION_CONTEXT('2D SPACE',''
  ) );
#5960 = ORIENTED_EDGE('',*,*,#1158,.F.);
#5961 = ORIENTED_EDGE('',*,*,#5962,.F.);
#5962 = EDGE_CURVE('',#5963,#1133,#5965,.T.);
#5963 = VERTEX_POINT('',#5964);
#5964 = CARTESIAN_POINT('',(30.689080737277,-30.83029394663,76.));
#5965 = SURFACE_CURVE('',#5966,(#5970,#5976),.PCURVE_S1.);
#5966 = LINE('',#5967,#5968);
#5967 = CARTESIAN_POINT('',(30.689080737277,-30.83029394663,25.));
#5968 = VECTOR('',#5969,1.);
#5969 = DIRECTION('',(-0.,-0.,-1.));
#5970 = PCURVE('',#1179,#5971);
#5971 = DEFINITIONAL_REPRESENTATION('',(#5972),#5975);
#5972 = B_SPLINE_CURVE_WITH_KNOTS('',1,(#5973,#5974),.UNSPECIFIED.,.F.,
  .F.,(2,2),(-52.,-40.),.PIECEWISE_BEZIER_KNOTS.);
#5973 = CARTESIAN_POINT('',(-2.371557066458,-52.));
#5974 = CARTESIAN_POINT('',(-2.371557066458,-40.));
#5975 = ( GEOMETRIC_REPRESENTATION_CONTEXT(2) 
PARAMETRIC_REPRESENTATION_CONTEXT() REPRESENTATION_CONTEXT('2D SPACE',''
  ) );
#5976 = PCURVE('',#1147,#5977);
#5977 = DEFINITIONAL_REPRESENTATION('',(#5978),#5981);
#5978 = B_SPLINE_CURVE_WITH_KNOTS('',1,(#5979,#5980),.UNSPECIFIED.,.F.,
  .F.,(2,2),(-52.,-40.),.PIECEWISE_BEZIER_KNOTS.);
#5979 = CARTESIAN_POINT('',(20.321294151164,-25.));
#5980 = CARTESIAN_POINT('',(20.321294151164,-13.));
#5981 = ( GEOMETRIC_REPRESENTATION_CONTEXT(2) 
PARAMETRIC_REPRESENTATION_CONTEXT() REPRESENTATION_CONTEXT('2D SPACE',''
  ) );
#5982 = ORIENTED_EDGE('',*,*,#5983,.F.);
#5983 = EDGE_CURVE('',#5893,#5963,#5984,.T.);
#5984 = SURFACE_CURVE('',#5985,(#5990,#5997),.PCURVE_S1.);
#5985 = CIRCLE('',#5986,6.5);
#5986 = AXIS2_PLACEMENT_3D('',#5987,#5988,#5989);
#5987 = CARTESIAN_POINT('',(35.355339059327,-35.35533905932,76.));
#5988 = DIRECTION('',(0.,0.,-1.));
#5989 = DIRECTION('',(1.,0.,0.));
#5990 = PCURVE('',#1179,#5991);
#5991 = DEFINITIONAL_REPRESENTATION('',(#5992),#5996);
#5992 = LINE('',#5993,#5994);
#5993 = CARTESIAN_POINT('',(-6.28318530718,-51.));
#5994 = VECTOR('',#5995,1.);
#5995 = DIRECTION('',(1.,-0.));
#5996 = ( GEOMETRIC_REPRESENTATION_CONTEXT(2) 
PARAMETRIC_REPRESENTATION_CONTEXT() REPRESENTATION_CONTEXT('2D SPACE',''
  ) );
#5997 = PCURVE('',#2160,#5998);
#5998 = DEFINITIONAL_REPRESENTATION('',(#5999),#6007);
#5999 = ( BOUNDED_CURVE() B_SPLINE_CURVE(2,(#6000,#6001,#6002,#6003,
#6004,#6005,#6006),.UNSPECIFIED.,.T.,.F.) B_SPLINE_CURVE_WITH_KNOTS((1,2
    ,2,2,2,1),(-2.094395102393,0.,2.094395102393,4.188790204786,
6.28318530718,8.377580409573),.UNSPECIFIED.) CURVE() 
GEOMETRIC_REPRESENTATION_ITEM() RATIONAL_B_SPLINE_CURVE((1.,0.5,1.,0.5,
1.,0.5,1.)) REPRESENTATION_ITEM('') );
#6000 = CARTESIAN_POINT('',(-13.65195945096,60.786122151385));
#6001 = CARTESIAN_POINT('',(-13.65195945096,49.527791902187));
#6002 = CARTESIAN_POINT('',(-23.40195945096,55.156957026786));
#6003 = CARTESIAN_POINT('',(-33.15195945096,60.786122151385));
#6004 = CARTESIAN_POINT('',(-23.40195945096,66.415287275984));
#6005 = CARTESIAN_POINT('',(-13.65195945096,72.044452400582));
#6006 = CARTESIAN_POINT('',(-13.65195945096,60.786122151385));
#6007 = ( GEOMETRIC_REPRESENTATION_CONTEXT(2) 
PARAMETRIC_REPRESENTATION_CONTEXT() REPRESENTATION_CONTEXT('2D SPACE',''
  ) );
#6008 = ORIENTED_EDGE('',*,*,#5892,.T.);
#6009 = ORIENTED_EDGE('',*,*,#1191,.F.);
#6010 = ORIENTED_EDGE('',*,*,#5940,.F.);
#6011 = ORIENTED_EDGE('',*,*,#3672,.T.);
#6012 = ORIENTED_EDGE('',*,*,#6013,.T.);
#6013 = EDGE_CURVE('',#3673,#6014,#6016,.T.);
#6014 = VERTEX_POINT('',#6015);
#6015 = CARTESIAN_POINT('',(28.914374208855,-34.48128425842,30.));
#6016 = SURFACE_CURVE('',#6017,(#6021,#6027),.PCURVE_S1.);
#6017 = LINE('',#6018,#6019);
#6018 = CARTESIAN_POINT('',(28.914374208855,-34.48128425842,30.));
#6019 = VECTOR('',#6020,1.);
#6020 = DIRECTION('',(-0.,-0.,-1.));
#6021 = PCURVE('',#1179,#6022);
#6022 = DEFINITIONAL_REPRESENTATION('',(#6023),#6026);
#6023 = B_SPLINE_CURVE_WITH_KNOTS('',1,(#6024,#6025),.UNSPECIFIED.,.F.,
  .F.,(2,2),(-18.0000006,5.999999999062E-07),.PIECEWISE_BEZIER_KNOTS.);
#6024 = CARTESIAN_POINT('',(-3.006714099229,-23.0000006));
#6025 = CARTESIAN_POINT('',(-3.006714099229,-4.9999994));
#6026 = ( GEOMETRIC_REPRESENTATION_CONTEXT(2) 
PARAMETRIC_REPRESENTATION_CONTEXT() REPRESENTATION_CONTEXT('2D SPACE',''
  ) );
#6027 = PCURVE('',#3717,#6028);
#6028 = DEFINITIONAL_REPRESENTATION('',(#6029),#6032);
#6029 = B_SPLINE_CURVE_WITH_KNOTS('',1,(#6030,#6031),.UNSPECIFIED.,.F.,
  .F.,(2,2),(-18.0000006,5.999999999062E-07),.PIECEWISE_BEZIER_KNOTS.);
#6030 = CARTESIAN_POINT('',(-5.410199645656,-18.0000006));
#6031 = CARTESIAN_POINT('',(-5.410199645656,5.999999999062E-07));
#6032 = ( GEOMETRIC_REPRESENTATION_CONTEXT(2) 
PARAMETRIC_REPRESENTATION_CONTEXT() REPRESENTATION_CONTEXT('2D SPACE',''
  ) );
#6033 = ORIENTED_EDGE('',*,*,#6034,.T.);
#6034 = EDGE_CURVE('',#6014,#6035,#6037,.T.);
#6035 = VERTEX_POINT('',#6036);
#6036 = CARTESIAN_POINT('',(34.481284258425,-28.91437420885,30.));
#6037 = SURFACE_CURVE('',#6038,(#6043,#6050),.PCURVE_S1.);
#6038 = CIRCLE('',#6039,6.5);
#6039 = AXIS2_PLACEMENT_3D('',#6040,#6041,#6042);
#6040 = CARTESIAN_POINT('',(35.355339059327,-35.35533905932,30.));
#6041 = DIRECTION('',(0.,0.,-1.));
#6042 = DIRECTION('',(1.,0.,0.));
#6043 = PCURVE('',#1179,#6044);
#6044 = DEFINITIONAL_REPRESENTATION('',(#6045),#6049);
#6045 = LINE('',#6046,#6047);
#6046 = CARTESIAN_POINT('',(-6.28318530718,-5.));
#6047 = VECTOR('',#6048,1.);
#6048 = DIRECTION('',(1.,-0.));
#6049 = ( GEOMETRIC_REPRESENTATION_CONTEXT(2) 
PARAMETRIC_REPRESENTATION_CONTEXT() REPRESENTATION_CONTEXT('2D SPACE',''
  ) );
#6050 = PCURVE('',#5007,#6051);
#6051 = DEFINITIONAL_REPRESENTATION('',(#6052),#6060);
#6052 = ( BOUNDED_CURVE() B_SPLINE_CURVE(2,(#6053,#6054,#6055,#6056,
#6057,#6058,#6059),.UNSPECIFIED.,.T.,.F.) B_SPLINE_CURVE_WITH_KNOTS((1,2
    ,2,2,2,1),(-2.094395102393,0.,2.094395102393,4.188790204786,
6.28318530718,8.377580409573),.UNSPECIFIED.) CURVE() 
GEOMETRIC_REPRESENTATION_ITEM() RATIONAL_B_SPLINE_CURVE((1.,0.5,1.,0.5,
1.,0.5,1.)) REPRESENTATION_ITEM('') );
#6053 = CARTESIAN_POINT('',(41.855339059327,-35.35533905932));
#6054 = CARTESIAN_POINT('',(41.855339059327,-46.61366930852));
#6055 = CARTESIAN_POINT('',(32.105339059327,-40.98450418392));
#6056 = CARTESIAN_POINT('',(22.355339059327,-35.35533905932));
#6057 = CARTESIAN_POINT('',(32.105339059327,-29.72617393472));
#6058 = CARTESIAN_POINT('',(41.855339059327,-24.09700881013));
#6059 = CARTESIAN_POINT('',(41.855339059327,-35.35533905932));
#6060 = ( GEOMETRIC_REPRESENTATION_CONTEXT(2) 
PARAMETRIC_REPRESENTATION_CONTEXT() REPRESENTATION_CONTEXT('2D SPACE',''
  ) );
#6061 = ORIENTED_EDGE('',*,*,#6062,.F.);
#6062 = EDGE_CURVE('',#3616,#6035,#6063,.T.);
#6063 = SURFACE_CURVE('',#6064,(#6068,#6074),.PCURVE_S1.);
#6064 = LINE('',#6065,#6066);
#6065 = CARTESIAN_POINT('',(34.481284258425,-28.91437420885,30.));
#6066 = VECTOR('',#6067,1.);
#6067 = DIRECTION('',(-0.,-0.,-1.));
#6068 = PCURVE('',#1179,#6069);
#6069 = DEFINITIONAL_REPRESENTATION('',(#6070),#6073);
#6070 = B_SPLINE_CURVE_WITH_KNOTS('',1,(#6071,#6072),.UNSPECIFIED.,.F.,
  .F.,(2,2),(-18.0000006,5.999999999062E-07),.PIECEWISE_BEZIER_KNOTS.);
#6071 = CARTESIAN_POINT('',(-1.705674881156,-23.0000006));
#6072 = CARTESIAN_POINT('',(-1.705674881156,-4.9999994));
#6073 = ( GEOMETRIC_REPRESENTATION_CONTEXT(2) 
PARAMETRIC_REPRESENTATION_CONTEXT() REPRESENTATION_CONTEXT('2D SPACE',''
  ) );
#6074 = PCURVE('',#3632,#6075);
#6075 = DEFINITIONAL_REPRESENTATION('',(#6076),#6079);
#6076 = B_SPLINE_CURVE_WITH_KNOTS('',1,(#6077,#6078),.UNSPECIFIED.,.F.,
  .F.,(2,2),(-18.0000006,5.999999999062E-07),.PIECEWISE_BEZIER_KNOTS.);
#6077 = CARTESIAN_POINT('',(-5.585374641908,-18.0000006));
#6078 = CARTESIAN_POINT('',(-5.585374641908,5.999999999062E-07));
#6079 = ( GEOMETRIC_REPRESENTATION_CONTEXT(2) 
PARAMETRIC_REPRESENTATION_CONTEXT() REPRESENTATION_CONTEXT('2D SPACE',''
  ) );
#6080 = ADVANCED_FACE('',(#6081),#1147,.F.);
#6081 = FACE_BOUND('',#6082,.F.);
#6082 = EDGE_LOOP('',(#6083,#6106,#6107,#6108));
#6083 = ORIENTED_EDGE('',*,*,#6084,.F.);
#6084 = EDGE_CURVE('',#1107,#6085,#6087,.T.);
#6085 = VERTEX_POINT('',#6086);
#6086 = CARTESIAN_POINT('',(26.660254037844,-26.17691453624,76.));
#6087 = SURFACE_CURVE('',#6088,(#6092,#6099),.PCURVE_S1.);
#6088 = LINE('',#6089,#6090);
#6089 = CARTESIAN_POINT('',(26.660254037844,-26.17691453624,52.));
#6090 = VECTOR('',#6091,1.);
#6091 = DIRECTION('',(0.,0.,1.));
#6092 = PCURVE('',#1147,#6093);
#6093 = DEFINITIONAL_REPRESENTATION('',(#6094),#6098);
#6094 = LINE('',#6095,#6096);
#6095 = CARTESIAN_POINT('',(26.476404589747,0.));
#6096 = VECTOR('',#6097,1.);
#6097 = DIRECTION('',(0.,-1.));
#6098 = ( GEOMETRIC_REPRESENTATION_CONTEXT(2) 
PARAMETRIC_REPRESENTATION_CONTEXT() REPRESENTATION_CONTEXT('2D SPACE',''
  ) );
#6099 = PCURVE('',#1121,#6100);
#6100 = DEFINITIONAL_REPRESENTATION('',(#6101),#6105);
#6101 = LINE('',#6102,#6103);
#6102 = CARTESIAN_POINT('',(0.,0.));
#6103 = VECTOR('',#6104,1.);
#6104 = DIRECTION('',(0.,-1.));
#6105 = ( GEOMETRIC_REPRESENTATION_CONTEXT(2) 
PARAMETRIC_REPRESENTATION_CONTEXT() REPRESENTATION_CONTEXT('2D SPACE',''
  ) );
#6106 = ORIENTED_EDGE('',*,*,#1132,.T.);
#6107 = ORIENTED_EDGE('',*,*,#5962,.F.);
#6108 = ORIENTED_EDGE('',*,*,#6109,.T.);
#6109 = EDGE_CURVE('',#5963,#6085,#6110,.T.);
#6110 = SURFACE_CURVE('',#6111,(#6115,#6122),.PCURVE_S1.);
#6111 = LINE('',#6112,#6113);
#6112 = CARTESIAN_POINT('',(43.990381056767,-46.19357503463,76.));
#6113 = VECTOR('',#6114,1.);
#6114 = DIRECTION('',(-0.65454986383,0.75601883294,0.));
#6115 = PCURVE('',#1147,#6116);
#6116 = DEFINITIONAL_REPRESENTATION('',(#6117),#6121);
#6117 = LINE('',#6118,#6119);
#6118 = CARTESIAN_POINT('',(0.,-24.));
#6119 = VECTOR('',#6120,1.);
#6120 = DIRECTION('',(1.,0.));
#6121 = ( GEOMETRIC_REPRESENTATION_CONTEXT(2) 
PARAMETRIC_REPRESENTATION_CONTEXT() REPRESENTATION_CONTEXT('2D SPACE',''
  ) );
#6122 = PCURVE('',#2160,#6123);
#6123 = DEFINITIONAL_REPRESENTATION('',(#6124),#6128);
#6124 = LINE('',#6125,#6126);
#6125 = CARTESIAN_POINT('',(-11.51691745352,49.947886176077));
#6126 = VECTOR('',#6127,1.);
#6127 = DIRECTION('',(-0.65454986383,0.75601883294));
#6128 = ( GEOMETRIC_REPRESENTATION_CONTEXT(2) 
PARAMETRIC_REPRESENTATION_CONTEXT() REPRESENTATION_CONTEXT('2D SPACE',''
  ) );
#6129 = ADVANCED_FACE('',(#6130),#1121,.F.);
#6130 = FACE_BOUND('',#6131,.F.);
#6131 = EDGE_LOOP('',(#6132,#6133,#6134,#6155));
#6132 = ORIENTED_EDGE('',*,*,#1106,.T.);
#6133 = ORIENTED_EDGE('',*,*,#6084,.T.);
#6134 = ORIENTED_EDGE('',*,*,#6135,.T.);
#6135 = EDGE_CURVE('',#6085,#4676,#6136,.T.);
#6136 = SURFACE_CURVE('',#6137,(#6141,#6148),.PCURVE_S1.);
#6137 = LINE('',#6138,#6139);
#6138 = CARTESIAN_POINT('',(26.660254037844,-26.17691453624,76.));
#6139 = VECTOR('',#6140,1.);
#6140 = DIRECTION('',(-0.866025403784,-0.5,0.));
#6141 = PCURVE('',#1121,#6142);
#6142 = DEFINITIONAL_REPRESENTATION('',(#6143),#6147);
#6143 = LINE('',#6144,#6145);
#6144 = CARTESIAN_POINT('',(0.,-24.));
#6145 = VECTOR('',#6146,1.);
#6146 = DIRECTION('',(1.,0.));
#6147 = ( GEOMETRIC_REPRESENTATION_CONTEXT(2) 
PARAMETRIC_REPRESENTATION_CONTEXT() REPRESENTATION_CONTEXT('2D SPACE',''
  ) );
#6148 = PCURVE('',#2160,#6149);
#6149 = DEFINITIONAL_REPRESENTATION('',(#6150),#6154);
#6150 = LINE('',#6151,#6152);
#6151 = CARTESIAN_POINT('',(-28.84704447244,69.964546674472));
#6152 = VECTOR('',#6153,1.);
#6153 = DIRECTION('',(-0.866025403784,-0.5));
#6154 = ( GEOMETRIC_REPRESENTATION_CONTEXT(2) 
PARAMETRIC_REPRESENTATION_CONTEXT() REPRESENTATION_CONTEXT('2D SPACE',''
  ) );
#6155 = ORIENTED_EDGE('',*,*,#4675,.F.);
#6156 = ADVANCED_FACE('',(#6157),#2078,.F.);
#6157 = FACE_BOUND('',#6158,.T.);
#6158 = EDGE_LOOP('',(#6159,#6160,#6183,#6205));
#6159 = ORIENTED_EDGE('',*,*,#2061,.T.);
#6160 = ORIENTED_EDGE('',*,*,#6161,.T.);
#6161 = EDGE_CURVE('',#2062,#6162,#6164,.T.);
#6162 = VERTEX_POINT('',#6163);
#6163 = CARTESIAN_POINT('',(28.55,6.315935428979E-16,30.));
#6164 = SEAM_CURVE('',#6165,(#6169,#6176),.PCURVE_S1.);
#6165 = LINE('',#6166,#6167);
#6166 = CARTESIAN_POINT('',(28.55,3.072617235719E-15,66.));
#6167 = VECTOR('',#6168,1.);
#6168 = DIRECTION('',(-3.848773152034E-15,-6.780621368949E-17,-1.));
#6169 = PCURVE('',#2078,#6170);
#6170 = DEFINITIONAL_REPRESENTATION('',(#6171),#6175);
#6171 = LINE('',#6172,#6173);
#6172 = CARTESIAN_POINT('',(-6.28318530718,-18.));
#6173 = VECTOR('',#6174,1.);
#6174 = DIRECTION('',(0.,1.));
#6175 = ( GEOMETRIC_REPRESENTATION_CONTEXT(2) 
PARAMETRIC_REPRESENTATION_CONTEXT() REPRESENTATION_CONTEXT('2D SPACE',''
  ) );
#6176 = PCURVE('',#2078,#6177);
#6177 = DEFINITIONAL_REPRESENTATION('',(#6178),#6182);
#6178 = LINE('',#6179,#6180);
#6179 = CARTESIAN_POINT('',(-0.,-18.));
#6180 = VECTOR('',#6181,1.);
#6181 = DIRECTION('',(0.,1.));
#6182 = ( GEOMETRIC_REPRESENTATION_CONTEXT(2) 
PARAMETRIC_REPRESENTATION_CONTEXT() REPRESENTATION_CONTEXT('2D SPACE',''
  ) );
#6183 = ORIENTED_EDGE('',*,*,#6184,.F.);
#6184 = EDGE_CURVE('',#6162,#6162,#6185,.T.);
#6185 = SURFACE_CURVE('',#6186,(#6191,#6198),.PCURVE_S1.);
#6186 = CIRCLE('',#6187,28.55);
#6187 = AXIS2_PLACEMENT_3D('',#6188,#6189,#6190);
#6188 = CARTESIAN_POINT('',(2.122154304137E-13,6.315935428979E-16,30.));
#6189 = DIRECTION('',(0.,0.,1.));
#6190 = DIRECTION('',(1.,0.,0.));
#6191 = PCURVE('',#2078,#6192);
#6192 = DEFINITIONAL_REPRESENTATION('',(#6193),#6197);
#6193 = LINE('',#6194,#6195);
#6194 = CARTESIAN_POINT('',(-0.,18.));
#6195 = VECTOR('',#6196,1.);
#6196 = DIRECTION('',(-1.,0.));
#6197 = ( GEOMETRIC_REPRESENTATION_CONTEXT(2) 
PARAMETRIC_REPRESENTATION_CONTEXT() REPRESENTATION_CONTEXT('2D SPACE',''
  ) );
#6198 = PCURVE('',#5007,#6199);
#6199 = DEFINITIONAL_REPRESENTATION('',(#6200),#6204);
#6200 = CIRCLE('',#6201,28.55);
#6201 = AXIS2_PLACEMENT_2D('',#6202,#6203);
#6202 = CARTESIAN_POINT('',(2.141602341577E-13,5.237599975628E-16));
#6203 = DIRECTION('',(1.,0.));
#6204 = ( GEOMETRIC_REPRESENTATION_CONTEXT(2) 
PARAMETRIC_REPRESENTATION_CONTEXT() REPRESENTATION_CONTEXT('2D SPACE',''
  ) );
#6205 = ORIENTED_EDGE('',*,*,#6161,.F.);
#6206 = ADVANCED_FACE('',(#6207),#2160,.T.);
#6207 = FACE_BOUND('',#6208,.T.);
#6208 = EDGE_LOOP('',(#6209,#6210,#6211,#6212,#6213,#6234,#6235,#6256,
    #6257,#6258));
#6209 = ORIENTED_EDGE('',*,*,#6109,.T.);
#6210 = ORIENTED_EDGE('',*,*,#6135,.T.);
#6211 = ORIENTED_EDGE('',*,*,#4698,.T.);
#6212 = ORIENTED_EDGE('',*,*,#2327,.T.);
#6213 = ORIENTED_EDGE('',*,*,#6214,.T.);
#6214 = EDGE_CURVE('',#2328,#4475,#6215,.T.);
#6215 = SURFACE_CURVE('',#6216,(#6220,#6227),.PCURVE_S1.);
#6216 = LINE('',#6217,#6218);
#6217 = CARTESIAN_POINT('',(70.41154273188,-157.9563694509,76.));
#6218 = VECTOR('',#6219,1.);
#6219 = DIRECTION('',(0.868254558784,-0.496118958669,0.));
#6220 = PCURVE('',#2160,#6221);
#6221 = DEFINITIONAL_REPRESENTATION('',(#6222),#6226);
#6222 = LINE('',#6223,#6224);
#6223 = CARTESIAN_POINT('',(14.904244221592,-61.81490824021));
#6224 = VECTOR('',#6225,1.);
#6225 = DIRECTION('',(0.868254558784,-0.496118958669));
#6226 = ( GEOMETRIC_REPRESENTATION_CONTEXT(2) 
PARAMETRIC_REPRESENTATION_CONTEXT() REPRESENTATION_CONTEXT('2D SPACE',''
  ) );
#6227 = PCURVE('',#2238,#6228);
#6228 = DEFINITIONAL_REPRESENTATION('',(#6229),#6233);
#6229 = LINE('',#6230,#6231);
#6230 = CARTESIAN_POINT('',(0.,-24.));
#6231 = VECTOR('',#6232,1.);
#6232 = DIRECTION('',(1.,0.));
#6233 = ( GEOMETRIC_REPRESENTATION_CONTEXT(2) 
PARAMETRIC_REPRESENTATION_CONTEXT() REPRESENTATION_CONTEXT('2D SPACE',''
  ) );
#6234 = ORIENTED_EDGE('',*,*,#4472,.F.);
#6235 = ORIENTED_EDGE('',*,*,#6236,.T.);
#6236 = EDGE_CURVE('',#4473,#2117,#6237,.T.);
#6237 = SURFACE_CURVE('',#6238,(#6242,#6249),.PCURVE_S1.);
#6238 = LINE('',#6239,#6240);
#6239 = CARTESIAN_POINT('',(101.52627944162,-153.8486742963,76.));
#6240 = VECTOR('',#6241,1.);
#6241 = DIRECTION('',(4.475657885559E-03,0.999989984193,0.));
#6242 = PCURVE('',#2160,#6243);
#6243 = DEFINITIONAL_REPRESENTATION('',(#6244),#6248);
#6244 = LINE('',#6245,#6246);
#6245 = CARTESIAN_POINT('',(46.01898093134,-57.70721308562));
#6246 = VECTOR('',#6247,1.);
#6247 = DIRECTION('',(4.475657885559E-03,0.999989984193));
#6248 = ( GEOMETRIC_REPRESENTATION_CONTEXT(2) 
PARAMETRIC_REPRESENTATION_CONTEXT() REPRESENTATION_CONTEXT('2D SPACE',''
  ) );
#6249 = PCURVE('',#2132,#6250);
#6250 = DEFINITIONAL_REPRESENTATION('',(#6251),#6255);
#6251 = LINE('',#6252,#6253);
#6252 = CARTESIAN_POINT('',(0.,-24.));
#6253 = VECTOR('',#6254,1.);
#6254 = DIRECTION('',(1.,0.));
#6255 = ( GEOMETRIC_REPRESENTATION_CONTEXT(2) 
PARAMETRIC_REPRESENTATION_CONTEXT() REPRESENTATION_CONTEXT('2D SPACE',''
  ) );
#6256 = ORIENTED_EDGE('',*,*,#2144,.T.);
#6257 = ORIENTED_EDGE('',*,*,#5915,.T.);
#6258 = ORIENTED_EDGE('',*,*,#5983,.T.);
#6259 = ADVANCED_FACE('',(#6260),#2132,.F.);
#6260 = FACE_BOUND('',#6261,.F.);
#6261 = EDGE_LOOP('',(#6262,#6263,#6264,#6265));
#6262 = ORIENTED_EDGE('',*,*,#2278,.F.);
#6263 = ORIENTED_EDGE('',*,*,#4522,.F.);
#6264 = ORIENTED_EDGE('',*,*,#6236,.T.);
#6265 = ORIENTED_EDGE('',*,*,#2116,.F.);
#6266 = ADVANCED_FACE('',(#6267),#2238,.F.);
#6267 = FACE_BOUND('',#6268,.F.);
#6268 = EDGE_LOOP('',(#6269,#6270,#6271,#6272));
#6269 = ORIENTED_EDGE('',*,*,#2222,.F.);
#6270 = ORIENTED_EDGE('',*,*,#2350,.T.);
#6271 = ORIENTED_EDGE('',*,*,#6214,.T.);
#6272 = ORIENTED_EDGE('',*,*,#4502,.T.);
#6273 = ADVANCED_FACE('',(#6274),#2443,.T.);
#6274 = FACE_BOUND('',#6275,.T.);
#6275 = EDGE_LOOP('',(#6276,#6277,#6278,#6279,#6280,#6281,#6282,#6283,
    #6304,#6305,#6326));
#6276 = ORIENTED_EDGE('',*,*,#4725,.T.);
#6277 = ORIENTED_EDGE('',*,*,#4774,.T.);
#6278 = ORIENTED_EDGE('',*,*,#4844,.T.);
#6279 = ORIENTED_EDGE('',*,*,#4892,.T.);
#6280 = ORIENTED_EDGE('',*,*,#4941,.T.);
#6281 = ORIENTED_EDGE('',*,*,#5048,.T.);
#6282 = ORIENTED_EDGE('',*,*,#2610,.T.);
#6283 = ORIENTED_EDGE('',*,*,#6284,.T.);
#6284 = EDGE_CURVE('',#2611,#4404,#6285,.T.);
#6285 = SURFACE_CURVE('',#6286,(#6290,#6297),.PCURVE_S1.);
#6286 = LINE('',#6287,#6288);
#6287 = CARTESIAN_POINT('',(-101.5884572681,-139.9563694509,76.));
#6288 = VECTOR('',#6289,1.);
#6289 = DIRECTION('',(4.475657885559E-03,-0.999989984193,0.));
#6290 = PCURVE('',#2443,#6291);
#6291 = DEFINITIONAL_REPRESENTATION('',(#6292),#6296);
#6292 = LINE('',#6293,#6294);
#6293 = CARTESIAN_POINT('',(-46.08115875783,-43.81490824021));
#6294 = VECTOR('',#6295,1.);
#6295 = DIRECTION('',(4.475657885559E-03,-0.999989984193));
#6296 = ( GEOMETRIC_REPRESENTATION_CONTEXT(2) 
PARAMETRIC_REPRESENTATION_CONTEXT() REPRESENTATION_CONTEXT('2D SPACE',''
  ) );
#6297 = PCURVE('',#2521,#6298);
#6298 = DEFINITIONAL_REPRESENTATION('',(#6299),#6303);
#6299 = LINE('',#6300,#6301);
#6300 = CARTESIAN_POINT('',(0.,-24.));
#6301 = VECTOR('',#6302,1.);
#6302 = DIRECTION('',(1.,0.));
#6303 = ( GEOMETRIC_REPRESENTATION_CONTEXT(2) 
PARAMETRIC_REPRESENTATION_CONTEXT() REPRESENTATION_CONTEXT('2D SPACE',''
  ) );
#6304 = ORIENTED_EDGE('',*,*,#4401,.F.);
#6305 = ORIENTED_EDGE('',*,*,#6306,.T.);
#6306 = EDGE_CURVE('',#4402,#2400,#6307,.T.);
#6307 = SURFACE_CURVE('',#6308,(#6312,#6319),.PCURVE_S1.);
#6308 = LINE('',#6309,#6310);
#6309 = CARTESIAN_POINT('',(-82.47372055837,-164.8486742963,76.));
#6310 = VECTOR('',#6311,1.);
#6311 = DIRECTION('',(0.868254558784,0.496118958669,0.));
#6312 = PCURVE('',#2443,#6313);
#6313 = DEFINITIONAL_REPRESENTATION('',(#6314),#6318);
#6314 = LINE('',#6315,#6316);
#6315 = CARTESIAN_POINT('',(-26.96642204808,-68.70721308562));
#6316 = VECTOR('',#6317,1.);
#6317 = DIRECTION('',(0.868254558784,0.496118958669));
#6318 = ( GEOMETRIC_REPRESENTATION_CONTEXT(2) 
PARAMETRIC_REPRESENTATION_CONTEXT() REPRESENTATION_CONTEXT('2D SPACE',''
  ) );
#6319 = PCURVE('',#2415,#6320);
#6320 = DEFINITIONAL_REPRESENTATION('',(#6321),#6325);
#6321 = LINE('',#6322,#6323);
#6322 = CARTESIAN_POINT('',(0.,-24.));
#6323 = VECTOR('',#6324,1.);
#6324 = DIRECTION('',(1.,0.));
#6325 = ( GEOMETRIC_REPRESENTATION_CONTEXT(2) 
PARAMETRIC_REPRESENTATION_CONTEXT() REPRESENTATION_CONTEXT('2D SPACE',''
  ) );
#6326 = ORIENTED_EDGE('',*,*,#2427,.T.);
#6327 = ADVANCED_FACE('',(#6328),#2415,.F.);
#6328 = FACE_BOUND('',#6329,.F.);
#6329 = EDGE_LOOP('',(#6330,#6331,#6332,#6333));
#6330 = ORIENTED_EDGE('',*,*,#2561,.F.);
#6331 = ORIENTED_EDGE('',*,*,#4451,.F.);
#6332 = ORIENTED_EDGE('',*,*,#6306,.T.);
#6333 = ORIENTED_EDGE('',*,*,#2399,.F.);
#6334 = ADVANCED_FACE('',(#6335),#2521,.F.);
#6335 = FACE_BOUND('',#6336,.F.);
#6336 = EDGE_LOOP('',(#6337,#6338,#6339,#6340));
#6337 = ORIENTED_EDGE('',*,*,#2505,.F.);
#6338 = ORIENTED_EDGE('',*,*,#2633,.T.);
#6339 = ORIENTED_EDGE('',*,*,#6284,.T.);
#6340 = ORIENTED_EDGE('',*,*,#4431,.T.);
#6341 = ADVANCED_FACE('',(#6342),#2726,.T.);
#6342 = FACE_BOUND('',#6343,.T.);
#6343 = EDGE_LOOP('',(#6344,#6345,#6346,#6347,#6368,#6369,#6390,#6391));
#6344 = ORIENTED_EDGE('',*,*,#5123,.T.);
#6345 = ORIENTED_EDGE('',*,*,#5172,.T.);
#6346 = ORIENTED_EDGE('',*,*,#2893,.T.);
#6347 = ORIENTED_EDGE('',*,*,#6348,.T.);
#6348 = EDGE_CURVE('',#2894,#4333,#6349,.T.);
#6349 = SURFACE_CURVE('',#6350,(#6354,#6361),.PCURVE_S1.);
#6350 = LINE('',#6351,#6352);
#6351 = CARTESIAN_POINT('',(-172.,18.,76.));
#6352 = VECTOR('',#6353,1.);
#6353 = DIRECTION('',(-0.863778900898,-0.503871025524,0.));
#6354 = PCURVE('',#2726,#6355);
#6355 = DEFINITIONAL_REPRESENTATION('',(#6356),#6360);
#6356 = LINE('',#6357,#6358);
#6357 = CARTESIAN_POINT('',(-60.98540297942,18.));
#6358 = VECTOR('',#6359,1.);
#6359 = DIRECTION('',(-0.863778900898,-0.503871025524));
#6360 = ( GEOMETRIC_REPRESENTATION_CONTEXT(2) 
PARAMETRIC_REPRESENTATION_CONTEXT() REPRESENTATION_CONTEXT('2D SPACE',''
  ) );
#6361 = PCURVE('',#2804,#6362);
#6362 = DEFINITIONAL_REPRESENTATION('',(#6363),#6367);
#6363 = LINE('',#6364,#6365);
#6364 = CARTESIAN_POINT('',(0.,-24.));
#6365 = VECTOR('',#6366,1.);
#6366 = DIRECTION('',(1.,0.));
#6367 = ( GEOMETRIC_REPRESENTATION_CONTEXT(2) 
PARAMETRIC_REPRESENTATION_CONTEXT() REPRESENTATION_CONTEXT('2D SPACE',''
  ) );
#6368 = ORIENTED_EDGE('',*,*,#4330,.F.);
#6369 = ORIENTED_EDGE('',*,*,#6370,.T.);
#6370 = EDGE_CURVE('',#4331,#2683,#6371,.T.);
#6371 = SURFACE_CURVE('',#6372,(#6376,#6383),.PCURVE_S1.);
#6372 = LINE('',#6373,#6374);
#6373 = CARTESIAN_POINT('',(-184.,-11.,76.));
#6374 = VECTOR('',#6375,1.);
#6375 = DIRECTION('',(0.863778900898,-0.503871025524,0.));
#6376 = PCURVE('',#2726,#6377);
#6377 = DEFINITIONAL_REPRESENTATION('',(#6378),#6382);
#6378 = LINE('',#6379,#6380);
#6379 = CARTESIAN_POINT('',(-72.98540297942,-11.));
#6380 = VECTOR('',#6381,1.);
#6381 = DIRECTION('',(0.863778900898,-0.503871025524));
#6382 = ( GEOMETRIC_REPRESENTATION_CONTEXT(2) 
PARAMETRIC_REPRESENTATION_CONTEXT() REPRESENTATION_CONTEXT('2D SPACE',''
  ) );
#6383 = PCURVE('',#2698,#6384);
#6384 = DEFINITIONAL_REPRESENTATION('',(#6385),#6389);
#6385 = LINE('',#6386,#6387);
#6386 = CARTESIAN_POINT('',(0.,-24.));
#6387 = VECTOR('',#6388,1.);
#6388 = DIRECTION('',(1.,0.));
#6389 = ( GEOMETRIC_REPRESENTATION_CONTEXT(2) 
PARAMETRIC_REPRESENTATION_CONTEXT() REPRESENTATION_CONTEXT('2D SPACE',''
  ) );
#6390 = ORIENTED_EDGE('',*,*,#2710,.T.);
#6391 = ORIENTED_EDGE('',*,*,#5074,.T.);
#6392 = ADVANCED_FACE('',(#6393),#2698,.F.);
#6393 = FACE_BOUND('',#6394,.F.);
#6394 = EDGE_LOOP('',(#6395,#6396,#6397,#6398));
#6395 = ORIENTED_EDGE('',*,*,#2844,.F.);
#6396 = ORIENTED_EDGE('',*,*,#4380,.F.);
#6397 = ORIENTED_EDGE('',*,*,#6370,.T.);
#6398 = ORIENTED_EDGE('',*,*,#2682,.F.);
#6399 = ADVANCED_FACE('',(#6400),#2804,.F.);
#6400 = FACE_BOUND('',#6401,.F.);
#6401 = EDGE_LOOP('',(#6402,#6403,#6404,#6405));
#6402 = ORIENTED_EDGE('',*,*,#2788,.F.);
#6403 = ORIENTED_EDGE('',*,*,#2916,.T.);
#6404 = ORIENTED_EDGE('',*,*,#6348,.T.);
#6405 = ORIENTED_EDGE('',*,*,#4360,.T.);
#6406 = ADVANCED_FACE('',(#6407),#3009,.T.);
#6407 = FACE_BOUND('',#6408,.T.);
#6408 = EDGE_LOOP('',(#6409,#6410,#6411,#6412,#6413,#6434,#6435,#6456,
    #6457,#6458,#6459));
#6409 = ORIENTED_EDGE('',*,*,#5441,.T.);
#6410 = ORIENTED_EDGE('',*,*,#5467,.T.);
#6411 = ORIENTED_EDGE('',*,*,#5516,.T.);
#6412 = ORIENTED_EDGE('',*,*,#3176,.T.);
#6413 = ORIENTED_EDGE('',*,*,#6414,.T.);
#6414 = EDGE_CURVE('',#3177,#4262,#6415,.T.);
#6415 = SURFACE_CURVE('',#6416,(#6420,#6427),.PCURVE_S1.);
#6416 = LINE('',#6417,#6418);
#6417 = CARTESIAN_POINT('',(-70.41154273188,157.95636945092,76.));
#6418 = VECTOR('',#6419,1.);
#6419 = DIRECTION('',(-0.868254558784,0.496118958669,0.));
#6420 = PCURVE('',#3009,#6421);
#6421 = DEFINITIONAL_REPRESENTATION('',(#6422),#6426);
#6422 = LINE('',#6423,#6424);
#6423 = CARTESIAN_POINT('',(-14.90424422159,61.814908240211));
#6424 = VECTOR('',#6425,1.);
#6425 = DIRECTION('',(-0.868254558784,0.496118958669));
#6426 = ( GEOMETRIC_REPRESENTATION_CONTEXT(2) 
PARAMETRIC_REPRESENTATION_CONTEXT() REPRESENTATION_CONTEXT('2D SPACE',''
  ) );
#6427 = PCURVE('',#3087,#6428);
#6428 = DEFINITIONAL_REPRESENTATION('',(#6429),#6433);
#6429 = LINE('',#6430,#6431);
#6430 = CARTESIAN_POINT('',(0.,-24.));
#6431 = VECTOR('',#6432,1.);
#6432 = DIRECTION('',(1.,0.));
#6433 = ( GEOMETRIC_REPRESENTATION_CONTEXT(2) 
PARAMETRIC_REPRESENTATION_CONTEXT() REPRESENTATION_CONTEXT('2D SPACE',''
  ) );
#6434 = ORIENTED_EDGE('',*,*,#4259,.F.);
#6435 = ORIENTED_EDGE('',*,*,#6436,.T.);
#6436 = EDGE_CURVE('',#4260,#2966,#6437,.T.);
#6437 = SURFACE_CURVE('',#6438,(#6442,#6449),.PCURVE_S1.);
#6438 = LINE('',#6439,#6440);
#6439 = CARTESIAN_POINT('',(-101.5262794416,153.84867429633,76.));
#6440 = VECTOR('',#6441,1.);
#6441 = DIRECTION('',(-4.475657885559E-03,-0.999989984193,0.));
#6442 = PCURVE('',#3009,#6443);
#6443 = DEFINITIONAL_REPRESENTATION('',(#6444),#6448);
#6444 = LINE('',#6445,#6446);
#6445 = CARTESIAN_POINT('',(-46.01898093134,57.707213085625));
#6446 = VECTOR('',#6447,1.);
#6447 = DIRECTION('',(-4.475657885559E-03,-0.999989984193));
#6448 = ( GEOMETRIC_REPRESENTATION_CONTEXT(2) 
PARAMETRIC_REPRESENTATION_CONTEXT() REPRESENTATION_CONTEXT('2D SPACE',''
  ) );
#6449 = PCURVE('',#2981,#6450);
#6450 = DEFINITIONAL_REPRESENTATION('',(#6451),#6455);
#6451 = LINE('',#6452,#6453);
#6452 = CARTESIAN_POINT('',(0.,-24.));
#6453 = VECTOR('',#6454,1.);
#6454 = DIRECTION('',(1.,0.));
#6455 = ( GEOMETRIC_REPRESENTATION_CONTEXT(2) 
PARAMETRIC_REPRESENTATION_CONTEXT() REPRESENTATION_CONTEXT('2D SPACE',''
  ) );
#6456 = ORIENTED_EDGE('',*,*,#2993,.T.);
#6457 = ORIENTED_EDGE('',*,*,#5220,.T.);
#6458 = ORIENTED_EDGE('',*,*,#5268,.T.);
#6459 = ORIENTED_EDGE('',*,*,#5317,.T.);
#6460 = ADVANCED_FACE('',(#6461),#2981,.F.);
#6461 = FACE_BOUND('',#6462,.F.);
#6462 = EDGE_LOOP('',(#6463,#6464,#6465,#6466));
#6463 = ORIENTED_EDGE('',*,*,#3127,.F.);
#6464 = ORIENTED_EDGE('',*,*,#4309,.F.);
#6465 = ORIENTED_EDGE('',*,*,#6436,.T.);
#6466 = ORIENTED_EDGE('',*,*,#2965,.F.);
#6467 = ADVANCED_FACE('',(#6468),#3087,.F.);
#6468 = FACE_BOUND('',#6469,.F.);
#6469 = EDGE_LOOP('',(#6470,#6471,#6472,#6473));
#6470 = ORIENTED_EDGE('',*,*,#3071,.F.);
#6471 = ORIENTED_EDGE('',*,*,#3199,.T.);
#6472 = ORIENTED_EDGE('',*,*,#6414,.T.);
#6473 = ORIENTED_EDGE('',*,*,#4289,.T.);
#6474 = ADVANCED_FACE('',(#6475),#3292,.T.);
#6475 = FACE_BOUND('',#6476,.T.);
#6476 = EDGE_LOOP('',(#6477,#6478,#6479,#6480,#6481,#6482,#6483,#6504,
    #6505,#6526));
#6477 = ORIENTED_EDGE('',*,*,#5543,.T.);
#6478 = ORIENTED_EDGE('',*,*,#5592,.T.);
#6479 = ORIENTED_EDGE('',*,*,#5662,.T.);
#6480 = ORIENTED_EDGE('',*,*,#5730,.T.);
#6481 = ORIENTED_EDGE('',*,*,#5834,.T.);
#6482 = ORIENTED_EDGE('',*,*,#3459,.T.);
#6483 = ORIENTED_EDGE('',*,*,#6484,.T.);
#6484 = EDGE_CURVE('',#3460,#4191,#6485,.T.);
#6485 = SURFACE_CURVE('',#6486,(#6490,#6497),.PCURVE_S1.);
#6486 = LINE('',#6487,#6488);
#6487 = CARTESIAN_POINT('',(101.58845726812,139.95636945092,76.));
#6488 = VECTOR('',#6489,1.);
#6489 = DIRECTION('',(-4.475657885559E-03,0.999989984193,0.));
#6490 = PCURVE('',#3292,#6491);
#6491 = DEFINITIONAL_REPRESENTATION('',(#6492),#6496);
#6492 = LINE('',#6493,#6494);
#6493 = CARTESIAN_POINT('',(46.081158757831,43.814908240211));
#6494 = VECTOR('',#6495,1.);
#6495 = DIRECTION('',(-4.475657885559E-03,0.999989984193));
#6496 = ( GEOMETRIC_REPRESENTATION_CONTEXT(2) 
PARAMETRIC_REPRESENTATION_CONTEXT() REPRESENTATION_CONTEXT('2D SPACE',''
  ) );
#6497 = PCURVE('',#3370,#6498);
#6498 = DEFINITIONAL_REPRESENTATION('',(#6499),#6503);
#6499 = LINE('',#6500,#6501);
#6500 = CARTESIAN_POINT('',(0.,-24.));
#6501 = VECTOR('',#6502,1.);
#6502 = DIRECTION('',(1.,0.));
#6503 = ( GEOMETRIC_REPRESENTATION_CONTEXT(2) 
PARAMETRIC_REPRESENTATION_CONTEXT() REPRESENTATION_CONTEXT('2D SPACE',''
  ) );
#6504 = ORIENTED_EDGE('',*,*,#4188,.F.);
#6505 = ORIENTED_EDGE('',*,*,#6506,.T.);
#6506 = EDGE_CURVE('',#4189,#3249,#6507,.T.);
#6507 = SURFACE_CURVE('',#6508,(#6512,#6519),.PCURVE_S1.);
#6508 = LINE('',#6509,#6510);
#6509 = CARTESIAN_POINT('',(82.473720558371,164.84867429633,76.));
#6510 = VECTOR('',#6511,1.);
#6511 = DIRECTION('',(-0.868254558784,-0.496118958669,0.));
#6512 = PCURVE('',#3292,#6513);
#6513 = DEFINITIONAL_REPRESENTATION('',(#6514),#6518);
#6514 = LINE('',#6515,#6516);
#6515 = CARTESIAN_POINT('',(26.966422048083,68.707213085625));
#6516 = VECTOR('',#6517,1.);
#6517 = DIRECTION('',(-0.868254558784,-0.496118958669));
#6518 = ( GEOMETRIC_REPRESENTATION_CONTEXT(2) 
PARAMETRIC_REPRESENTATION_CONTEXT() REPRESENTATION_CONTEXT('2D SPACE',''
  ) );
#6519 = PCURVE('',#3264,#6520);
#6520 = DEFINITIONAL_REPRESENTATION('',(#6521),#6525);
#6521 = LINE('',#6522,#6523);
#6522 = CARTESIAN_POINT('',(0.,-24.));
#6523 = VECTOR('',#6524,1.);
#6524 = DIRECTION('',(1.,0.));
#6525 = ( GEOMETRIC_REPRESENTATION_CONTEXT(2) 
PARAMETRIC_REPRESENTATION_CONTEXT() REPRESENTATION_CONTEXT('2D SPACE',''
  ) );
#6526 = ORIENTED_EDGE('',*,*,#3276,.T.);
#6527 = ADVANCED_FACE('',(#6528),#3264,.F.);
#6528 = FACE_BOUND('',#6529,.F.);
#6529 = EDGE_LOOP('',(#6530,#6531,#6532,#6533));
#6530 = ORIENTED_EDGE('',*,*,#3410,.F.);
#6531 = ORIENTED_EDGE('',*,*,#4238,.F.);
#6532 = ORIENTED_EDGE('',*,*,#6506,.T.);
#6533 = ORIENTED_EDGE('',*,*,#3248,.F.);
#6534 = ADVANCED_FACE('',(#6535),#3370,.F.);
#6535 = FACE_BOUND('',#6536,.F.);
#6536 = EDGE_LOOP('',(#6537,#6538,#6539,#6540));
#6537 = ORIENTED_EDGE('',*,*,#3354,.F.);
#6538 = ORIENTED_EDGE('',*,*,#3482,.T.);
#6539 = ORIENTED_EDGE('',*,*,#6484,.T.);
#6540 = ORIENTED_EDGE('',*,*,#4218,.T.);
#6541 = ADVANCED_FACE('',(#6542),#3603,.T.);
#6542 = FACE_BOUND('',#6543,.F.);
#6543 = EDGE_LOOP('',(#6544,#6568,#6589,#6590));
#6544 = ORIENTED_EDGE('',*,*,#6545,.F.);
#6545 = EDGE_CURVE('',#6546,#5761,#6548,.T.);
#6546 = VERTEX_POINT('',#6547);
#6547 = CARTESIAN_POINT('',(45.,0.,30.));
#6548 = SURFACE_CURVE('',#6549,(#6554,#6561),.PCURVE_S1.);
#6549 = CIRCLE('',#6550,45.);
#6550 = AXIS2_PLACEMENT_3D('',#6551,#6552,#6553);
#6551 = CARTESIAN_POINT('',(0.,0.,30.));
#6552 = DIRECTION('',(0.,0.,1.));
#6553 = DIRECTION('',(1.,0.,0.));
#6554 = PCURVE('',#3603,#6555);
#6555 = DEFINITIONAL_REPRESENTATION('',(#6556),#6560);
#6556 = LINE('',#6557,#6558);
#6557 = CARTESIAN_POINT('',(-0.,0.));
#6558 = VECTOR('',#6559,1.);
#6559 = DIRECTION('',(-1.,0.));
#6560 = ( GEOMETRIC_REPRESENTATION_CONTEXT(2) 
PARAMETRIC_REPRESENTATION_CONTEXT() REPRESENTATION_CONTEXT('2D SPACE',''
  ) );
#6561 = PCURVE('',#5007,#6562);
#6562 = DEFINITIONAL_REPRESENTATION('',(#6563),#6567);
#6563 = CIRCLE('',#6564,45.);
#6564 = AXIS2_PLACEMENT_2D('',#6565,#6566);
#6565 = CARTESIAN_POINT('',(1.944803744056E-15,-1.07833545335E-16));
#6566 = DIRECTION('',(1.,0.));
#6567 = ( GEOMETRIC_REPRESENTATION_CONTEXT(2) 
PARAMETRIC_REPRESENTATION_CONTEXT() REPRESENTATION_CONTEXT('2D SPACE',''
  ) );
#6568 = ORIENTED_EDGE('',*,*,#6569,.T.);
#6569 = EDGE_CURVE('',#6546,#3585,#6570,.T.);
#6570 = SURFACE_CURVE('',#6571,(#6575,#6582),.PCURVE_S1.);
#6571 = LINE('',#6572,#6573);
#6572 = CARTESIAN_POINT('',(45.,0.,30.));
#6573 = VECTOR('',#6574,1.);
#6574 = DIRECTION('',(0.,0.,1.));
#6575 = PCURVE('',#3603,#6576);
#6576 = DEFINITIONAL_REPRESENTATION('',(#6577),#6581);
#6577 = LINE('',#6578,#6579);
#6578 = CARTESIAN_POINT('',(-0.,0.));
#6579 = VECTOR('',#6580,1.);
#6580 = DIRECTION('',(-0.,-1.));
#6581 = ( GEOMETRIC_REPRESENTATION_CONTEXT(2) 
PARAMETRIC_REPRESENTATION_CONTEXT() REPRESENTATION_CONTEXT('2D SPACE',''
  ) );
#6582 = PCURVE('',#3632,#6583);
#6583 = DEFINITIONAL_REPRESENTATION('',(#6584),#6588);
#6584 = LINE('',#6585,#6586);
#6585 = CARTESIAN_POINT('',(-6.28318530718,0.));
#6586 = VECTOR('',#6587,1.);
#6587 = DIRECTION('',(-0.,-1.));
#6588 = ( GEOMETRIC_REPRESENTATION_CONTEXT(2) 
PARAMETRIC_REPRESENTATION_CONTEXT() REPRESENTATION_CONTEXT('2D SPACE',''
  ) );
#6589 = ORIENTED_EDGE('',*,*,#3584,.T.);
#6590 = ORIENTED_EDGE('',*,*,#5760,.T.);
#6591 = ADVANCED_FACE('',(#6592),#3887,.T.);
#6592 = FACE_BOUND('',#6593,.F.);
#6593 = EDGE_LOOP('',(#6594,#6595,#6617,#6618));
#6594 = ORIENTED_EDGE('',*,*,#5345,.T.);
#6595 = ORIENTED_EDGE('',*,*,#6596,.F.);
#6596 = EDGE_CURVE('',#5782,#5346,#6597,.T.);
#6597 = SURFACE_CURVE('',#6598,(#6603,#6610),.PCURVE_S1.);
#6598 = CIRCLE('',#6599,45.);
#6599 = AXIS2_PLACEMENT_3D('',#6600,#6601,#6602);
#6600 = CARTESIAN_POINT('',(0.,0.,30.));
#6601 = DIRECTION('',(0.,0.,1.));
#6602 = DIRECTION('',(1.,0.,0.));
#6603 = PCURVE('',#3887,#6604);
#6604 = DEFINITIONAL_REPRESENTATION('',(#6605),#6609);
#6605 = LINE('',#6606,#6607);
#6606 = CARTESIAN_POINT('',(-0.,0.));
#6607 = VECTOR('',#6608,1.);
#6608 = DIRECTION('',(-1.,0.));
#6609 = ( GEOMETRIC_REPRESENTATION_CONTEXT(2) 
PARAMETRIC_REPRESENTATION_CONTEXT() REPRESENTATION_CONTEXT('2D SPACE',''
  ) );
#6610 = PCURVE('',#5007,#6611);
#6611 = DEFINITIONAL_REPRESENTATION('',(#6612),#6616);
#6612 = CIRCLE('',#6613,45.);
#6613 = AXIS2_PLACEMENT_2D('',#6614,#6615);
#6614 = CARTESIAN_POINT('',(1.944803744056E-15,-1.07833545335E-16));
#6615 = DIRECTION('',(1.,0.));
#6616 = ( GEOMETRIC_REPRESENTATION_CONTEXT(2) 
PARAMETRIC_REPRESENTATION_CONTEXT() REPRESENTATION_CONTEXT('2D SPACE',''
  ) );
#6617 = ORIENTED_EDGE('',*,*,#5809,.F.);
#6618 = ORIENTED_EDGE('',*,*,#3870,.T.);
#6619 = ADVANCED_FACE('',(#6620),#3802,.T.);
#6620 = FACE_BOUND('',#6621,.F.);
#6621 = EDGE_LOOP('',(#6622,#6623,#6645,#6646));
#6622 = ORIENTED_EDGE('',*,*,#4969,.T.);
#6623 = ORIENTED_EDGE('',*,*,#6624,.F.);
#6624 = EDGE_CURVE('',#5367,#4970,#6625,.T.);
#6625 = SURFACE_CURVE('',#6626,(#6631,#6638),.PCURVE_S1.);
#6626 = CIRCLE('',#6627,45.);
#6627 = AXIS2_PLACEMENT_3D('',#6628,#6629,#6630);
#6628 = CARTESIAN_POINT('',(0.,0.,30.));
#6629 = DIRECTION('',(0.,0.,1.));
#6630 = DIRECTION('',(1.,0.,0.));
#6631 = PCURVE('',#3802,#6632);
#6632 = DEFINITIONAL_REPRESENTATION('',(#6633),#6637);
#6633 = LINE('',#6634,#6635);
#6634 = CARTESIAN_POINT('',(-0.,0.));
#6635 = VECTOR('',#6636,1.);
#6636 = DIRECTION('',(-1.,0.));
#6637 = ( GEOMETRIC_REPRESENTATION_CONTEXT(2) 
PARAMETRIC_REPRESENTATION_CONTEXT() REPRESENTATION_CONTEXT('2D SPACE',''
  ) );
#6638 = PCURVE('',#5007,#6639);
#6639 = DEFINITIONAL_REPRESENTATION('',(#6640),#6644);
#6640 = CIRCLE('',#6641,45.);
#6641 = AXIS2_PLACEMENT_2D('',#6642,#6643);
#6642 = CARTESIAN_POINT('',(1.944803744056E-15,-1.07833545335E-16));
#6643 = DIRECTION('',(1.,0.));
#6644 = ( GEOMETRIC_REPRESENTATION_CONTEXT(2) 
PARAMETRIC_REPRESENTATION_CONTEXT() REPRESENTATION_CONTEXT('2D SPACE',''
  ) );
#6645 = ORIENTED_EDGE('',*,*,#5394,.F.);
#6646 = ORIENTED_EDGE('',*,*,#3785,.T.);
#6647 = ADVANCED_FACE('',(#6648),#3717,.T.);
#6648 = FACE_BOUND('',#6649,.F.);
#6649 = EDGE_LOOP('',(#6650,#6651,#6673,#6674));
#6650 = ORIENTED_EDGE('',*,*,#6013,.T.);
#6651 = ORIENTED_EDGE('',*,*,#6652,.F.);
#6652 = EDGE_CURVE('',#4991,#6014,#6653,.T.);
#6653 = SURFACE_CURVE('',#6654,(#6659,#6666),.PCURVE_S1.);
#6654 = CIRCLE('',#6655,45.);
#6655 = AXIS2_PLACEMENT_3D('',#6656,#6657,#6658);
#6656 = CARTESIAN_POINT('',(0.,0.,30.));
#6657 = DIRECTION('',(0.,0.,1.));
#6658 = DIRECTION('',(1.,0.,0.));
#6659 = PCURVE('',#3717,#6660);
#6660 = DEFINITIONAL_REPRESENTATION('',(#6661),#6665);
#6661 = LINE('',#6662,#6663);
#6662 = CARTESIAN_POINT('',(-0.,0.));
#6663 = VECTOR('',#6664,1.);
#6664 = DIRECTION('',(-1.,0.));
#6665 = ( GEOMETRIC_REPRESENTATION_CONTEXT(2) 
PARAMETRIC_REPRESENTATION_CONTEXT() REPRESENTATION_CONTEXT('2D SPACE',''
  ) );
#6666 = PCURVE('',#5007,#6667);
#6667 = DEFINITIONAL_REPRESENTATION('',(#6668),#6672);
#6668 = CIRCLE('',#6669,45.);
#6669 = AXIS2_PLACEMENT_2D('',#6670,#6671);
#6670 = CARTESIAN_POINT('',(1.944803744056E-15,-1.07833545335E-16));
#6671 = DIRECTION('',(1.,0.));
#6672 = ( GEOMETRIC_REPRESENTATION_CONTEXT(2) 
PARAMETRIC_REPRESENTATION_CONTEXT() REPRESENTATION_CONTEXT('2D SPACE',''
  ) );
#6673 = ORIENTED_EDGE('',*,*,#5023,.F.);
#6674 = ORIENTED_EDGE('',*,*,#3700,.T.);
#6675 = ADVANCED_FACE('',(#6676),#3632,.T.);
#6676 = FACE_BOUND('',#6677,.F.);
#6677 = EDGE_LOOP('',(#6678,#6679,#6701,#6702));
#6678 = ORIENTED_EDGE('',*,*,#6569,.F.);
#6679 = ORIENTED_EDGE('',*,*,#6680,.F.);
#6680 = EDGE_CURVE('',#6035,#6546,#6681,.T.);
#6681 = SURFACE_CURVE('',#6682,(#6687,#6694),.PCURVE_S1.);
#6682 = CIRCLE('',#6683,45.);
#6683 = AXIS2_PLACEMENT_3D('',#6684,#6685,#6686);
#6684 = CARTESIAN_POINT('',(0.,0.,30.));
#6685 = DIRECTION('',(0.,0.,1.));
#6686 = DIRECTION('',(1.,0.,0.));
#6687 = PCURVE('',#3632,#6688);
#6688 = DEFINITIONAL_REPRESENTATION('',(#6689),#6693);
#6689 = LINE('',#6690,#6691);
#6690 = CARTESIAN_POINT('',(-0.,0.));
#6691 = VECTOR('',#6692,1.);
#6692 = DIRECTION('',(-1.,0.));
#6693 = ( GEOMETRIC_REPRESENTATION_CONTEXT(2) 
PARAMETRIC_REPRESENTATION_CONTEXT() REPRESENTATION_CONTEXT('2D SPACE',''
  ) );
#6694 = PCURVE('',#5007,#6695);
#6695 = DEFINITIONAL_REPRESENTATION('',(#6696),#6700);
#6696 = CIRCLE('',#6697,45.);
#6697 = AXIS2_PLACEMENT_2D('',#6698,#6699);
#6698 = CARTESIAN_POINT('',(1.944803744056E-15,-1.07833545335E-16));
#6699 = DIRECTION('',(1.,0.));
#6700 = ( GEOMETRIC_REPRESENTATION_CONTEXT(2) 
PARAMETRIC_REPRESENTATION_CONTEXT() REPRESENTATION_CONTEXT('2D SPACE',''
  ) );
#6701 = ORIENTED_EDGE('',*,*,#6062,.F.);
#6702 = ORIENTED_EDGE('',*,*,#3615,.T.);
#6703 = ADVANCED_FACE('',(#6704),#4020,.F.);
#6704 = FACE_BOUND('',#6705,.F.);
#6705 = EDGE_LOOP('',(#6706,#6707,#6730,#6757));
#6706 = ORIENTED_EDGE('',*,*,#4003,.F.);
#6707 = ORIENTED_EDGE('',*,*,#6708,.T.);
#6708 = EDGE_CURVE('',#4004,#6709,#6711,.T.);
#6709 = VERTEX_POINT('',#6710);
#6710 = CARTESIAN_POINT('',(180.,8.951719505639E-15,-78.9));
#6711 = SEAM_CURVE('',#6712,(#6716,#6723),.PCURVE_S1.);
#6712 = LINE('',#6713,#6714);
#6713 = CARTESIAN_POINT('',(180.,8.951719505639E-15,0.));
#6714 = VECTOR('',#6715,1.);
#6715 = DIRECTION('',(-0.,-0.,-1.));
#6716 = PCURVE('',#4020,#6717);
#6717 = DEFINITIONAL_REPRESENTATION('',(#6718),#6722);
#6718 = LINE('',#6719,#6720);
#6719 = CARTESIAN_POINT('',(6.28318530718,0.));
#6720 = VECTOR('',#6721,1.);
#6721 = DIRECTION('',(0.,-1.));
#6722 = ( GEOMETRIC_REPRESENTATION_CONTEXT(2) 
PARAMETRIC_REPRESENTATION_CONTEXT() REPRESENTATION_CONTEXT('2D SPACE',''
  ) );
#6723 = PCURVE('',#4020,#6724);
#6724 = DEFINITIONAL_REPRESENTATION('',(#6725),#6729);
#6725 = LINE('',#6726,#6727);
#6726 = CARTESIAN_POINT('',(0.,0.));
#6727 = VECTOR('',#6728,1.);
#6728 = DIRECTION('',(0.,-1.));
#6729 = ( GEOMETRIC_REPRESENTATION_CONTEXT(2) 
PARAMETRIC_REPRESENTATION_CONTEXT() REPRESENTATION_CONTEXT('2D SPACE',''
  ) );
#6730 = ORIENTED_EDGE('',*,*,#6731,.T.);
#6731 = EDGE_CURVE('',#6709,#6709,#6732,.T.);
#6732 = SURFACE_CURVE('',#6733,(#6738,#6745),.PCURVE_S1.);
#6733 = CIRCLE('',#6734,180.);
#6734 = AXIS2_PLACEMENT_3D('',#6735,#6736,#6737);
#6735 = CARTESIAN_POINT('',(9.578339871034E-13,8.951719505639E-15,-78.9)
  );
#6736 = DIRECTION('',(0.,0.,1.));
#6737 = DIRECTION('',(1.,0.,-0.));
#6738 = PCURVE('',#4020,#6739);
#6739 = DEFINITIONAL_REPRESENTATION('',(#6740),#6744);
#6740 = LINE('',#6741,#6742);
#6741 = CARTESIAN_POINT('',(0.,-78.9));
#6742 = VECTOR('',#6743,1.);
#6743 = DIRECTION('',(1.,0.));
#6744 = ( GEOMETRIC_REPRESENTATION_CONTEXT(2) 
PARAMETRIC_REPRESENTATION_CONTEXT() REPRESENTATION_CONTEXT('2D SPACE',''
  ) );
#6745 = PCURVE('',#6746,#6751);
#6746 = PLANE('',#6747);
#6747 = AXIS2_PLACEMENT_3D('',#6748,#6749,#6750);
#6748 = CARTESIAN_POINT('',(0.,5.816122052535E-15,-78.9));
#6749 = DIRECTION('',(0.,0.,1.));
#6750 = DIRECTION('',(1.,0.,-0.));
#6751 = DEFINITIONAL_REPRESENTATION('',(#6752),#6756);
#6752 = CIRCLE('',#6753,180.);
#6753 = AXIS2_PLACEMENT_2D('',#6754,#6755);
#6754 = CARTESIAN_POINT('',(9.578339871034E-13,3.135597453104E-15));
#6755 = DIRECTION('',(1.,0.));
#6756 = ( GEOMETRIC_REPRESENTATION_CONTEXT(2) 
PARAMETRIC_REPRESENTATION_CONTEXT() REPRESENTATION_CONTEXT('2D SPACE',''
  ) );
#6757 = ORIENTED_EDGE('',*,*,#6708,.F.);
#6758 = ADVANCED_FACE('',(#6759,#6762),#4120,.F.);
#6759 = FACE_BOUND('',#6760,.F.);
#6760 = EDGE_LOOP('',(#6761));
#6761 = ORIENTED_EDGE('',*,*,#4105,.F.);
#6762 = FACE_BOUND('',#6763,.F.);
#6763 = EDGE_LOOP('',(#6764));
#6764 = ORIENTED_EDGE('',*,*,#6765,.F.);
#6765 = EDGE_CURVE('',#6766,#6766,#6768,.T.);
#6766 = VERTEX_POINT('',#6767);
#6767 = CARTESIAN_POINT('',(174.5,-4.449582689691E-15,76.9));
#6768 = SURFACE_CURVE('',#6769,(#6774,#6781),.PCURVE_S1.);
#6769 = CIRCLE('',#6770,174.5);
#6770 = AXIS2_PLACEMENT_3D('',#6771,#6772,#6773);
#6771 = CARTESIAN_POINT('',(9.65559443663E-13,-4.449582689691E-15,76.9)
  );
#6772 = DIRECTION('',(0.,0.,1.));
#6773 = DIRECTION('',(1.,0.,0.));
#6774 = PCURVE('',#4120,#6775);
#6775 = DEFINITIONAL_REPRESENTATION('',(#6776),#6780);
#6776 = CIRCLE('',#6777,174.5);
#6777 = AXIS2_PLACEMENT_2D('',#6778,#6779);
#6778 = CARTESIAN_POINT('',(9.861111857724E-13,-2.350797864403E-14));
#6779 = DIRECTION('',(1.,0.));
#6780 = ( GEOMETRIC_REPRESENTATION_CONTEXT(2) 
PARAMETRIC_REPRESENTATION_CONTEXT() REPRESENTATION_CONTEXT('2D SPACE',''
  ) );
#6781 = PCURVE('',#6782,#6787);
#6782 = CYLINDRICAL_SURFACE('',#6783,174.5);
#6783 = AXIS2_PLACEMENT_3D('',#6784,#6785,#6786);
#6784 = CARTESIAN_POINT('',(9.65559443663E-13,-4.449582689691E-15,76.9)
  );
#6785 = DIRECTION('',(-0.,-0.,-1.));
#6786 = DIRECTION('',(1.,0.,0.));
#6787 = DEFINITIONAL_REPRESENTATION('',(#6788),#6792);
#6788 = LINE('',#6789,#6790);
#6789 = CARTESIAN_POINT('',(-0.,0.));
#6790 = VECTOR('',#6791,1.);
#6791 = DIRECTION('',(-1.,0.));
#6792 = ( GEOMETRIC_REPRESENTATION_CONTEXT(2) 
PARAMETRIC_REPRESENTATION_CONTEXT() REPRESENTATION_CONTEXT('2D SPACE',''
  ) );
#6793 = ADVANCED_FACE('',(#6794,#6805),#5007,.F.);
#6794 = FACE_BOUND('',#6795,.F.);
#6795 = EDGE_LOOP('',(#6796,#6797,#6798,#6799,#6800,#6801,#6802,#6803,
    #6804));
#6796 = ORIENTED_EDGE('',*,*,#6680,.T.);
#6797 = ORIENTED_EDGE('',*,*,#6545,.T.);
#6798 = ORIENTED_EDGE('',*,*,#5781,.T.);
#6799 = ORIENTED_EDGE('',*,*,#6596,.T.);
#6800 = ORIENTED_EDGE('',*,*,#5366,.T.);
#6801 = ORIENTED_EDGE('',*,*,#6624,.T.);
#6802 = ORIENTED_EDGE('',*,*,#4990,.T.);
#6803 = ORIENTED_EDGE('',*,*,#6652,.T.);
#6804 = ORIENTED_EDGE('',*,*,#6034,.T.);
#6805 = FACE_BOUND('',#6806,.F.);
#6806 = EDGE_LOOP('',(#6807));
#6807 = ORIENTED_EDGE('',*,*,#6184,.F.);
#6808 = ADVANCED_FACE('',(#6809,#6812),#6746,.T.);
#6809 = FACE_BOUND('',#6810,.T.);
#6810 = EDGE_LOOP('',(#6811));
#6811 = ORIENTED_EDGE('',*,*,#6731,.T.);
#6812 = FACE_BOUND('',#6813,.T.);
#6813 = EDGE_LOOP('',(#6814));
#6814 = ORIENTED_EDGE('',*,*,#6815,.F.);
#6815 = EDGE_CURVE('',#6816,#6816,#6818,.T.);
#6816 = VERTEX_POINT('',#6817);
#6817 = CARTESIAN_POINT('',(174.5,1.135732644572E-14,-78.9));
#6818 = SURFACE_CURVE('',#6819,(#6824,#6831),.PCURVE_S1.);
#6819 = CIRCLE('',#6820,174.5);
#6820 = AXIS2_PLACEMENT_3D('',#6821,#6822,#6823);
#6821 = CARTESIAN_POINT('',(9.540154214401E-13,1.135732644572E-14,-78.9)
  );
#6822 = DIRECTION('',(0.,0.,1.));
#6823 = DIRECTION('',(1.,0.,0.));
#6824 = PCURVE('',#6746,#6825);
#6825 = DEFINITIONAL_REPRESENTATION('',(#6826),#6830);
#6826 = CIRCLE('',#6827,174.5);
#6827 = AXIS2_PLACEMENT_2D('',#6828,#6829);
#6828 = CARTESIAN_POINT('',(9.540154214401E-13,5.541204393181E-15));
#6829 = DIRECTION('',(1.,0.));
#6830 = ( GEOMETRIC_REPRESENTATION_CONTEXT(2) 
PARAMETRIC_REPRESENTATION_CONTEXT() REPRESENTATION_CONTEXT('2D SPACE',''
  ) );
#6831 = PCURVE('',#6832,#6837);
#6832 = CYLINDRICAL_SURFACE('',#6833,174.5);
#6833 = AXIS2_PLACEMENT_3D('',#6834,#6835,#6836);
#6834 = CARTESIAN_POINT('',(9.540154214401E-13,1.135732644572E-14,-88.9)
  );
#6835 = DIRECTION('',(-0.,-0.,-1.));
#6836 = DIRECTION('',(1.,0.,0.));
#6837 = DEFINITIONAL_REPRESENTATION('',(#6838),#6842);
#6838 = LINE('',#6839,#6840);
#6839 = CARTESIAN_POINT('',(-0.,-10.));
#6840 = VECTOR('',#6841,1.);
#6841 = DIRECTION('',(-1.,0.));
#6842 = ( GEOMETRIC_REPRESENTATION_CONTEXT(2) 
PARAMETRIC_REPRESENTATION_CONTEXT() REPRESENTATION_CONTEXT('2D SPACE',''
  ) );
#6843 = ADVANCED_FACE('',(#6844),#6782,.F.);
#6844 = FACE_BOUND('',#6845,.T.);
#6845 = EDGE_LOOP('',(#6846,#6869,#6896,#6897));
#6846 = ORIENTED_EDGE('',*,*,#6847,.T.);
#6847 = EDGE_CURVE('',#6766,#6848,#6850,.T.);
#6848 = VERTEX_POINT('',#6849);
#6849 = CARTESIAN_POINT('',(174.5,-4.449582689691E-15,88.9));
#6850 = SEAM_CURVE('',#6851,(#6855,#6862),.PCURVE_S1.);
#6851 = LINE('',#6852,#6853);
#6852 = CARTESIAN_POINT('',(174.5,-4.449582689691E-15,76.9));
#6853 = VECTOR('',#6854,1.);
#6854 = DIRECTION('',(0.,0.,1.));
#6855 = PCURVE('',#6782,#6856);
#6856 = DEFINITIONAL_REPRESENTATION('',(#6857),#6861);
#6857 = LINE('',#6858,#6859);
#6858 = CARTESIAN_POINT('',(-0.,0.));
#6859 = VECTOR('',#6860,1.);
#6860 = DIRECTION('',(-0.,-1.));
#6861 = ( GEOMETRIC_REPRESENTATION_CONTEXT(2) 
PARAMETRIC_REPRESENTATION_CONTEXT() REPRESENTATION_CONTEXT('2D SPACE',''
  ) );
#6862 = PCURVE('',#6782,#6863);
#6863 = DEFINITIONAL_REPRESENTATION('',(#6864),#6868);
#6864 = LINE('',#6865,#6866);
#6865 = CARTESIAN_POINT('',(-6.28318530718,0.));
#6866 = VECTOR('',#6867,1.);
#6867 = DIRECTION('',(-0.,-1.));
#6868 = ( GEOMETRIC_REPRESENTATION_CONTEXT(2) 
PARAMETRIC_REPRESENTATION_CONTEXT() REPRESENTATION_CONTEXT('2D SPACE',''
  ) );
#6869 = ORIENTED_EDGE('',*,*,#6870,.T.);
#6870 = EDGE_CURVE('',#6848,#6848,#6871,.T.);
#6871 = SURFACE_CURVE('',#6872,(#6877,#6884),.PCURVE_S1.);
#6872 = CIRCLE('',#6873,174.5);
#6873 = AXIS2_PLACEMENT_3D('',#6874,#6875,#6876);
#6874 = CARTESIAN_POINT('',(9.65559443663E-13,-4.449582689691E-15,88.9)
  );
#6875 = DIRECTION('',(0.,0.,1.));
#6876 = DIRECTION('',(1.,0.,0.));
#6877 = PCURVE('',#6782,#6878);
#6878 = DEFINITIONAL_REPRESENTATION('',(#6879),#6883);
#6879 = LINE('',#6880,#6881);
#6880 = CARTESIAN_POINT('',(-0.,-12.));
#6881 = VECTOR('',#6882,1.);
#6882 = DIRECTION('',(-1.,0.));
#6883 = ( GEOMETRIC_REPRESENTATION_CONTEXT(2) 
PARAMETRIC_REPRESENTATION_CONTEXT() REPRESENTATION_CONTEXT('2D SPACE',''
  ) );
#6884 = PCURVE('',#6885,#6890);
#6885 = PLANE('',#6886);
#6886 = AXIS2_PLACEMENT_3D('',#6887,#6888,#6889);
#6887 = CARTESIAN_POINT('',(-2.05517421094E-14,1.905839595434E-14,88.9)
  );
#6888 = DIRECTION('',(0.,0.,1.));
#6889 = DIRECTION('',(1.,0.,-0.));
#6890 = DEFINITIONAL_REPRESENTATION('',(#6891),#6895);
#6891 = CIRCLE('',#6892,174.5);
#6892 = AXIS2_PLACEMENT_2D('',#6893,#6894);
#6893 = CARTESIAN_POINT('',(9.861111857724E-13,-2.350797864403E-14));
#6894 = DIRECTION('',(1.,0.));
#6895 = ( GEOMETRIC_REPRESENTATION_CONTEXT(2) 
PARAMETRIC_REPRESENTATION_CONTEXT() REPRESENTATION_CONTEXT('2D SPACE',''
  ) );
#6896 = ORIENTED_EDGE('',*,*,#6847,.F.);
#6897 = ORIENTED_EDGE('',*,*,#6765,.F.);
#6898 = ADVANCED_FACE('',(#6899),#6832,.F.);
#6899 = FACE_BOUND('',#6900,.T.);
#6900 = EDGE_LOOP('',(#6901,#6924,#6925,#6926));
#6901 = ORIENTED_EDGE('',*,*,#6902,.T.);
#6902 = EDGE_CURVE('',#6903,#6816,#6905,.T.);
#6903 = VERTEX_POINT('',#6904);
#6904 = CARTESIAN_POINT('',(174.5,1.135732644572E-14,-88.9));
#6905 = SEAM_CURVE('',#6906,(#6910,#6917),.PCURVE_S1.);
#6906 = LINE('',#6907,#6908);
#6907 = CARTESIAN_POINT('',(174.5,1.135732644572E-14,-88.9));
#6908 = VECTOR('',#6909,1.);
#6909 = DIRECTION('',(0.,0.,1.));
#6910 = PCURVE('',#6832,#6911);
#6911 = DEFINITIONAL_REPRESENTATION('',(#6912),#6916);
#6912 = LINE('',#6913,#6914);
#6913 = CARTESIAN_POINT('',(-0.,0.));
#6914 = VECTOR('',#6915,1.);
#6915 = DIRECTION('',(-0.,-1.));
#6916 = ( GEOMETRIC_REPRESENTATION_CONTEXT(2) 
PARAMETRIC_REPRESENTATION_CONTEXT() REPRESENTATION_CONTEXT('2D SPACE',''
  ) );
#6917 = PCURVE('',#6832,#6918);
#6918 = DEFINITIONAL_REPRESENTATION('',(#6919),#6923);
#6919 = LINE('',#6920,#6921);
#6920 = CARTESIAN_POINT('',(-6.28318530718,0.));
#6921 = VECTOR('',#6922,1.);
#6922 = DIRECTION('',(-0.,-1.));
#6923 = ( GEOMETRIC_REPRESENTATION_CONTEXT(2) 
PARAMETRIC_REPRESENTATION_CONTEXT() REPRESENTATION_CONTEXT('2D SPACE',''
  ) );
#6924 = ORIENTED_EDGE('',*,*,#6815,.T.);
#6925 = ORIENTED_EDGE('',*,*,#6902,.F.);
#6926 = ORIENTED_EDGE('',*,*,#6927,.F.);
#6927 = EDGE_CURVE('',#6903,#6903,#6928,.T.);
#6928 = SURFACE_CURVE('',#6929,(#6934,#6941),.PCURVE_S1.);
#6929 = CIRCLE('',#6930,174.5);
#6930 = AXIS2_PLACEMENT_3D('',#6931,#6932,#6933);
#6931 = CARTESIAN_POINT('',(9.540154214401E-13,1.135732644572E-14,-88.9)
  );
#6932 = DIRECTION('',(0.,0.,1.));
#6933 = DIRECTION('',(1.,0.,0.));
#6934 = PCURVE('',#6832,#6935);
#6935 = DEFINITIONAL_REPRESENTATION('',(#6936),#6940);
#6936 = LINE('',#6937,#6938);
#6937 = CARTESIAN_POINT('',(-0.,0.));
#6938 = VECTOR('',#6939,1.);
#6939 = DIRECTION('',(-1.,0.));
#6940 = ( GEOMETRIC_REPRESENTATION_CONTEXT(2) 
PARAMETRIC_REPRESENTATION_CONTEXT() REPRESENTATION_CONTEXT('2D SPACE',''
  ) );
#6941 = PCURVE('',#6942,#6947);
#6942 = PLANE('',#6943);
#6943 = AXIS2_PLACEMENT_3D('',#6944,#6945,#6946);
#6944 = CARTESIAN_POINT('',(0.,5.816122052535E-15,-88.9));
#6945 = DIRECTION('',(0.,0.,1.));
#6946 = DIRECTION('',(1.,0.,-0.));
#6947 = DEFINITIONAL_REPRESENTATION('',(#6948),#6952);
#6948 = CIRCLE('',#6949,174.5);
#6949 = AXIS2_PLACEMENT_2D('',#6950,#6951);
#6950 = CARTESIAN_POINT('',(9.540154214401E-13,5.541204393181E-15));
#6951 = DIRECTION('',(1.,0.));
#6952 = ( GEOMETRIC_REPRESENTATION_CONTEXT(2) 
PARAMETRIC_REPRESENTATION_CONTEXT() REPRESENTATION_CONTEXT('2D SPACE',''
  ) );
#6953 = ADVANCED_FACE('',(#6954,#6985),#6885,.T.);
#6954 = FACE_BOUND('',#6955,.T.);
#6955 = EDGE_LOOP('',(#6956));
#6956 = ORIENTED_EDGE('',*,*,#6957,.T.);
#6957 = EDGE_CURVE('',#6958,#6958,#6960,.T.);
#6958 = VERTEX_POINT('',#6959);
#6959 = CARTESIAN_POINT('',(180.,8.951719505639E-15,88.9));
#6960 = SURFACE_CURVE('',#6961,(#6966,#6973),.PCURVE_S1.);
#6961 = CIRCLE('',#6962,180.);
#6962 = AXIS2_PLACEMENT_3D('',#6963,#6964,#6965);
#6963 = CARTESIAN_POINT('',(9.578339871034E-13,8.951719505639E-15,88.9)
  );
#6964 = DIRECTION('',(0.,0.,1.));
#6965 = DIRECTION('',(1.,0.,0.));
#6966 = PCURVE('',#6885,#6967);
#6967 = DEFINITIONAL_REPRESENTATION('',(#6968),#6972);
#6968 = CIRCLE('',#6969,180.);
#6969 = AXIS2_PLACEMENT_2D('',#6970,#6971);
#6970 = CARTESIAN_POINT('',(9.783857292128E-13,-1.01066764487E-14));
#6971 = DIRECTION('',(1.,0.));
#6972 = ( GEOMETRIC_REPRESENTATION_CONTEXT(2) 
PARAMETRIC_REPRESENTATION_CONTEXT() REPRESENTATION_CONTEXT('2D SPACE',''
  ) );
#6973 = PCURVE('',#6974,#6979);
#6974 = PLANE('',#6975);
#6975 = AXIS2_PLACEMENT_3D('',#6976,#6977,#6978);
#6976 = CARTESIAN_POINT('',(0.,1.926920656733E-14,88.9));
#6977 = DIRECTION('',(0.,0.,1.));
#6978 = DIRECTION('',(1.,0.,-0.));
#6979 = DEFINITIONAL_REPRESENTATION('',(#6980),#6984);
#6980 = CIRCLE('',#6981,180.);
#6981 = AXIS2_PLACEMENT_2D('',#6982,#6983);
#6982 = CARTESIAN_POINT('',(9.578339871034E-13,-1.031748706169E-14));
#6983 = DIRECTION('',(1.,0.));
#6984 = ( GEOMETRIC_REPRESENTATION_CONTEXT(2) 
PARAMETRIC_REPRESENTATION_CONTEXT() REPRESENTATION_CONTEXT('2D SPACE',''
  ) );
#6985 = FACE_BOUND('',#6986,.T.);
#6986 = EDGE_LOOP('',(#6987));
#6987 = ORIENTED_EDGE('',*,*,#6870,.F.);
#6988 = ADVANCED_FACE('',(#6989,#7020),#6942,.F.);
#6989 = FACE_BOUND('',#6990,.F.);
#6990 = EDGE_LOOP('',(#6991));
#6991 = ORIENTED_EDGE('',*,*,#6992,.T.);
#6992 = EDGE_CURVE('',#6993,#6993,#6995,.T.);
#6993 = VERTEX_POINT('',#6994);
#6994 = CARTESIAN_POINT('',(180.,8.951719505639E-15,-88.9));
#6995 = SURFACE_CURVE('',#6996,(#7001,#7008),.PCURVE_S1.);
#6996 = CIRCLE('',#6997,180.);
#6997 = AXIS2_PLACEMENT_3D('',#6998,#6999,#7000);
#6998 = CARTESIAN_POINT('',(9.578339871034E-13,8.951719505639E-15,-88.9)
  );
#6999 = DIRECTION('',(0.,0.,1.));
#7000 = DIRECTION('',(1.,0.,0.));
#7001 = PCURVE('',#6942,#7002);
#7002 = DEFINITIONAL_REPRESENTATION('',(#7003),#7007);
#7003 = CIRCLE('',#7004,180.);
#7004 = AXIS2_PLACEMENT_2D('',#7005,#7006);
#7005 = CARTESIAN_POINT('',(9.578339871034E-13,3.135597453104E-15));
#7006 = DIRECTION('',(1.,0.));
#7007 = ( GEOMETRIC_REPRESENTATION_CONTEXT(2) 
PARAMETRIC_REPRESENTATION_CONTEXT() REPRESENTATION_CONTEXT('2D SPACE',''
  ) );
#7008 = PCURVE('',#7009,#7014);
#7009 = PLANE('',#7010);
#7010 = AXIS2_PLACEMENT_3D('',#7011,#7012,#7013);
#7011 = CARTESIAN_POINT('',(0.,1.926920656733E-14,-88.9));
#7012 = DIRECTION('',(0.,0.,1.));
#7013 = DIRECTION('',(1.,0.,-0.));
#7014 = DEFINITIONAL_REPRESENTATION('',(#7015),#7019);
#7015 = CIRCLE('',#7016,180.);
#7016 = AXIS2_PLACEMENT_2D('',#7017,#7018);
#7017 = CARTESIAN_POINT('',(9.578339871034E-13,-1.031748706169E-14));
#7018 = DIRECTION('',(1.,0.));
#7019 = ( GEOMETRIC_REPRESENTATION_CONTEXT(2) 
PARAMETRIC_REPRESENTATION_CONTEXT() REPRESENTATION_CONTEXT('2D SPACE',''
  ) );
#7020 = FACE_BOUND('',#7021,.F.);
#7021 = EDGE_LOOP('',(#7022));
#7022 = ORIENTED_EDGE('',*,*,#6927,.F.);
#7023 = ADVANCED_FACE('',(#7024,#7055,#7058),#6974,.T.);
#7024 = FACE_BOUND('',#7025,.T.);
#7025 = EDGE_LOOP('',(#7026));
#7026 = ORIENTED_EDGE('',*,*,#7027,.T.);
#7027 = EDGE_CURVE('',#7028,#7028,#7030,.T.);
#7028 = VERTEX_POINT('',#7029);
#7029 = CARTESIAN_POINT('',(203.2,0.,88.9));
#7030 = SURFACE_CURVE('',#7031,(#7036,#7043),.PCURVE_S1.);
#7031 = CIRCLE('',#7032,203.2);
#7032 = AXIS2_PLACEMENT_3D('',#7033,#7034,#7035);
#7033 = CARTESIAN_POINT('',(0.,0.,88.9));
#7034 = DIRECTION('',(0.,0.,1.));
#7035 = DIRECTION('',(1.,0.,0.));
#7036 = PCURVE('',#6974,#7037);
#7037 = DEFINITIONAL_REPRESENTATION('',(#7038),#7042);
#7038 = CIRCLE('',#7039,203.2);
#7039 = AXIS2_PLACEMENT_2D('',#7040,#7041);
#7040 = CARTESIAN_POINT('',(0.,-1.926920656733E-14));
#7041 = DIRECTION('',(1.,0.));
#7042 = ( GEOMETRIC_REPRESENTATION_CONTEXT(2) 
PARAMETRIC_REPRESENTATION_CONTEXT() REPRESENTATION_CONTEXT('2D SPACE',''
  ) );
#7043 = PCURVE('',#7044,#7049);
#7044 = PLANE('',#7045);
#7045 = AXIS2_PLACEMENT_3D('',#7046,#7047,#7048);
#7046 = CARTESIAN_POINT('',(-2.05517421094E-14,1.905839595434E-14,88.9)
  );
#7047 = DIRECTION('',(0.,0.,1.));
#7048 = DIRECTION('',(1.,0.,-0.));
#7049 = DEFINITIONAL_REPRESENTATION('',(#7050),#7054);
#7050 = CIRCLE('',#7051,203.2);
#7051 = AXIS2_PLACEMENT_2D('',#7052,#7053);
#7052 = CARTESIAN_POINT('',(2.05517421094E-14,-1.905839595434E-14));
#7053 = DIRECTION('',(1.,0.));
#7054 = ( GEOMETRIC_REPRESENTATION_CONTEXT(2) 
PARAMETRIC_REPRESENTATION_CONTEXT() REPRESENTATION_CONTEXT('2D SPACE',''
  ) );
#7055 = FACE_BOUND('',#7056,.T.);
#7056 = EDGE_LOOP('',(#7057));
#7057 = ORIENTED_EDGE('',*,*,#6957,.F.);
#7058 = FACE_BOUND('',#7059,.T.);
#7059 = EDGE_LOOP('',(#7060));
#7060 = ORIENTED_EDGE('',*,*,#7061,.T.);
#7061 = EDGE_CURVE('',#7062,#7062,#7064,.T.);
#7062 = VERTEX_POINT('',#7063);
#7063 = CARTESIAN_POINT('',(178.16740289807,81.565324515955,88.9));
#7064 = SURFACE_CURVE('',#7065,(#7070,#7081),.PCURVE_S1.);
#7065 = CIRCLE('',#7066,3.25);
#7066 = AXIS2_PLACEMENT_3D('',#7067,#7068,#7069);
#7067 = CARTESIAN_POINT('',(174.91740289807,81.565324515955,88.9));
#7068 = DIRECTION('',(0.,0.,-1.));
#7069 = DIRECTION('',(1.,0.,0.));
#7070 = PCURVE('',#6974,#7071);
#7071 = DEFINITIONAL_REPRESENTATION('',(#7072),#7080);
#7072 = ( BOUNDED_CURVE() B_SPLINE_CURVE(2,(#7073,#7074,#7075,#7076,
#7077,#7078,#7079),.UNSPECIFIED.,.T.,.F.) B_SPLINE_CURVE_WITH_KNOTS((1,2
    ,2,2,2,1),(-2.094395102393,0.,2.094395102393,4.188790204786,
6.28318530718,8.377580409573),.UNSPECIFIED.) CURVE() 
GEOMETRIC_REPRESENTATION_ITEM() RATIONAL_B_SPLINE_CURVE((1.,0.5,1.,0.5,
1.,0.5,1.)) REPRESENTATION_ITEM('') );
#7073 = CARTESIAN_POINT('',(178.16740289807,81.565324515955));
#7074 = CARTESIAN_POINT('',(178.16740289807,75.936159391356));
#7075 = CARTESIAN_POINT('',(173.29240289807,78.750741953656));
#7076 = CARTESIAN_POINT('',(168.41740289807,81.565324515955));
#7077 = CARTESIAN_POINT('',(173.29240289807,84.379907078254));
#7078 = CARTESIAN_POINT('',(178.16740289807,87.194489640554));
#7079 = CARTESIAN_POINT('',(178.16740289807,81.565324515955));
#7080 = ( GEOMETRIC_REPRESENTATION_CONTEXT(2) 
PARAMETRIC_REPRESENTATION_CONTEXT() REPRESENTATION_CONTEXT('2D SPACE',''
  ) );
#7081 = PCURVE('',#7082,#7087);
#7082 = CYLINDRICAL_SURFACE('',#7083,3.25);
#7083 = AXIS2_PLACEMENT_3D('',#7084,#7085,#7086);
#7084 = CARTESIAN_POINT('',(174.91740289807,81.565324515955,-95.));
#7085 = DIRECTION('',(-0.,-0.,-1.));
#7086 = DIRECTION('',(1.,0.,0.));
#7087 = DEFINITIONAL_REPRESENTATION('',(#7088),#7092);
#7088 = LINE('',#7089,#7090);
#7089 = CARTESIAN_POINT('',(-6.28318530718,-183.9));
#7090 = VECTOR('',#7091,1.);
#7091 = DIRECTION('',(1.,-0.));
#7092 = ( GEOMETRIC_REPRESENTATION_CONTEXT(2) 
PARAMETRIC_REPRESENTATION_CONTEXT() REPRESENTATION_CONTEXT('2D SPACE',''
  ) );
#7093 = ADVANCED_FACE('',(#7094,#7125,#7128),#7009,.F.);
#7094 = FACE_BOUND('',#7095,.F.);
#7095 = EDGE_LOOP('',(#7096));
#7096 = ORIENTED_EDGE('',*,*,#7097,.T.);
#7097 = EDGE_CURVE('',#7098,#7098,#7100,.T.);
#7098 = VERTEX_POINT('',#7099);
#7099 = CARTESIAN_POINT('',(200.2,0.,-88.9));
#7100 = SURFACE_CURVE('',#7101,(#7106,#7113),.PCURVE_S1.);
#7101 = CIRCLE('',#7102,200.2);
#7102 = AXIS2_PLACEMENT_3D('',#7103,#7104,#7105);
#7103 = CARTESIAN_POINT('',(0.,0.,-88.9));
#7104 = DIRECTION('',(0.,0.,1.));
#7105 = DIRECTION('',(1.,0.,0.));
#7106 = PCURVE('',#7009,#7107);
#7107 = DEFINITIONAL_REPRESENTATION('',(#7108),#7112);
#7108 = CIRCLE('',#7109,200.2);
#7109 = AXIS2_PLACEMENT_2D('',#7110,#7111);
#7110 = CARTESIAN_POINT('',(0.,-1.926920656733E-14));
#7111 = DIRECTION('',(1.,0.));
#7112 = ( GEOMETRIC_REPRESENTATION_CONTEXT(2) 
PARAMETRIC_REPRESENTATION_CONTEXT() REPRESENTATION_CONTEXT('2D SPACE',''
  ) );
#7113 = PCURVE('',#7114,#7119);
#7114 = PLANE('',#7115);
#7115 = AXIS2_PLACEMENT_3D('',#7116,#7117,#7118);
#7116 = CARTESIAN_POINT('',(0.,1.926920656733E-14,-88.9));
#7117 = DIRECTION('',(0.,0.,1.));
#7118 = DIRECTION('',(1.,0.,-0.));
#7119 = DEFINITIONAL_REPRESENTATION('',(#7120),#7124);
#7120 = CIRCLE('',#7121,200.2);
#7121 = AXIS2_PLACEMENT_2D('',#7122,#7123);
#7122 = CARTESIAN_POINT('',(0.,-1.926920656733E-14));
#7123 = DIRECTION('',(1.,0.));
#7124 = ( GEOMETRIC_REPRESENTATION_CONTEXT(2) 
PARAMETRIC_REPRESENTATION_CONTEXT() REPRESENTATION_CONTEXT('2D SPACE',''
  ) );
#7125 = FACE_BOUND('',#7126,.F.);
#7126 = EDGE_LOOP('',(#7127));
#7127 = ORIENTED_EDGE('',*,*,#6992,.F.);
#7128 = FACE_BOUND('',#7129,.F.);
#7129 = EDGE_LOOP('',(#7130));
#7130 = ORIENTED_EDGE('',*,*,#7131,.T.);
#7131 = EDGE_CURVE('',#7132,#7132,#7134,.T.);
#7132 = VERTEX_POINT('',#7133);
#7133 = CARTESIAN_POINT('',(178.16740289807,81.565324515955,-88.9));
#7134 = SURFACE_CURVE('',#7135,(#7140,#7151),.PCURVE_S1.);
#7135 = CIRCLE('',#7136,3.25);
#7136 = AXIS2_PLACEMENT_3D('',#7137,#7138,#7139);
#7137 = CARTESIAN_POINT('',(174.91740289807,81.565324515955,-88.9));
#7138 = DIRECTION('',(0.,0.,-1.));
#7139 = DIRECTION('',(1.,0.,0.));
#7140 = PCURVE('',#7009,#7141);
#7141 = DEFINITIONAL_REPRESENTATION('',(#7142),#7150);
#7142 = ( BOUNDED_CURVE() B_SPLINE_CURVE(2,(#7143,#7144,#7145,#7146,
#7147,#7148,#7149),.UNSPECIFIED.,.T.,.F.) B_SPLINE_CURVE_WITH_KNOTS((1,2
    ,2,2,2,1),(-2.094395102393,0.,2.094395102393,4.188790204786,
6.28318530718,8.377580409573),.UNSPECIFIED.) CURVE() 
GEOMETRIC_REPRESENTATION_ITEM() RATIONAL_B_SPLINE_CURVE((1.,0.5,1.,0.5,
1.,0.5,1.)) REPRESENTATION_ITEM('') );
#7143 = CARTESIAN_POINT('',(178.16740289807,81.565324515955));
#7144 = CARTESIAN_POINT('',(178.16740289807,75.936159391356));
#7145 = CARTESIAN_POINT('',(173.29240289807,78.750741953656));
#7146 = CARTESIAN_POINT('',(168.41740289807,81.565324515955));
#7147 = CARTESIAN_POINT('',(173.29240289807,84.379907078254));
#7148 = CARTESIAN_POINT('',(178.16740289807,87.194489640554));
#7149 = CARTESIAN_POINT('',(178.16740289807,81.565324515955));
#7150 = ( GEOMETRIC_REPRESENTATION_CONTEXT(2) 
PARAMETRIC_REPRESENTATION_CONTEXT() REPRESENTATION_CONTEXT('2D SPACE',''
  ) );
#7151 = PCURVE('',#7082,#7152);
#7152 = DEFINITIONAL_REPRESENTATION('',(#7153),#7157);
#7153 = LINE('',#7154,#7155);
#7154 = CARTESIAN_POINT('',(-6.28318530718,-6.1));
#7155 = VECTOR('',#7156,1.);
#7156 = DIRECTION('',(1.,-0.));
#7157 = ( GEOMETRIC_REPRESENTATION_CONTEXT(2) 
PARAMETRIC_REPRESENTATION_CONTEXT() REPRESENTATION_CONTEXT('2D SPACE',''
  ) );
#7158 = ADVANCED_FACE('',(#7159,#7190),#7044,.T.);
#7159 = FACE_BOUND('',#7160,.T.);
#7160 = EDGE_LOOP('',(#7161));
#7161 = ORIENTED_EDGE('',*,*,#7162,.T.);
#7162 = EDGE_CURVE('',#7163,#7163,#7165,.T.);
#7163 = VERTEX_POINT('',#7164);
#7164 = CARTESIAN_POINT('',(204.4,0.,88.9));
#7165 = SURFACE_CURVE('',#7166,(#7171,#7178),.PCURVE_S1.);
#7166 = CIRCLE('',#7167,204.4);
#7167 = AXIS2_PLACEMENT_3D('',#7168,#7169,#7170);
#7168 = CARTESIAN_POINT('',(0.,0.,88.9));
#7169 = DIRECTION('',(0.,0.,1.));
#7170 = DIRECTION('',(1.,0.,0.));
#7171 = PCURVE('',#7044,#7172);
#7172 = DEFINITIONAL_REPRESENTATION('',(#7173),#7177);
#7173 = CIRCLE('',#7174,204.4);
#7174 = AXIS2_PLACEMENT_2D('',#7175,#7176);
#7175 = CARTESIAN_POINT('',(2.05517421094E-14,-1.905839595434E-14));
#7176 = DIRECTION('',(1.,0.));
#7177 = ( GEOMETRIC_REPRESENTATION_CONTEXT(2) 
PARAMETRIC_REPRESENTATION_CONTEXT() REPRESENTATION_CONTEXT('2D SPACE',''
  ) );
#7178 = PCURVE('',#7179,#7184);
#7179 = CYLINDRICAL_SURFACE('',#7180,204.4);
#7180 = AXIS2_PLACEMENT_3D('',#7181,#7182,#7183);
#7181 = CARTESIAN_POINT('',(0.,0.,76.9));
#7182 = DIRECTION('',(-0.,-0.,-1.));
#7183 = DIRECTION('',(1.,0.,0.));
#7184 = DEFINITIONAL_REPRESENTATION('',(#7185),#7189);
#7185 = LINE('',#7186,#7187);
#7186 = CARTESIAN_POINT('',(-0.,-12.));
#7187 = VECTOR('',#7188,1.);
#7188 = DIRECTION('',(-1.,0.));
#7189 = ( GEOMETRIC_REPRESENTATION_CONTEXT(2) 
PARAMETRIC_REPRESENTATION_CONTEXT() REPRESENTATION_CONTEXT('2D SPACE',''
  ) );
#7190 = FACE_BOUND('',#7191,.T.);
#7191 = EDGE_LOOP('',(#7192));
#7192 = ORIENTED_EDGE('',*,*,#7027,.F.);
#7193 = ADVANCED_FACE('',(#7194),#7082,.F.);
#7194 = FACE_BOUND('',#7195,.T.);
#7195 = EDGE_LOOP('',(#7196,#7197,#7218,#7219));
#7196 = ORIENTED_EDGE('',*,*,#7131,.T.);
#7197 = ORIENTED_EDGE('',*,*,#7198,.T.);
#7198 = EDGE_CURVE('',#7132,#7062,#7199,.T.);
#7199 = SEAM_CURVE('',#7200,(#7204,#7211),.PCURVE_S1.);
#7200 = LINE('',#7201,#7202);
#7201 = CARTESIAN_POINT('',(178.16740289807,81.565324515955,-95.));
#7202 = VECTOR('',#7203,1.);
#7203 = DIRECTION('',(0.,0.,1.));
#7204 = PCURVE('',#7082,#7205);
#7205 = DEFINITIONAL_REPRESENTATION('',(#7206),#7210);
#7206 = LINE('',#7207,#7208);
#7207 = CARTESIAN_POINT('',(-6.28318530718,0.));
#7208 = VECTOR('',#7209,1.);
#7209 = DIRECTION('',(-0.,-1.));
#7210 = ( GEOMETRIC_REPRESENTATION_CONTEXT(2) 
PARAMETRIC_REPRESENTATION_CONTEXT() REPRESENTATION_CONTEXT('2D SPACE',''
  ) );
#7211 = PCURVE('',#7082,#7212);
#7212 = DEFINITIONAL_REPRESENTATION('',(#7213),#7217);
#7213 = LINE('',#7214,#7215);
#7214 = CARTESIAN_POINT('',(-0.,0.));
#7215 = VECTOR('',#7216,1.);
#7216 = DIRECTION('',(-0.,-1.));
#7217 = ( GEOMETRIC_REPRESENTATION_CONTEXT(2) 
PARAMETRIC_REPRESENTATION_CONTEXT() REPRESENTATION_CONTEXT('2D SPACE',''
  ) );
#7218 = ORIENTED_EDGE('',*,*,#7061,.F.);
#7219 = ORIENTED_EDGE('',*,*,#7198,.F.);
#7220 = ADVANCED_FACE('',(#7221,#7252),#7114,.F.);
#7221 = FACE_BOUND('',#7222,.F.);
#7222 = EDGE_LOOP('',(#7223));
#7223 = ORIENTED_EDGE('',*,*,#7224,.T.);
#7224 = EDGE_CURVE('',#7225,#7225,#7227,.T.);
#7225 = VERTEX_POINT('',#7226);
#7226 = CARTESIAN_POINT('',(203.2,0.,-88.9));
#7227 = SURFACE_CURVE('',#7228,(#7233,#7240),.PCURVE_S1.);
#7228 = CIRCLE('',#7229,203.2);
#7229 = AXIS2_PLACEMENT_3D('',#7230,#7231,#7232);
#7230 = CARTESIAN_POINT('',(0.,0.,-88.9));
#7231 = DIRECTION('',(0.,0.,1.));
#7232 = DIRECTION('',(1.,0.,0.));
#7233 = PCURVE('',#7114,#7234);
#7234 = DEFINITIONAL_REPRESENTATION('',(#7235),#7239);
#7235 = CIRCLE('',#7236,203.2);
#7236 = AXIS2_PLACEMENT_2D('',#7237,#7238);
#7237 = CARTESIAN_POINT('',(0.,-1.926920656733E-14));
#7238 = DIRECTION('',(1.,0.));
#7239 = ( GEOMETRIC_REPRESENTATION_CONTEXT(2) 
PARAMETRIC_REPRESENTATION_CONTEXT() REPRESENTATION_CONTEXT('2D SPACE',''
  ) );
#7240 = PCURVE('',#7241,#7246);
#7241 = CYLINDRICAL_SURFACE('',#7242,203.2);
#7242 = AXIS2_PLACEMENT_3D('',#7243,#7244,#7245);
#7243 = CARTESIAN_POINT('',(0.,0.,0.));
#7244 = DIRECTION('',(0.,0.,1.));
#7245 = DIRECTION('',(1.,0.,0.));
#7246 = DEFINITIONAL_REPRESENTATION('',(#7247),#7251);
#7247 = LINE('',#7248,#7249);
#7248 = CARTESIAN_POINT('',(0.,-88.9));
#7249 = VECTOR('',#7250,1.);
#7250 = DIRECTION('',(1.,0.));
#7251 = ( GEOMETRIC_REPRESENTATION_CONTEXT(2) 
PARAMETRIC_REPRESENTATION_CONTEXT() REPRESENTATION_CONTEXT('2D SPACE',''
  ) );
#7252 = FACE_BOUND('',#7253,.F.);
#7253 = EDGE_LOOP('',(#7254));
#7254 = ORIENTED_EDGE('',*,*,#7097,.F.);
#7255 = ADVANCED_FACE('',(#7256),#7179,.T.);
#7256 = FACE_BOUND('',#7257,.F.);
#7257 = EDGE_LOOP('',(#7258,#7281,#7282,#7283));
#7258 = ORIENTED_EDGE('',*,*,#7259,.T.);
#7259 = EDGE_CURVE('',#7260,#7163,#7262,.T.);
#7260 = VERTEX_POINT('',#7261);
#7261 = CARTESIAN_POINT('',(204.4,0.,76.9));
#7262 = SEAM_CURVE('',#7263,(#7267,#7274),.PCURVE_S1.);
#7263 = LINE('',#7264,#7265);
#7264 = CARTESIAN_POINT('',(204.4,0.,76.9));
#7265 = VECTOR('',#7266,1.);
#7266 = DIRECTION('',(0.,0.,1.));
#7267 = PCURVE('',#7179,#7268);
#7268 = DEFINITIONAL_REPRESENTATION('',(#7269),#7273);
#7269 = LINE('',#7270,#7271);
#7270 = CARTESIAN_POINT('',(-0.,0.));
#7271 = VECTOR('',#7272,1.);
#7272 = DIRECTION('',(-0.,-1.));
#7273 = ( GEOMETRIC_REPRESENTATION_CONTEXT(2) 
PARAMETRIC_REPRESENTATION_CONTEXT() REPRESENTATION_CONTEXT('2D SPACE',''
  ) );
#7274 = PCURVE('',#7179,#7275);
#7275 = DEFINITIONAL_REPRESENTATION('',(#7276),#7280);
#7276 = LINE('',#7277,#7278);
#7277 = CARTESIAN_POINT('',(-6.28318530718,0.));
#7278 = VECTOR('',#7279,1.);
#7279 = DIRECTION('',(-0.,-1.));
#7280 = ( GEOMETRIC_REPRESENTATION_CONTEXT(2) 
PARAMETRIC_REPRESENTATION_CONTEXT() REPRESENTATION_CONTEXT('2D SPACE',''
  ) );
#7281 = ORIENTED_EDGE('',*,*,#7162,.T.);
#7282 = ORIENTED_EDGE('',*,*,#7259,.F.);
#7283 = ORIENTED_EDGE('',*,*,#7284,.F.);
#7284 = EDGE_CURVE('',#7260,#7260,#7285,.T.);
#7285 = SURFACE_CURVE('',#7286,(#7291,#7298),.PCURVE_S1.);
#7286 = CIRCLE('',#7287,204.4);
#7287 = AXIS2_PLACEMENT_3D('',#7288,#7289,#7290);
#7288 = CARTESIAN_POINT('',(0.,0.,76.9));
#7289 = DIRECTION('',(0.,0.,1.));
#7290 = DIRECTION('',(1.,0.,0.));
#7291 = PCURVE('',#7179,#7292);
#7292 = DEFINITIONAL_REPRESENTATION('',(#7293),#7297);
#7293 = LINE('',#7294,#7295);
#7294 = CARTESIAN_POINT('',(-0.,0.));
#7295 = VECTOR('',#7296,1.);
#7296 = DIRECTION('',(-1.,0.));
#7297 = ( GEOMETRIC_REPRESENTATION_CONTEXT(2) 
PARAMETRIC_REPRESENTATION_CONTEXT() REPRESENTATION_CONTEXT('2D SPACE',''
  ) );
#7298 = PCURVE('',#7299,#7304);
#7299 = PLANE('',#7300);
#7300 = AXIS2_PLACEMENT_3D('',#7301,#7302,#7303);
#7301 = CARTESIAN_POINT('',(-2.05517421094E-14,1.905839595434E-14,76.9)
  );
#7302 = DIRECTION('',(0.,0.,1.));
#7303 = DIRECTION('',(1.,0.,-0.));
#7304 = DEFINITIONAL_REPRESENTATION('',(#7305),#7309);
#7305 = CIRCLE('',#7306,204.4);
#7306 = AXIS2_PLACEMENT_2D('',#7307,#7308);
#7307 = CARTESIAN_POINT('',(2.05517421094E-14,-1.905839595434E-14));
#7308 = DIRECTION('',(1.,0.));
#7309 = ( GEOMETRIC_REPRESENTATION_CONTEXT(2) 
PARAMETRIC_REPRESENTATION_CONTEXT() REPRESENTATION_CONTEXT('2D SPACE',''
  ) );
#7310 = ADVANCED_FACE('',(#7311),#7241,.T.);
#7311 = FACE_BOUND('',#7312,.T.);
#7312 = EDGE_LOOP('',(#7313,#7336,#7337,#7338));
#7313 = ORIENTED_EDGE('',*,*,#7314,.T.);
#7314 = EDGE_CURVE('',#7315,#7225,#7317,.T.);
#7315 = VERTEX_POINT('',#7316);
#7316 = CARTESIAN_POINT('',(203.2,0.,0.));
#7317 = SEAM_CURVE('',#7318,(#7322,#7329),.PCURVE_S1.);
#7318 = LINE('',#7319,#7320);
#7319 = CARTESIAN_POINT('',(203.2,0.,0.));
#7320 = VECTOR('',#7321,1.);
#7321 = DIRECTION('',(-0.,-0.,-1.));
#7322 = PCURVE('',#7241,#7323);
#7323 = DEFINITIONAL_REPRESENTATION('',(#7324),#7328);
#7324 = LINE('',#7325,#7326);
#7325 = CARTESIAN_POINT('',(0.,0.));
#7326 = VECTOR('',#7327,1.);
#7327 = DIRECTION('',(0.,-1.));
#7328 = ( GEOMETRIC_REPRESENTATION_CONTEXT(2) 
PARAMETRIC_REPRESENTATION_CONTEXT() REPRESENTATION_CONTEXT('2D SPACE',''
  ) );
#7329 = PCURVE('',#7241,#7330);
#7330 = DEFINITIONAL_REPRESENTATION('',(#7331),#7335);
#7331 = LINE('',#7332,#7333);
#7332 = CARTESIAN_POINT('',(6.28318530718,0.));
#7333 = VECTOR('',#7334,1.);
#7334 = DIRECTION('',(0.,-1.));
#7335 = ( GEOMETRIC_REPRESENTATION_CONTEXT(2) 
PARAMETRIC_REPRESENTATION_CONTEXT() REPRESENTATION_CONTEXT('2D SPACE',''
  ) );
#7336 = ORIENTED_EDGE('',*,*,#7224,.T.);
#7337 = ORIENTED_EDGE('',*,*,#7314,.F.);
#7338 = ORIENTED_EDGE('',*,*,#7339,.F.);
#7339 = EDGE_CURVE('',#7315,#7315,#7340,.T.);
#7340 = SURFACE_CURVE('',#7341,(#7346,#7352),.PCURVE_S1.);
#7341 = CIRCLE('',#7342,203.2);
#7342 = AXIS2_PLACEMENT_3D('',#7343,#7344,#7345);
#7343 = CARTESIAN_POINT('',(0.,0.,0.));
#7344 = DIRECTION('',(0.,0.,1.));
#7345 = DIRECTION('',(1.,0.,0.));
#7346 = PCURVE('',#7241,#7347);
#7347 = DEFINITIONAL_REPRESENTATION('',(#7348),#7351);
#7348 = B_SPLINE_CURVE_WITH_KNOTS('',1,(#7349,#7350),.UNSPECIFIED.,.F.,
  .F.,(2,2),(0.,6.28318530718),.PIECEWISE_BEZIER_KNOTS.);
#7349 = CARTESIAN_POINT('',(0.,0.));
#7350 = CARTESIAN_POINT('',(6.28318530718,0.));
#7351 = ( GEOMETRIC_REPRESENTATION_CONTEXT(2) 
PARAMETRIC_REPRESENTATION_CONTEXT() REPRESENTATION_CONTEXT('2D SPACE',''
  ) );
#7352 = PCURVE('',#7353,#7358);
#7353 = CYLINDRICAL_SURFACE('',#7354,203.2);
#7354 = AXIS2_PLACEMENT_3D('',#7355,#7356,#7357);
#7355 = CARTESIAN_POINT('',(0.,0.,0.));
#7356 = DIRECTION('',(-0.,-0.,-1.));
#7357 = DIRECTION('',(1.,0.,0.));
#7358 = DEFINITIONAL_REPRESENTATION('',(#7359),#7363);
#7359 = LINE('',#7360,#7361);
#7360 = CARTESIAN_POINT('',(-0.,0.));
#7361 = VECTOR('',#7362,1.);
#7362 = DIRECTION('',(-1.,0.));
#7363 = ( GEOMETRIC_REPRESENTATION_CONTEXT(2) 
PARAMETRIC_REPRESENTATION_CONTEXT() REPRESENTATION_CONTEXT('2D SPACE',''
  ) );
#7364 = ADVANCED_FACE('',(#7365,#7368),#7299,.F.);
#7365 = FACE_BOUND('',#7366,.F.);
#7366 = EDGE_LOOP('',(#7367));
#7367 = ORIENTED_EDGE('',*,*,#7284,.T.);
#7368 = FACE_BOUND('',#7369,.F.);
#7369 = EDGE_LOOP('',(#7370));
#7370 = ORIENTED_EDGE('',*,*,#7371,.T.);
#7371 = EDGE_CURVE('',#7372,#7372,#7374,.T.);
#7372 = VERTEX_POINT('',#7373);
#7373 = CARTESIAN_POINT('',(203.2,0.,76.9));
#7374 = SURFACE_CURVE('',#7375,(#7380,#7391),.PCURVE_S1.);
#7375 = CIRCLE('',#7376,203.2);
#7376 = AXIS2_PLACEMENT_3D('',#7377,#7378,#7379);
#7377 = CARTESIAN_POINT('',(0.,0.,76.9));
#7378 = DIRECTION('',(0.,0.,-1.));
#7379 = DIRECTION('',(1.,0.,0.));
#7380 = PCURVE('',#7299,#7381);
#7381 = DEFINITIONAL_REPRESENTATION('',(#7382),#7390);
#7382 = ( BOUNDED_CURVE() B_SPLINE_CURVE(2,(#7383,#7384,#7385,#7386,
#7387,#7388,#7389),.UNSPECIFIED.,.T.,.F.) B_SPLINE_CURVE_WITH_KNOTS((1,2
    ,2,2,2,1),(-2.094395102393,0.,2.094395102393,4.188790204786,
6.28318530718,8.377580409573),.UNSPECIFIED.) CURVE() 
GEOMETRIC_REPRESENTATION_ITEM() RATIONAL_B_SPLINE_CURVE((1.,0.5,1.,0.5,
1.,0.5,1.)) REPRESENTATION_ITEM('') );
#7383 = CARTESIAN_POINT('',(203.2,-1.905839595434E-14));
#7384 = CARTESIAN_POINT('',(203.2,-351.9527240979));
#7385 = CARTESIAN_POINT('',(-101.6,-175.9763620489));
#7386 = CARTESIAN_POINT('',(-406.4,-6.882804187169E-14));
#7387 = CARTESIAN_POINT('',(-101.6,175.97636204899));
#7388 = CARTESIAN_POINT('',(203.2,351.95272409799));
#7389 = CARTESIAN_POINT('',(203.2,-1.905839595434E-14));
#7390 = ( GEOMETRIC_REPRESENTATION_CONTEXT(2) 
PARAMETRIC_REPRESENTATION_CONTEXT() REPRESENTATION_CONTEXT('2D SPACE',''
  ) );
#7391 = PCURVE('',#7353,#7392);
#7392 = DEFINITIONAL_REPRESENTATION('',(#7393),#7397);
#7393 = LINE('',#7394,#7395);
#7394 = CARTESIAN_POINT('',(-6.28318530718,-76.9));
#7395 = VECTOR('',#7396,1.);
#7396 = DIRECTION('',(1.,-0.));
#7397 = ( GEOMETRIC_REPRESENTATION_CONTEXT(2) 
PARAMETRIC_REPRESENTATION_CONTEXT() REPRESENTATION_CONTEXT('2D SPACE',''
  ) );
#7398 = ADVANCED_FACE('',(#7399),#7353,.T.);
#7399 = FACE_BOUND('',#7400,.F.);
#7400 = EDGE_LOOP('',(#7401,#7402,#7423,#7424));
#7401 = ORIENTED_EDGE('',*,*,#7339,.F.);
#7402 = ORIENTED_EDGE('',*,*,#7403,.T.);
#7403 = EDGE_CURVE('',#7315,#7372,#7404,.T.);
#7404 = SEAM_CURVE('',#7405,(#7409,#7416),.PCURVE_S1.);
#7405 = LINE('',#7406,#7407);
#7406 = CARTESIAN_POINT('',(203.2,0.,0.));
#7407 = VECTOR('',#7408,1.);
#7408 = DIRECTION('',(0.,0.,1.));
#7409 = PCURVE('',#7353,#7410);
#7410 = DEFINITIONAL_REPRESENTATION('',(#7411),#7415);
#7411 = LINE('',#7412,#7413);
#7412 = CARTESIAN_POINT('',(-6.28318530718,0.));
#7413 = VECTOR('',#7414,1.);
#7414 = DIRECTION('',(-0.,-1.));
#7415 = ( GEOMETRIC_REPRESENTATION_CONTEXT(2) 
PARAMETRIC_REPRESENTATION_CONTEXT() REPRESENTATION_CONTEXT('2D SPACE',''
  ) );
#7416 = PCURVE('',#7353,#7417);
#7417 = DEFINITIONAL_REPRESENTATION('',(#7418),#7422);
#7418 = LINE('',#7419,#7420);
#7419 = CARTESIAN_POINT('',(-0.,0.));
#7420 = VECTOR('',#7421,1.);
#7421 = DIRECTION('',(-0.,-1.));
#7422 = ( GEOMETRIC_REPRESENTATION_CONTEXT(2) 
PARAMETRIC_REPRESENTATION_CONTEXT() REPRESENTATION_CONTEXT('2D SPACE',''
  ) );
#7423 = ORIENTED_EDGE('',*,*,#7371,.F.);
#7424 = ORIENTED_EDGE('',*,*,#7403,.F.);
#7425 = ( GEOMETRIC_REPRESENTATION_CONTEXT(3) 
GLOBAL_UNCERTAINTY_ASSIGNED_CONTEXT((#7429)) 
GLOBAL_UNIT_ASSIGNED_CONTEXT((#7426,#7427,#7428)) REPRESENTATION_CONTEXT
('Context #1','3D Context with UNIT and UNCERTAINTY') );
#7426 = ( LENGTH_UNIT() NAMED_UNIT(*) SI_UNIT(.MILLI.,.METRE.) );
#7427 = ( NAMED_UNIT(*) PLANE_ANGLE_UNIT() SI_UNIT($,.RADIAN.) );
#7428 = ( NAMED_UNIT(*) SI_UNIT($,.STERADIAN.) SOLID_ANGLE_UNIT() );
#7429 = UNCERTAINTY_MEASURE_WITH_UNIT(LENGTH_MEASURE(1.E-07),#7426,
  'distance_accuracy_value','confusion accuracy');
#7430 = CONTEXT_DEPENDENT_SHAPE_REPRESENTATION(#7431,#7433);
#7431 = ( REPRESENTATION_RELATIONSHIP('','',#56,#10) 
REPRESENTATION_RELATIONSHIP_WITH_TRANSFORMATION(#7432) 
SHAPE_REPRESENTATION_RELATIONSHIP() );
#7432 = ITEM_DEFINED_TRANSFORMATION('','',#11,#15);
#7433 = PRODUCT_DEFINITION_SHAPE('Placement','Placement of an item',
  #7434);
#7434 = NEXT_ASSEMBLY_USAGE_OCCURRENCE('1','','',#5,#51,$);
#7435 = PRODUCT_RELATED_PRODUCT_CATEGORY('part',$,(#53));
#7436 = SHAPE_DEFINITION_REPRESENTATION(#7437,#7443);
#7437 = PRODUCT_DEFINITION_SHAPE('','',#7438);
#7438 = PRODUCT_DEFINITION('design','',#7439,#7442);
#7439 = PRODUCT_DEFINITION_FORMATION('','',#7440);
#7440 = PRODUCT('Open CASCADE STEP translator 7.9 1.2',
  'Open CASCADE STEP translator 7.9 1.2','',(#7441));
#7441 = PRODUCT_CONTEXT('',#2,'mechanical');
#7442 = PRODUCT_DEFINITION_CONTEXT('part definition',#2,'design');
#7443 = ADVANCED_BREP_SHAPE_REPRESENTATION('',(#11,#7444),#7542);
#7444 = MANIFOLD_SOLID_BREP('',#7445);
#7445 = CLOSED_SHELL('',(#7446,#7534,#7538));
#7446 = ADVANCED_FACE('',(#7447),#7461,.T.);
#7447 = FACE_BOUND('',#7448,.F.);
#7448 = EDGE_LOOP('',(#7449,#7479,#7506,#7507));
#7449 = ORIENTED_EDGE('',*,*,#7450,.T.);
#7450 = EDGE_CURVE('',#7451,#7453,#7455,.T.);
#7451 = VERTEX_POINT('',#7452);
#7452 = CARTESIAN_POINT('',(56.729473419497,29.,73.));
#7453 = VERTEX_POINT('',#7454);
#7454 = CARTESIAN_POINT('',(56.729473419497,29.,80.));
#7455 = SEAM_CURVE('',#7456,(#7460,#7472),.PCURVE_S1.);
#7456 = LINE('',#7457,#7458);
#7457 = CARTESIAN_POINT('',(56.729473419497,29.,73.));
#7458 = VECTOR('',#7459,1.);
#7459 = DIRECTION('',(0.,0.,1.));
#7460 = PCURVE('',#7461,#7466);
#7461 = CYLINDRICAL_SURFACE('',#7462,6.5);
#7462 = AXIS2_PLACEMENT_3D('',#7463,#7464,#7465);
#7463 = CARTESIAN_POINT('',(50.229473419497,29.,73.));
#7464 = DIRECTION('',(-0.,-0.,-1.));
#7465 = DIRECTION('',(1.,0.,0.));
#7466 = DEFINITIONAL_REPRESENTATION('',(#7467),#7471);
#7467 = LINE('',#7468,#7469);
#7468 = CARTESIAN_POINT('',(-0.,0.));
#7469 = VECTOR('',#7470,1.);
#7470 = DIRECTION('',(-0.,-1.));
#7471 = ( GEOMETRIC_REPRESENTATION_CONTEXT(2) 
PARAMETRIC_REPRESENTATION_CONTEXT() REPRESENTATION_CONTEXT('2D SPACE',''
  ) );
#7472 = PCURVE('',#7461,#7473);
#7473 = DEFINITIONAL_REPRESENTATION('',(#7474),#7478);
#7474 = LINE('',#7475,#7476);
#7475 = CARTESIAN_POINT('',(-6.28318530718,0.));
#7476 = VECTOR('',#7477,1.);
#7477 = DIRECTION('',(-0.,-1.));
#7478 = ( GEOMETRIC_REPRESENTATION_CONTEXT(2) 
PARAMETRIC_REPRESENTATION_CONTEXT() REPRESENTATION_CONTEXT('2D SPACE',''
  ) );
#7479 = ORIENTED_EDGE('',*,*,#7480,.T.);
#7480 = EDGE_CURVE('',#7453,#7453,#7481,.T.);
#7481 = SURFACE_CURVE('',#7482,(#7487,#7494),.PCURVE_S1.);
#7482 = CIRCLE('',#7483,6.5);
#7483 = AXIS2_PLACEMENT_3D('',#7484,#7485,#7486);
#7484 = CARTESIAN_POINT('',(50.229473419497,29.,80.));
#7485 = DIRECTION('',(0.,0.,1.));
#7486 = DIRECTION('',(1.,0.,0.));
#7487 = PCURVE('',#7461,#7488);
#7488 = DEFINITIONAL_REPRESENTATION('',(#7489),#7493);
#7489 = LINE('',#7490,#7491);
#7490 = CARTESIAN_POINT('',(-0.,-7.));
#7491 = VECTOR('',#7492,1.);
#7492 = DIRECTION('',(-1.,0.));
#7493 = ( GEOMETRIC_REPRESENTATION_CONTEXT(2) 
PARAMETRIC_REPRESENTATION_CONTEXT() REPRESENTATION_CONTEXT('2D SPACE',''
  ) );
#7494 = PCURVE('',#7495,#7500);
#7495 = PLANE('',#7496);
#7496 = AXIS2_PLACEMENT_3D('',#7497,#7498,#7499);
#7497 = CARTESIAN_POINT('',(50.229473419497,29.,80.));
#7498 = DIRECTION('',(0.,0.,1.));
#7499 = DIRECTION('',(1.,0.,-0.));
#7500 = DEFINITIONAL_REPRESENTATION('',(#7501),#7505);
#7501 = CIRCLE('',#7502,6.5);
#7502 = AXIS2_PLACEMENT_2D('',#7503,#7504);
#7503 = CARTESIAN_POINT('',(7.105427357601E-15,0.));
#7504 = DIRECTION('',(1.,0.));
#7505 = ( GEOMETRIC_REPRESENTATION_CONTEXT(2) 
PARAMETRIC_REPRESENTATION_CONTEXT() REPRESENTATION_CONTEXT('2D SPACE',''
  ) );
#7506 = ORIENTED_EDGE('',*,*,#7450,.F.);
#7507 = ORIENTED_EDGE('',*,*,#7508,.F.);
#7508 = EDGE_CURVE('',#7451,#7451,#7509,.T.);
#7509 = SURFACE_CURVE('',#7510,(#7515,#7522),.PCURVE_S1.);
#7510 = CIRCLE('',#7511,6.5);
#7511 = AXIS2_PLACEMENT_3D('',#7512,#7513,#7514);
#7512 = CARTESIAN_POINT('',(50.229473419497,29.,73.));
#7513 = DIRECTION('',(0.,0.,1.));
#7514 = DIRECTION('',(1.,0.,0.));
#7515 = PCURVE('',#7461,#7516);
#7516 = DEFINITIONAL_REPRESENTATION('',(#7517),#7521);
#7517 = LINE('',#7518,#7519);
#7518 = CARTESIAN_POINT('',(-0.,0.));
#7519 = VECTOR('',#7520,1.);
#7520 = DIRECTION('',(-1.,0.));
#7521 = ( GEOMETRIC_REPRESENTATION_CONTEXT(2) 
PARAMETRIC_REPRESENTATION_CONTEXT() REPRESENTATION_CONTEXT('2D SPACE',''
  ) );
#7522 = PCURVE('',#7523,#7528);
#7523 = PLANE('',#7524);
#7524 = AXIS2_PLACEMENT_3D('',#7525,#7526,#7527);
#7525 = CARTESIAN_POINT('',(50.229473419497,29.,73.));
#7526 = DIRECTION('',(0.,0.,1.));
#7527 = DIRECTION('',(1.,0.,-0.));
#7528 = DEFINITIONAL_REPRESENTATION('',(#7529),#7533);
#7529 = CIRCLE('',#7530,6.5);
#7530 = AXIS2_PLACEMENT_2D('',#7531,#7532);
#7531 = CARTESIAN_POINT('',(7.105427357601E-15,0.));
#7532 = DIRECTION('',(1.,0.));
#7533 = ( GEOMETRIC_REPRESENTATION_CONTEXT(2) 
PARAMETRIC_REPRESENTATION_CONTEXT() REPRESENTATION_CONTEXT('2D SPACE',''
  ) );
#7534 = ADVANCED_FACE('',(#7535),#7523,.F.);
#7535 = FACE_BOUND('',#7536,.F.);
#7536 = EDGE_LOOP('',(#7537));
#7537 = ORIENTED_EDGE('',*,*,#7508,.T.);
#7538 = ADVANCED_FACE('',(#7539),#7495,.T.);
#7539 = FACE_BOUND('',#7540,.T.);
#7540 = EDGE_LOOP('',(#7541));
#7541 = ORIENTED_EDGE('',*,*,#7480,.T.);
#7542 = ( GEOMETRIC_REPRESENTATION_CONTEXT(3) 
GLOBAL_UNCERTAINTY_ASSIGNED_CONTEXT((#7546)) 
GLOBAL_UNIT_ASSIGNED_CONTEXT((#7543,#7544,#7545)) REPRESENTATION_CONTEXT
('Context #1','3D Context with UNIT and UNCERTAINTY') );
#7543 = ( LENGTH_UNIT() NAMED_UNIT(*) SI_UNIT(.MILLI.,.METRE.) );
#7544 = ( NAMED_UNIT(*) PLANE_ANGLE_UNIT() SI_UNIT($,.RADIAN.) );
#7545 = ( NAMED_UNIT(*) SI_UNIT($,.STERADIAN.) SOLID_ANGLE_UNIT() );
#7546 = UNCERTAINTY_MEASURE_WITH_UNIT(LENGTH_MEASURE(1.E-07),#7543,
  'distance_accuracy_value','confusion accuracy');
#7547 = CONTEXT_DEPENDENT_SHAPE_REPRESENTATION(#7548,#7550);
#7548 = ( REPRESENTATION_RELATIONSHIP('','',#7443,#10) 
REPRESENTATION_RELATIONSHIP_WITH_TRANSFORMATION(#7549) 
SHAPE_REPRESENTATION_RELATIONSHIP() );
#7549 = ITEM_DEFINED_TRANSFORMATION('','',#11,#19);
#7550 = PRODUCT_DEFINITION_SHAPE('Placement','Placement of an item',
  #7551);
#7551 = NEXT_ASSEMBLY_USAGE_OCCURRENCE('2','','',#5,#7438,$);
#7552 = PRODUCT_RELATED_PRODUCT_CATEGORY('part',$,(#7440));
#7553 = SHAPE_DEFINITION_REPRESENTATION(#7554,#7560);
#7554 = PRODUCT_DEFINITION_SHAPE('','',#7555);
#7555 = PRODUCT_DEFINITION('design','',#7556,#7559);
#7556 = PRODUCT_DEFINITION_FORMATION('','',#7557);
#7557 = PRODUCT('Open CASCADE STEP translator 7.9 1.3',
  'Open CASCADE STEP translator 7.9 1.3','',(#7558));
#7558 = PRODUCT_CONTEXT('',#2,'mechanical');
#7559 = PRODUCT_DEFINITION_CONTEXT('part definition',#2,'design');
#7560 = ADVANCED_BREP_SHAPE_REPRESENTATION('',(#11,#7561),#7659);
#7561 = MANIFOLD_SOLID_BREP('',#7562);
#7562 = CLOSED_SHELL('',(#7563,#7651,#7655));
#7563 = ADVANCED_FACE('',(#7564),#7578,.T.);
#7564 = FACE_BOUND('',#7565,.F.);
#7565 = EDGE_LOOP('',(#7566,#7596,#7623,#7624));
#7566 = ORIENTED_EDGE('',*,*,#7567,.T.);
#7567 = EDGE_CURVE('',#7568,#7570,#7572,.T.);
#7568 = VERTEX_POINT('',#7569);
#7569 = CARTESIAN_POINT('',(6.5,58.,73.));
#7570 = VERTEX_POINT('',#7571);
#7571 = CARTESIAN_POINT('',(6.5,58.,80.));
#7572 = SEAM_CURVE('',#7573,(#7577,#7589),.PCURVE_S1.);
#7573 = LINE('',#7574,#7575);
#7574 = CARTESIAN_POINT('',(6.5,58.,73.));
#7575 = VECTOR('',#7576,1.);
#7576 = DIRECTION('',(0.,0.,1.));
#7577 = PCURVE('',#7578,#7583);
#7578 = CYLINDRICAL_SURFACE('',#7579,6.5);
#7579 = AXIS2_PLACEMENT_3D('',#7580,#7581,#7582);
#7580 = CARTESIAN_POINT('',(3.551475717527E-15,58.,73.));
#7581 = DIRECTION('',(-0.,-0.,-1.));
#7582 = DIRECTION('',(1.,0.,0.));
#7583 = DEFINITIONAL_REPRESENTATION('',(#7584),#7588);
#7584 = LINE('',#7585,#7586);
#7585 = CARTESIAN_POINT('',(-0.,0.));
#7586 = VECTOR('',#7587,1.);
#7587 = DIRECTION('',(-0.,-1.));
#7588 = ( GEOMETRIC_REPRESENTATION_CONTEXT(2) 
PARAMETRIC_REPRESENTATION_CONTEXT() REPRESENTATION_CONTEXT('2D SPACE',''
  ) );
#7589 = PCURVE('',#7578,#7590);
#7590 = DEFINITIONAL_REPRESENTATION('',(#7591),#7595);
#7591 = LINE('',#7592,#7593);
#7592 = CARTESIAN_POINT('',(-6.28318530718,0.));
#7593 = VECTOR('',#7594,1.);
#7594 = DIRECTION('',(-0.,-1.));
#7595 = ( GEOMETRIC_REPRESENTATION_CONTEXT(2) 
PARAMETRIC_REPRESENTATION_CONTEXT() REPRESENTATION_CONTEXT('2D SPACE',''
  ) );
#7596 = ORIENTED_EDGE('',*,*,#7597,.T.);
#7597 = EDGE_CURVE('',#7570,#7570,#7598,.T.);
#7598 = SURFACE_CURVE('',#7599,(#7604,#7611),.PCURVE_S1.);
#7599 = CIRCLE('',#7600,6.5);
#7600 = AXIS2_PLACEMENT_3D('',#7601,#7602,#7603);
#7601 = CARTESIAN_POINT('',(3.551475717527E-15,58.,80.));
#7602 = DIRECTION('',(0.,0.,1.));
#7603 = DIRECTION('',(1.,0.,0.));
#7604 = PCURVE('',#7578,#7605);
#7605 = DEFINITIONAL_REPRESENTATION('',(#7606),#7610);
#7606 = LINE('',#7607,#7608);
#7607 = CARTESIAN_POINT('',(-0.,-7.));
#7608 = VECTOR('',#7609,1.);
#7609 = DIRECTION('',(-1.,0.));
#7610 = ( GEOMETRIC_REPRESENTATION_CONTEXT(2) 
PARAMETRIC_REPRESENTATION_CONTEXT() REPRESENTATION_CONTEXT('2D SPACE',''
  ) );
#7611 = PCURVE('',#7612,#7617);
#7612 = PLANE('',#7613);
#7613 = AXIS2_PLACEMENT_3D('',#7614,#7615,#7616);
#7614 = CARTESIAN_POINT('',(3.576381885103E-15,58.,80.));
#7615 = DIRECTION('',(0.,0.,1.));
#7616 = DIRECTION('',(1.,0.,-0.));
#7617 = DEFINITIONAL_REPRESENTATION('',(#7618),#7622);
#7618 = CIRCLE('',#7619,6.5);
#7619 = AXIS2_PLACEMENT_2D('',#7620,#7621);
#7620 = CARTESIAN_POINT('',(-2.490616757578E-17,7.105427357601E-15));
#7621 = DIRECTION('',(1.,0.));
#7622 = ( GEOMETRIC_REPRESENTATION_CONTEXT(2) 
PARAMETRIC_REPRESENTATION_CONTEXT() REPRESENTATION_CONTEXT('2D SPACE',''
  ) );
#7623 = ORIENTED_EDGE('',*,*,#7567,.F.);
#7624 = ORIENTED_EDGE('',*,*,#7625,.F.);
#7625 = EDGE_CURVE('',#7568,#7568,#7626,.T.);
#7626 = SURFACE_CURVE('',#7627,(#7632,#7639),.PCURVE_S1.);
#7627 = CIRCLE('',#7628,6.5);
#7628 = AXIS2_PLACEMENT_3D('',#7629,#7630,#7631);
#7629 = CARTESIAN_POINT('',(3.551475717527E-15,58.,73.));
#7630 = DIRECTION('',(0.,0.,1.));
#7631 = DIRECTION('',(1.,0.,0.));
#7632 = PCURVE('',#7578,#7633);
#7633 = DEFINITIONAL_REPRESENTATION('',(#7634),#7638);
#7634 = LINE('',#7635,#7636);
#7635 = CARTESIAN_POINT('',(-0.,0.));
#7636 = VECTOR('',#7637,1.);
#7637 = DIRECTION('',(-1.,0.));
#7638 = ( GEOMETRIC_REPRESENTATION_CONTEXT(2) 
PARAMETRIC_REPRESENTATION_CONTEXT() REPRESENTATION_CONTEXT('2D SPACE',''
  ) );
#7639 = PCURVE('',#7640,#7645);
#7640 = PLANE('',#7641);
#7641 = AXIS2_PLACEMENT_3D('',#7642,#7643,#7644);
#7642 = CARTESIAN_POINT('',(3.576381885103E-15,58.,73.));
#7643 = DIRECTION('',(0.,0.,1.));
#7644 = DIRECTION('',(1.,0.,-0.));
#7645 = DEFINITIONAL_REPRESENTATION('',(#7646),#7650);
#7646 = CIRCLE('',#7647,6.5);
#7647 = AXIS2_PLACEMENT_2D('',#7648,#7649);
#7648 = CARTESIAN_POINT('',(-2.490616757578E-17,7.105427357601E-15));
#7649 = DIRECTION('',(1.,0.));
#7650 = ( GEOMETRIC_REPRESENTATION_CONTEXT(2) 
PARAMETRIC_REPRESENTATION_CONTEXT() REPRESENTATION_CONTEXT('2D SPACE',''
  ) );
#7651 = ADVANCED_FACE('',(#7652),#7640,.F.);
#7652 = FACE_BOUND('',#7653,.F.);
#7653 = EDGE_LOOP('',(#7654));
#7654 = ORIENTED_EDGE('',*,*,#7625,.T.);
#7655 = ADVANCED_FACE('',(#7656),#7612,.T.);
#7656 = FACE_BOUND('',#7657,.T.);
#7657 = EDGE_LOOP('',(#7658));
#7658 = ORIENTED_EDGE('',*,*,#7597,.T.);
#7659 = ( GEOMETRIC_REPRESENTATION_CONTEXT(3) 
GLOBAL_UNCERTAINTY_ASSIGNED_CONTEXT((#7663)) 
GLOBAL_UNIT_ASSIGNED_CONTEXT((#7660,#7661,#7662)) REPRESENTATION_CONTEXT
('Context #1','3D Context with UNIT and UNCERTAINTY') );
#7660 = ( LENGTH_UNIT() NAMED_UNIT(*) SI_UNIT(.MILLI.,.METRE.) );
#7661 = ( NAMED_UNIT(*) PLANE_ANGLE_UNIT() SI_UNIT($,.RADIAN.) );
#7662 = ( NAMED_UNIT(*) SI_UNIT($,.STERADIAN.) SOLID_ANGLE_UNIT() );
#7663 = UNCERTAINTY_MEASURE_WITH_UNIT(LENGTH_MEASURE(1.E-07),#7660,
  'distance_accuracy_value','confusion accuracy');
#7664 = CONTEXT_DEPENDENT_SHAPE_REPRESENTATION(#7665,#7667);
#7665 = ( REPRESENTATION_RELATIONSHIP('','',#7560,#10) 
REPRESENTATION_RELATIONSHIP_WITH_TRANSFORMATION(#7666) 
SHAPE_REPRESENTATION_RELATIONSHIP() );
#7666 = ITEM_DEFINED_TRANSFORMATION('','',#11,#23);
#7667 = PRODUCT_DEFINITION_SHAPE('Placement','Placement of an item',
  #7668);
#7668 = NEXT_ASSEMBLY_USAGE_OCCURRENCE('3','','',#5,#7555,$);
#7669 = PRODUCT_RELATED_PRODUCT_CATEGORY('part',$,(#7557));
#7670 = SHAPE_DEFINITION_REPRESENTATION(#7671,#7677);
#7671 = PRODUCT_DEFINITION_SHAPE('','',#7672);
#7672 = PRODUCT_DEFINITION('design','',#7673,#7676);
#7673 = PRODUCT_DEFINITION_FORMATION('','',#7674);
#7674 = PRODUCT('Open CASCADE STEP translator 7.9 1.4',
  'Open CASCADE STEP translator 7.9 1.4','',(#7675));
#7675 = PRODUCT_CONTEXT('',#2,'mechanical');
#7676 = PRODUCT_DEFINITION_CONTEXT('part definition',#2,'design');
#7677 = ADVANCED_BREP_SHAPE_REPRESENTATION('',(#11,#7678),#7776);
#7678 = MANIFOLD_SOLID_BREP('',#7679);
#7679 = CLOSED_SHELL('',(#7680,#7768,#7772));
#7680 = ADVANCED_FACE('',(#7681),#7695,.T.);
#7681 = FACE_BOUND('',#7682,.F.);
#7682 = EDGE_LOOP('',(#7683,#7713,#7740,#7741));
#7683 = ORIENTED_EDGE('',*,*,#7684,.T.);
#7684 = EDGE_CURVE('',#7685,#7687,#7689,.T.);
#7685 = VERTEX_POINT('',#7686);
#7686 = CARTESIAN_POINT('',(-43.72947341949,29.,73.));
#7687 = VERTEX_POINT('',#7688);
#7688 = CARTESIAN_POINT('',(-43.72947341949,29.,80.));
#7689 = SEAM_CURVE('',#7690,(#7694,#7706),.PCURVE_S1.);
#7690 = LINE('',#7691,#7692);
#7691 = CARTESIAN_POINT('',(-43.72947341949,29.,73.));
#7692 = VECTOR('',#7693,1.);
#7693 = DIRECTION('',(0.,0.,1.));
#7694 = PCURVE('',#7695,#7700);
#7695 = CYLINDRICAL_SURFACE('',#7696,6.5);
#7696 = AXIS2_PLACEMENT_3D('',#7697,#7698,#7699);
#7697 = CARTESIAN_POINT('',(-50.22947341949,29.,73.));
#7698 = DIRECTION('',(-0.,-0.,-1.));
#7699 = DIRECTION('',(1.,0.,0.));
#7700 = DEFINITIONAL_REPRESENTATION('',(#7701),#7705);
#7701 = LINE('',#7702,#7703);
#7702 = CARTESIAN_POINT('',(-0.,0.));
#7703 = VECTOR('',#7704,1.);
#7704 = DIRECTION('',(-0.,-1.));
#7705 = ( GEOMETRIC_REPRESENTATION_CONTEXT(2) 
PARAMETRIC_REPRESENTATION_CONTEXT() REPRESENTATION_CONTEXT('2D SPACE',''
  ) );
#7706 = PCURVE('',#7695,#7707);
#7707 = DEFINITIONAL_REPRESENTATION('',(#7708),#7712);
#7708 = LINE('',#7709,#7710);
#7709 = CARTESIAN_POINT('',(-6.28318530718,0.));
#7710 = VECTOR('',#7711,1.);
#7711 = DIRECTION('',(-0.,-1.));
#7712 = ( GEOMETRIC_REPRESENTATION_CONTEXT(2) 
PARAMETRIC_REPRESENTATION_CONTEXT() REPRESENTATION_CONTEXT('2D SPACE',''
  ) );
#7713 = ORIENTED_EDGE('',*,*,#7714,.T.);
#7714 = EDGE_CURVE('',#7687,#7687,#7715,.T.);
#7715 = SURFACE_CURVE('',#7716,(#7721,#7728),.PCURVE_S1.);
#7716 = CIRCLE('',#7717,6.5);
#7717 = AXIS2_PLACEMENT_3D('',#7718,#7719,#7720);
#7718 = CARTESIAN_POINT('',(-50.22947341949,29.,80.));
#7719 = DIRECTION('',(0.,0.,1.));
#7720 = DIRECTION('',(1.,0.,0.));
#7721 = PCURVE('',#7695,#7722);
#7722 = DEFINITIONAL_REPRESENTATION('',(#7723),#7727);
#7723 = LINE('',#7724,#7725);
#7724 = CARTESIAN_POINT('',(-0.,-7.));
#7725 = VECTOR('',#7726,1.);
#7726 = DIRECTION('',(-1.,0.));
#7727 = ( GEOMETRIC_REPRESENTATION_CONTEXT(2) 
PARAMETRIC_REPRESENTATION_CONTEXT() REPRESENTATION_CONTEXT('2D SPACE',''
  ) );
#7728 = PCURVE('',#7729,#7734);
#7729 = PLANE('',#7730);
#7730 = AXIS2_PLACEMENT_3D('',#7731,#7732,#7733);
#7731 = CARTESIAN_POINT('',(-50.22947341949,29.,80.));
#7732 = DIRECTION('',(0.,0.,1.));
#7733 = DIRECTION('',(1.,0.,-0.));
#7734 = DEFINITIONAL_REPRESENTATION('',(#7735),#7739);
#7735 = CIRCLE('',#7736,6.5);
#7736 = AXIS2_PLACEMENT_2D('',#7737,#7738);
#7737 = CARTESIAN_POINT('',(-7.105427357601E-15,0.));
#7738 = DIRECTION('',(1.,0.));
#7739 = ( GEOMETRIC_REPRESENTATION_CONTEXT(2) 
PARAMETRIC_REPRESENTATION_CONTEXT() REPRESENTATION_CONTEXT('2D SPACE',''
  ) );
#7740 = ORIENTED_EDGE('',*,*,#7684,.F.);
#7741 = ORIENTED_EDGE('',*,*,#7742,.F.);
#7742 = EDGE_CURVE('',#7685,#7685,#7743,.T.);
#7743 = SURFACE_CURVE('',#7744,(#7749,#7756),.PCURVE_S1.);
#7744 = CIRCLE('',#7745,6.5);
#7745 = AXIS2_PLACEMENT_3D('',#7746,#7747,#7748);
#7746 = CARTESIAN_POINT('',(-50.22947341949,29.,73.));
#7747 = DIRECTION('',(0.,0.,1.));
#7748 = DIRECTION('',(1.,0.,0.));
#7749 = PCURVE('',#7695,#7750);
#7750 = DEFINITIONAL_REPRESENTATION('',(#7751),#7755);
#7751 = LINE('',#7752,#7753);
#7752 = CARTESIAN_POINT('',(-0.,0.));
#7753 = VECTOR('',#7754,1.);
#7754 = DIRECTION('',(-1.,0.));
#7755 = ( GEOMETRIC_REPRESENTATION_CONTEXT(2) 
PARAMETRIC_REPRESENTATION_CONTEXT() REPRESENTATION_CONTEXT('2D SPACE',''
  ) );
#7756 = PCURVE('',#7757,#7762);
#7757 = PLANE('',#7758);
#7758 = AXIS2_PLACEMENT_3D('',#7759,#7760,#7761);
#7759 = CARTESIAN_POINT('',(-50.22947341949,29.,73.));
#7760 = DIRECTION('',(0.,0.,1.));
#7761 = DIRECTION('',(1.,0.,-0.));
#7762 = DEFINITIONAL_REPRESENTATION('',(#7763),#7767);
#7763 = CIRCLE('',#7764,6.5);
#7764 = AXIS2_PLACEMENT_2D('',#7765,#7766);
#7765 = CARTESIAN_POINT('',(-7.105427357601E-15,0.));
#7766 = DIRECTION('',(1.,0.));
#7767 = ( GEOMETRIC_REPRESENTATION_CONTEXT(2) 
PARAMETRIC_REPRESENTATION_CONTEXT() REPRESENTATION_CONTEXT('2D SPACE',''
  ) );
#7768 = ADVANCED_FACE('',(#7769),#7757,.F.);
#7769 = FACE_BOUND('',#7770,.F.);
#7770 = EDGE_LOOP('',(#7771));
#7771 = ORIENTED_EDGE('',*,*,#7742,.T.);
#7772 = ADVANCED_FACE('',(#7773),#7729,.T.);
#7773 = FACE_BOUND('',#7774,.T.);
#7774 = EDGE_LOOP('',(#7775));
#7775 = ORIENTED_EDGE('',*,*,#7714,.T.);
#7776 = ( GEOMETRIC_REPRESENTATION_CONTEXT(3) 
GLOBAL_UNCERTAINTY_ASSIGNED_CONTEXT((#7780)) 
GLOBAL_UNIT_ASSIGNED_CONTEXT((#7777,#7778,#7779)) REPRESENTATION_CONTEXT
('Context #1','3D Context with UNIT and UNCERTAINTY') );
#7777 = ( LENGTH_UNIT() NAMED_UNIT(*) SI_UNIT(.MILLI.,.METRE.) );
#7778 = ( NAMED_UNIT(*) PLANE_ANGLE_UNIT() SI_UNIT($,.RADIAN.) );
#7779 = ( NAMED_UNIT(*) SI_UNIT($,.STERADIAN.) SOLID_ANGLE_UNIT() );
#7780 = UNCERTAINTY_MEASURE_WITH_UNIT(LENGTH_MEASURE(1.E-07),#7777,
  'distance_accuracy_value','confusion accuracy');
#7781 = CONTEXT_DEPENDENT_SHAPE_REPRESENTATION(#7782,#7784);
#7782 = ( REPRESENTATION_RELATIONSHIP('','',#7677,#10) 
REPRESENTATION_RELATIONSHIP_WITH_TRANSFORMATION(#7783) 
SHAPE_REPRESENTATION_RELATIONSHIP() );
#7783 = ITEM_DEFINED_TRANSFORMATION('','',#11,#27);
#7784 = PRODUCT_DEFINITION_SHAPE('Placement','Placement of an item',
  #7785);
#7785 = NEXT_ASSEMBLY_USAGE_OCCURRENCE('4','','',#5,#7672,$);
#7786 = PRODUCT_RELATED_PRODUCT_CATEGORY('part',$,(#7674));
#7787 = SHAPE_DEFINITION_REPRESENTATION(#7788,#7794);
#7788 = PRODUCT_DEFINITION_SHAPE('','',#7789);
#7789 = PRODUCT_DEFINITION('design','',#7790,#7793);
#7790 = PRODUCT_DEFINITION_FORMATION('','',#7791);
#7791 = PRODUCT('Open CASCADE STEP translator 7.9 1.5',
  'Open CASCADE STEP translator 7.9 1.5','',(#7792));
#7792 = PRODUCT_CONTEXT('',#2,'mechanical');
#7793 = PRODUCT_DEFINITION_CONTEXT('part definition',#2,'design');
#7794 = ADVANCED_BREP_SHAPE_REPRESENTATION('',(#11,#7795),#7893);
#7795 = MANIFOLD_SOLID_BREP('',#7796);
#7796 = CLOSED_SHELL('',(#7797,#7885,#7889));
#7797 = ADVANCED_FACE('',(#7798),#7812,.T.);
#7798 = FACE_BOUND('',#7799,.F.);
#7799 = EDGE_LOOP('',(#7800,#7830,#7857,#7858));
#7800 = ORIENTED_EDGE('',*,*,#7801,.T.);
#7801 = EDGE_CURVE('',#7802,#7804,#7806,.T.);
#7802 = VERTEX_POINT('',#7803);
#7803 = CARTESIAN_POINT('',(-43.72947341949,-29.,73.));
#7804 = VERTEX_POINT('',#7805);
#7805 = CARTESIAN_POINT('',(-43.72947341949,-29.,80.));
#7806 = SEAM_CURVE('',#7807,(#7811,#7823),.PCURVE_S1.);
#7807 = LINE('',#7808,#7809);
#7808 = CARTESIAN_POINT('',(-43.72947341949,-29.,73.));
#7809 = VECTOR('',#7810,1.);
#7810 = DIRECTION('',(0.,0.,1.));
#7811 = PCURVE('',#7812,#7817);
#7812 = CYLINDRICAL_SURFACE('',#7813,6.5);
#7813 = AXIS2_PLACEMENT_3D('',#7814,#7815,#7816);
#7814 = CARTESIAN_POINT('',(-50.22947341949,-29.,73.));
#7815 = DIRECTION('',(-0.,-0.,-1.));
#7816 = DIRECTION('',(1.,0.,0.));
#7817 = DEFINITIONAL_REPRESENTATION('',(#7818),#7822);
#7818 = LINE('',#7819,#7820);
#7819 = CARTESIAN_POINT('',(-0.,0.));
#7820 = VECTOR('',#7821,1.);
#7821 = DIRECTION('',(-0.,-1.));
#7822 = ( GEOMETRIC_REPRESENTATION_CONTEXT(2) 
PARAMETRIC_REPRESENTATION_CONTEXT() REPRESENTATION_CONTEXT('2D SPACE',''
  ) );
#7823 = PCURVE('',#7812,#7824);
#7824 = DEFINITIONAL_REPRESENTATION('',(#7825),#7829);
#7825 = LINE('',#7826,#7827);
#7826 = CARTESIAN_POINT('',(-6.28318530718,0.));
#7827 = VECTOR('',#7828,1.);
#7828 = DIRECTION('',(-0.,-1.));
#7829 = ( GEOMETRIC_REPRESENTATION_CONTEXT(2) 
PARAMETRIC_REPRESENTATION_CONTEXT() REPRESENTATION_CONTEXT('2D SPACE',''
  ) );
#7830 = ORIENTED_EDGE('',*,*,#7831,.T.);
#7831 = EDGE_CURVE('',#7804,#7804,#7832,.T.);
#7832 = SURFACE_CURVE('',#7833,(#7838,#7845),.PCURVE_S1.);
#7833 = CIRCLE('',#7834,6.5);
#7834 = AXIS2_PLACEMENT_3D('',#7835,#7836,#7837);
#7835 = CARTESIAN_POINT('',(-50.22947341949,-29.,80.));
#7836 = DIRECTION('',(0.,0.,1.));
#7837 = DIRECTION('',(1.,0.,0.));
#7838 = PCURVE('',#7812,#7839);
#7839 = DEFINITIONAL_REPRESENTATION('',(#7840),#7844);
#7840 = LINE('',#7841,#7842);
#7841 = CARTESIAN_POINT('',(-0.,-7.));
#7842 = VECTOR('',#7843,1.);
#7843 = DIRECTION('',(-1.,0.));
#7844 = ( GEOMETRIC_REPRESENTATION_CONTEXT(2) 
PARAMETRIC_REPRESENTATION_CONTEXT() REPRESENTATION_CONTEXT('2D SPACE',''
  ) );
#7845 = PCURVE('',#7846,#7851);
#7846 = PLANE('',#7847);
#7847 = AXIS2_PLACEMENT_3D('',#7848,#7849,#7850);
#7848 = CARTESIAN_POINT('',(-50.22947341949,-29.,80.));
#7849 = DIRECTION('',(0.,0.,1.));
#7850 = DIRECTION('',(1.,0.,-0.));
#7851 = DEFINITIONAL_REPRESENTATION('',(#7852),#7856);
#7852 = CIRCLE('',#7853,6.5);
#7853 = AXIS2_PLACEMENT_2D('',#7854,#7855);
#7854 = CARTESIAN_POINT('',(-7.105427357601E-15,-7.105427357601E-15));
#7855 = DIRECTION('',(1.,0.));
#7856 = ( GEOMETRIC_REPRESENTATION_CONTEXT(2) 
PARAMETRIC_REPRESENTATION_CONTEXT() REPRESENTATION_CONTEXT('2D SPACE',''
  ) );
#7857 = ORIENTED_EDGE('',*,*,#7801,.F.);
#7858 = ORIENTED_EDGE('',*,*,#7859,.F.);
#7859 = EDGE_CURVE('',#7802,#7802,#7860,.T.);
#7860 = SURFACE_CURVE('',#7861,(#7866,#7873),.PCURVE_S1.);
#7861 = CIRCLE('',#7862,6.5);
#7862 = AXIS2_PLACEMENT_3D('',#7863,#7864,#7865);
#7863 = CARTESIAN_POINT('',(-50.22947341949,-29.,73.));
#7864 = DIRECTION('',(0.,0.,1.));
#7865 = DIRECTION('',(1.,0.,0.));
#7866 = PCURVE('',#7812,#7867);
#7867 = DEFINITIONAL_REPRESENTATION('',(#7868),#7872);
#7868 = LINE('',#7869,#7870);
#7869 = CARTESIAN_POINT('',(-0.,0.));
#7870 = VECTOR('',#7871,1.);
#7871 = DIRECTION('',(-1.,0.));
#7872 = ( GEOMETRIC_REPRESENTATION_CONTEXT(2) 
PARAMETRIC_REPRESENTATION_CONTEXT() REPRESENTATION_CONTEXT('2D SPACE',''
  ) );
#7873 = PCURVE('',#7874,#7879);
#7874 = PLANE('',#7875);
#7875 = AXIS2_PLACEMENT_3D('',#7876,#7877,#7878);
#7876 = CARTESIAN_POINT('',(-50.22947341949,-29.,73.));
#7877 = DIRECTION('',(0.,0.,1.));
#7878 = DIRECTION('',(1.,0.,-0.));
#7879 = DEFINITIONAL_REPRESENTATION('',(#7880),#7884);
#7880 = CIRCLE('',#7881,6.5);
#7881 = AXIS2_PLACEMENT_2D('',#7882,#7883);
#7882 = CARTESIAN_POINT('',(-7.105427357601E-15,-7.105427357601E-15));
#7883 = DIRECTION('',(1.,0.));
#7884 = ( GEOMETRIC_REPRESENTATION_CONTEXT(2) 
PARAMETRIC_REPRESENTATION_CONTEXT() REPRESENTATION_CONTEXT('2D SPACE',''
  ) );
#7885 = ADVANCED_FACE('',(#7886),#7874,.F.);
#7886 = FACE_BOUND('',#7887,.F.);
#7887 = EDGE_LOOP('',(#7888));
#7888 = ORIENTED_EDGE('',*,*,#7859,.T.);
#7889 = ADVANCED_FACE('',(#7890),#7846,.T.);
#7890 = FACE_BOUND('',#7891,.T.);
#7891 = EDGE_LOOP('',(#7892));
#7892 = ORIENTED_EDGE('',*,*,#7831,.T.);
#7893 = ( GEOMETRIC_REPRESENTATION_CONTEXT(3) 
GLOBAL_UNCERTAINTY_ASSIGNED_CONTEXT((#7897)) 
GLOBAL_UNIT_ASSIGNED_CONTEXT((#7894,#7895,#7896)) REPRESENTATION_CONTEXT
('Context #1','3D Context with UNIT and UNCERTAINTY') );
#7894 = ( LENGTH_UNIT() NAMED_UNIT(*) SI_UNIT(.MILLI.,.METRE.) );
#7895 = ( NAMED_UNIT(*) PLANE_ANGLE_UNIT() SI_UNIT($,.RADIAN.) );
#7896 = ( NAMED_UNIT(*) SI_UNIT($,.STERADIAN.) SOLID_ANGLE_UNIT() );
#7897 = UNCERTAINTY_MEASURE_WITH_UNIT(LENGTH_MEASURE(1.E-07),#7894,
  'distance_accuracy_value','confusion accuracy');
#7898 = CONTEXT_DEPENDENT_SHAPE_REPRESENTATION(#7899,#7901);
#7899 = ( REPRESENTATION_RELATIONSHIP('','',#7794,#10) 
REPRESENTATION_RELATIONSHIP_WITH_TRANSFORMATION(#7900) 
SHAPE_REPRESENTATION_RELATIONSHIP() );
#7900 = ITEM_DEFINED_TRANSFORMATION('','',#11,#31);
#7901 = PRODUCT_DEFINITION_SHAPE('Placement','Placement of an item',
  #7902);
#7902 = NEXT_ASSEMBLY_USAGE_OCCURRENCE('5','','',#5,#7789,$);
#7903 = PRODUCT_RELATED_PRODUCT_CATEGORY('part',$,(#7791));
#7904 = SHAPE_DEFINITION_REPRESENTATION(#7905,#7911);
#7905 = PRODUCT_DEFINITION_SHAPE('','',#7906);
#7906 = PRODUCT_DEFINITION('design','',#7907,#7910);
#7907 = PRODUCT_DEFINITION_FORMATION('','',#7908);
#7908 = PRODUCT('Open CASCADE STEP translator 7.9 1.6',
  'Open CASCADE STEP translator 7.9 1.6','',(#7909));
#7909 = PRODUCT_CONTEXT('',#2,'mechanical');
#7910 = PRODUCT_DEFINITION_CONTEXT('part definition',#2,'design');
#7911 = ADVANCED_BREP_SHAPE_REPRESENTATION('',(#11,#7912),#8010);
#7912 = MANIFOLD_SOLID_BREP('',#7913);
#7913 = CLOSED_SHELL('',(#7914,#8002,#8006));
#7914 = ADVANCED_FACE('',(#7915),#7929,.T.);
#7915 = FACE_BOUND('',#7916,.F.);
#7916 = EDGE_LOOP('',(#7917,#7947,#7974,#7975));
#7917 = ORIENTED_EDGE('',*,*,#7918,.T.);
#7918 = EDGE_CURVE('',#7919,#7921,#7923,.T.);
#7919 = VERTEX_POINT('',#7920);
#7920 = CARTESIAN_POINT('',(6.5,-58.,73.));
#7921 = VERTEX_POINT('',#7922);
#7922 = CARTESIAN_POINT('',(6.5,-58.,80.));
#7923 = SEAM_CURVE('',#7924,(#7928,#7940),.PCURVE_S1.);
#7924 = LINE('',#7925,#7926);
#7925 = CARTESIAN_POINT('',(6.5,-58.,73.));
#7926 = VECTOR('',#7927,1.);
#7927 = DIRECTION('',(0.,0.,1.));
#7928 = PCURVE('',#7929,#7934);
#7929 = CYLINDRICAL_SURFACE('',#7930,6.5);
#7930 = AXIS2_PLACEMENT_3D('',#7931,#7932,#7933);
#7931 = CARTESIAN_POINT('',(-1.065442715258E-14,-58.,73.));
#7932 = DIRECTION('',(-0.,-0.,-1.));
#7933 = DIRECTION('',(1.,0.,0.));
#7934 = DEFINITIONAL_REPRESENTATION('',(#7935),#7939);
#7935 = LINE('',#7936,#7937);
#7936 = CARTESIAN_POINT('',(-0.,0.));
#7937 = VECTOR('',#7938,1.);
#7938 = DIRECTION('',(-0.,-1.));
#7939 = ( GEOMETRIC_REPRESENTATION_CONTEXT(2) 
PARAMETRIC_REPRESENTATION_CONTEXT() REPRESENTATION_CONTEXT('2D SPACE',''
  ) );
#7940 = PCURVE('',#7929,#7941);
#7941 = DEFINITIONAL_REPRESENTATION('',(#7942),#7946);
#7942 = LINE('',#7943,#7944);
#7943 = CARTESIAN_POINT('',(-6.28318530718,0.));
#7944 = VECTOR('',#7945,1.);
#7945 = DIRECTION('',(-0.,-1.));
#7946 = ( GEOMETRIC_REPRESENTATION_CONTEXT(2) 
PARAMETRIC_REPRESENTATION_CONTEXT() REPRESENTATION_CONTEXT('2D SPACE',''
  ) );
#7947 = ORIENTED_EDGE('',*,*,#7948,.T.);
#7948 = EDGE_CURVE('',#7921,#7921,#7949,.T.);
#7949 = SURFACE_CURVE('',#7950,(#7955,#7962),.PCURVE_S1.);
#7950 = CIRCLE('',#7951,6.5);
#7951 = AXIS2_PLACEMENT_3D('',#7952,#7953,#7954);
#7952 = CARTESIAN_POINT('',(-1.065442715258E-14,-58.,80.));
#7953 = DIRECTION('',(0.,0.,1.));
#7954 = DIRECTION('',(1.,0.,0.));
#7955 = PCURVE('',#7929,#7956);
#7956 = DEFINITIONAL_REPRESENTATION('',(#7957),#7961);
#7957 = LINE('',#7958,#7959);
#7958 = CARTESIAN_POINT('',(-0.,-7.));
#7959 = VECTOR('',#7960,1.);
#7960 = DIRECTION('',(-1.,0.));
#7961 = ( GEOMETRIC_REPRESENTATION_CONTEXT(2) 
PARAMETRIC_REPRESENTATION_CONTEXT() REPRESENTATION_CONTEXT('2D SPACE',''
  ) );
#7962 = PCURVE('',#7963,#7968);
#7963 = PLANE('',#7964);
#7964 = AXIS2_PLACEMENT_3D('',#7965,#7966,#7967);
#7965 = CARTESIAN_POINT('',(-1.05187702503E-14,-58.,80.));
#7966 = DIRECTION('',(0.,0.,1.));
#7967 = DIRECTION('',(1.,0.,-0.));
#7968 = DEFINITIONAL_REPRESENTATION('',(#7969),#7973);
#7969 = CIRCLE('',#7970,6.5);
#7970 = AXIS2_PLACEMENT_2D('',#7971,#7972);
#7971 = CARTESIAN_POINT('',(-1.356569022787E-16,0.));
#7972 = DIRECTION('',(1.,0.));
#7973 = ( GEOMETRIC_REPRESENTATION_CONTEXT(2) 
PARAMETRIC_REPRESENTATION_CONTEXT() REPRESENTATION_CONTEXT('2D SPACE',''
  ) );
#7974 = ORIENTED_EDGE('',*,*,#7918,.F.);
#7975 = ORIENTED_EDGE('',*,*,#7976,.F.);
#7976 = EDGE_CURVE('',#7919,#7919,#7977,.T.);
#7977 = SURFACE_CURVE('',#7978,(#7983,#7990),.PCURVE_S1.);
#7978 = CIRCLE('',#7979,6.5);
#7979 = AXIS2_PLACEMENT_3D('',#7980,#7981,#7982);
#7980 = CARTESIAN_POINT('',(-1.065442715258E-14,-58.,73.));
#7981 = DIRECTION('',(0.,0.,1.));
#7982 = DIRECTION('',(1.,0.,0.));
#7983 = PCURVE('',#7929,#7984);
#7984 = DEFINITIONAL_REPRESENTATION('',(#7985),#7989);
#7985 = LINE('',#7986,#7987);
#7986 = CARTESIAN_POINT('',(-0.,0.));
#7987 = VECTOR('',#7988,1.);
#7988 = DIRECTION('',(-1.,0.));
#7989 = ( GEOMETRIC_REPRESENTATION_CONTEXT(2) 
PARAMETRIC_REPRESENTATION_CONTEXT() REPRESENTATION_CONTEXT('2D SPACE',''
  ) );
#7990 = PCURVE('',#7991,#7996);
#7991 = PLANE('',#7992);
#7992 = AXIS2_PLACEMENT_3D('',#7993,#7994,#7995);
#7993 = CARTESIAN_POINT('',(-1.05187702503E-14,-58.,73.));
#7994 = DIRECTION('',(0.,0.,1.));
#7995 = DIRECTION('',(1.,0.,-0.));
#7996 = DEFINITIONAL_REPRESENTATION('',(#7997),#8001);
#7997 = CIRCLE('',#7998,6.5);
#7998 = AXIS2_PLACEMENT_2D('',#7999,#8000);
#7999 = CARTESIAN_POINT('',(-1.356569022787E-16,0.));
#8000 = DIRECTION('',(1.,0.));
#8001 = ( GEOMETRIC_REPRESENTATION_CONTEXT(2) 
PARAMETRIC_REPRESENTATION_CONTEXT() REPRESENTATION_CONTEXT('2D SPACE',''
  ) );
#8002 = ADVANCED_FACE('',(#8003),#7991,.F.);
#8003 = FACE_BOUND('',#8004,.F.);
#8004 = EDGE_LOOP('',(#8005));
#8005 = ORIENTED_EDGE('',*,*,#7976,.T.);
#8006 = ADVANCED_FACE('',(#8007),#7963,.T.);
#8007 = FACE_BOUND('',#8008,.T.);
#8008 = EDGE_LOOP('',(#8009));
#8009 = ORIENTED_EDGE('',*,*,#7948,.T.);
#8010 = ( GEOMETRIC_REPRESENTATION_CONTEXT(3) 
GLOBAL_UNCERTAINTY_ASSIGNED_CONTEXT((#8014)) 
GLOBAL_UNIT_ASSIGNED_CONTEXT((#8011,#8012,#8013)) REPRESENTATION_CONTEXT
('Context #1','3D Context with UNIT and UNCERTAINTY') );
#8011 = ( LENGTH_UNIT() NAMED_UNIT(*) SI_UNIT(.MILLI.,.METRE.) );
#8012 = ( NAMED_UNIT(*) PLANE_ANGLE_UNIT() SI_UNIT($,.RADIAN.) );
#8013 = ( NAMED_UNIT(*) SI_UNIT($,.STERADIAN.) SOLID_ANGLE_UNIT() );
#8014 = UNCERTAINTY_MEASURE_WITH_UNIT(LENGTH_MEASURE(1.E-07),#8011,
  'distance_accuracy_value','confusion accuracy');
#8015 = CONTEXT_DEPENDENT_SHAPE_REPRESENTATION(#8016,#8018);
#8016 = ( REPRESENTATION_RELATIONSHIP('','',#7911,#10) 
REPRESENTATION_RELATIONSHIP_WITH_TRANSFORMATION(#8017) 
SHAPE_REPRESENTATION_RELATIONSHIP() );
#8017 = ITEM_DEFINED_TRANSFORMATION('','',#11,#35);
#8018 = PRODUCT_DEFINITION_SHAPE('Placement','Placement of an item',
  #8019);
#8019 = NEXT_ASSEMBLY_USAGE_OCCURRENCE('6','','',#5,#7906,$);
#8020 = PRODUCT_RELATED_PRODUCT_CATEGORY('part',$,(#7908));
#8021 = SHAPE_DEFINITION_REPRESENTATION(#8022,#8028);
#8022 = PRODUCT_DEFINITION_SHAPE('','',#8023);
#8023 = PRODUCT_DEFINITION('design','',#8024,#8027);
#8024 = PRODUCT_DEFINITION_FORMATION('','',#8025);
#8025 = PRODUCT('Open CASCADE STEP translator 7.9 1.7',
  'Open CASCADE STEP translator 7.9 1.7','',(#8026));
#8026 = PRODUCT_CONTEXT('',#2,'mechanical');
#8027 = PRODUCT_DEFINITION_CONTEXT('part definition',#2,'design');
#8028 = ADVANCED_BREP_SHAPE_REPRESENTATION('',(#11,#8029),#8127);
#8029 = MANIFOLD_SOLID_BREP('',#8030);
#8030 = CLOSED_SHELL('',(#8031,#8119,#8123));
#8031 = ADVANCED_FACE('',(#8032),#8046,.T.);
#8032 = FACE_BOUND('',#8033,.F.);
#8033 = EDGE_LOOP('',(#8034,#8064,#8091,#8092));
#8034 = ORIENTED_EDGE('',*,*,#8035,.T.);
#8035 = EDGE_CURVE('',#8036,#8038,#8040,.T.);
#8036 = VERTEX_POINT('',#8037);
#8037 = CARTESIAN_POINT('',(56.729473419497,-29.,73.));
#8038 = VERTEX_POINT('',#8039);
#8039 = CARTESIAN_POINT('',(56.729473419497,-29.,80.));
#8040 = SEAM_CURVE('',#8041,(#8045,#8057),.PCURVE_S1.);
#8041 = LINE('',#8042,#8043);
#8042 = CARTESIAN_POINT('',(56.729473419497,-29.,73.));
#8043 = VECTOR('',#8044,1.);
#8044 = DIRECTION('',(0.,0.,1.));
#8045 = PCURVE('',#8046,#8051);
#8046 = CYLINDRICAL_SURFACE('',#8047,6.5);
#8047 = AXIS2_PLACEMENT_3D('',#8048,#8049,#8050);
#8048 = CARTESIAN_POINT('',(50.229473419497,-29.,73.));
#8049 = DIRECTION('',(-0.,-0.,-1.));
#8050 = DIRECTION('',(1.,0.,0.));
#8051 = DEFINITIONAL_REPRESENTATION('',(#8052),#8056);
#8052 = LINE('',#8053,#8054);
#8053 = CARTESIAN_POINT('',(-0.,0.));
#8054 = VECTOR('',#8055,1.);
#8055 = DIRECTION('',(-0.,-1.));
#8056 = ( GEOMETRIC_REPRESENTATION_CONTEXT(2) 
PARAMETRIC_REPRESENTATION_CONTEXT() REPRESENTATION_CONTEXT('2D SPACE',''
  ) );
#8057 = PCURVE('',#8046,#8058);
#8058 = DEFINITIONAL_REPRESENTATION('',(#8059),#8063);
#8059 = LINE('',#8060,#8061);
#8060 = CARTESIAN_POINT('',(-6.28318530718,0.));
#8061 = VECTOR('',#8062,1.);
#8062 = DIRECTION('',(-0.,-1.));
#8063 = ( GEOMETRIC_REPRESENTATION_CONTEXT(2) 
PARAMETRIC_REPRESENTATION_CONTEXT() REPRESENTATION_CONTEXT('2D SPACE',''
  ) );
#8064 = ORIENTED_EDGE('',*,*,#8065,.T.);
#8065 = EDGE_CURVE('',#8038,#8038,#8066,.T.);
#8066 = SURFACE_CURVE('',#8067,(#8072,#8079),.PCURVE_S1.);
#8067 = CIRCLE('',#8068,6.5);
#8068 = AXIS2_PLACEMENT_3D('',#8069,#8070,#8071);
#8069 = CARTESIAN_POINT('',(50.229473419497,-29.,80.));
#8070 = DIRECTION('',(0.,0.,1.));
#8071 = DIRECTION('',(1.,0.,0.));
#8072 = PCURVE('',#8046,#8073);
#8073 = DEFINITIONAL_REPRESENTATION('',(#8074),#8078);
#8074 = LINE('',#8075,#8076);
#8075 = CARTESIAN_POINT('',(-0.,-7.));
#8076 = VECTOR('',#8077,1.);
#8077 = DIRECTION('',(-1.,0.));
#8078 = ( GEOMETRIC_REPRESENTATION_CONTEXT(2) 
PARAMETRIC_REPRESENTATION_CONTEXT() REPRESENTATION_CONTEXT('2D SPACE',''
  ) );
#8079 = PCURVE('',#8080,#8085);
#8080 = PLANE('',#8081);
#8081 = AXIS2_PLACEMENT_3D('',#8082,#8083,#8084);
#8082 = CARTESIAN_POINT('',(50.229473419497,-29.,80.));
#8083 = DIRECTION('',(0.,0.,1.));
#8084 = DIRECTION('',(1.,0.,-0.));
#8085 = DEFINITIONAL_REPRESENTATION('',(#8086),#8090);
#8086 = CIRCLE('',#8087,6.5);
#8087 = AXIS2_PLACEMENT_2D('',#8088,#8089);
#8088 = CARTESIAN_POINT('',(0.,-3.552713678801E-15));
#8089 = DIRECTION('',(1.,0.));
#8090 = ( GEOMETRIC_REPRESENTATION_CONTEXT(2) 
PARAMETRIC_REPRESENTATION_CONTEXT() REPRESENTATION_CONTEXT('2D SPACE',''
  ) );
#8091 = ORIENTED_EDGE('',*,*,#8035,.F.);
#8092 = ORIENTED_EDGE('',*,*,#8093,.F.);
#8093 = EDGE_CURVE('',#8036,#8036,#8094,.T.);
#8094 = SURFACE_CURVE('',#8095,(#8100,#8107),.PCURVE_S1.);
#8095 = CIRCLE('',#8096,6.5);
#8096 = AXIS2_PLACEMENT_3D('',#8097,#8098,#8099);
#8097 = CARTESIAN_POINT('',(50.229473419497,-29.,73.));
#8098 = DIRECTION('',(0.,0.,1.));
#8099 = DIRECTION('',(1.,0.,0.));
#8100 = PCURVE('',#8046,#8101);
#8101 = DEFINITIONAL_REPRESENTATION('',(#8102),#8106);
#8102 = LINE('',#8103,#8104);
#8103 = CARTESIAN_POINT('',(-0.,0.));
#8104 = VECTOR('',#8105,1.);
#8105 = DIRECTION('',(-1.,0.));
#8106 = ( GEOMETRIC_REPRESENTATION_CONTEXT(2) 
PARAMETRIC_REPRESENTATION_CONTEXT() REPRESENTATION_CONTEXT('2D SPACE',''
  ) );
#8107 = PCURVE('',#8108,#8113);
#8108 = PLANE('',#8109);
#8109 = AXIS2_PLACEMENT_3D('',#8110,#8111,#8112);
#8110 = CARTESIAN_POINT('',(50.229473419497,-29.,73.));
#8111 = DIRECTION('',(0.,0.,1.));
#8112 = DIRECTION('',(1.,0.,-0.));
#8113 = DEFINITIONAL_REPRESENTATION('',(#8114),#8118);
#8114 = CIRCLE('',#8115,6.5);
#8115 = AXIS2_PLACEMENT_2D('',#8116,#8117);
#8116 = CARTESIAN_POINT('',(0.,-3.552713678801E-15));
#8117 = DIRECTION('',(1.,0.));
#8118 = ( GEOMETRIC_REPRESENTATION_CONTEXT(2) 
PARAMETRIC_REPRESENTATION_CONTEXT() REPRESENTATION_CONTEXT('2D SPACE',''
  ) );
#8119 = ADVANCED_FACE('',(#8120),#8108,.F.);
#8120 = FACE_BOUND('',#8121,.F.);
#8121 = EDGE_LOOP('',(#8122));
#8122 = ORIENTED_EDGE('',*,*,#8093,.T.);
#8123 = ADVANCED_FACE('',(#8124),#8080,.T.);
#8124 = FACE_BOUND('',#8125,.T.);
#8125 = EDGE_LOOP('',(#8126));
#8126 = ORIENTED_EDGE('',*,*,#8065,.T.);
#8127 = ( GEOMETRIC_REPRESENTATION_CONTEXT(3) 
GLOBAL_UNCERTAINTY_ASSIGNED_CONTEXT((#8131)) 
GLOBAL_UNIT_ASSIGNED_CONTEXT((#8128,#8129,#8130)) REPRESENTATION_CONTEXT
('Context #1','3D Context with UNIT and UNCERTAINTY') );
#8128 = ( LENGTH_UNIT() NAMED_UNIT(*) SI_UNIT(.MILLI.,.METRE.) );
#8129 = ( NAMED_UNIT(*) PLANE_ANGLE_UNIT() SI_UNIT($,.RADIAN.) );
#8130 = ( NAMED_UNIT(*) SI_UNIT($,.STERADIAN.) SOLID_ANGLE_UNIT() );
#8131 = UNCERTAINTY_MEASURE_WITH_UNIT(LENGTH_MEASURE(1.E-07),#8128,
  'distance_accuracy_value','confusion accuracy');
#8132 = CONTEXT_DEPENDENT_SHAPE_REPRESENTATION(#8133,#8135);
#8133 = ( REPRESENTATION_RELATIONSHIP('','',#8028,#10) 
REPRESENTATION_RELATIONSHIP_WITH_TRANSFORMATION(#8134) 
SHAPE_REPRESENTATION_RELATIONSHIP() );
#8134 = ITEM_DEFINED_TRANSFORMATION('','',#11,#39);
#8135 = PRODUCT_DEFINITION_SHAPE('Placement','Placement of an item',
  #8136);
#8136 = NEXT_ASSEMBLY_USAGE_OCCURRENCE('7','','',#5,#8023,$);
#8137 = PRODUCT_RELATED_PRODUCT_CATEGORY('part',$,(#8025));
ENDSEC;
END-ISO-10303-21;
